timestamp,cpu_pct,mem_pct,req_per_sec,error_rate,is_anomaly
2025-10-01T00:00:00,24.23,48.02,175.5,0.184,0
2025-10-01T00:01:00,24.31,47.52,174.5,0.199,0
2025-10-01T00:02:00,26.18,47.37,146.7,0.243,0
2025-10-01T00:03:00,25.71,49.77,204.8,0.179,0
2025-10-01T00:04:00,25.92,46.91,190.4,0.168,0
2025-10-01T00:05:00,26.9,48.16,185.1,0.171,0
2025-10-01T00:06:00,23.14,45.52,173.1,0.195,0
2025-10-01T00:07:00,26.24,49.91,164.4,0.219,0
2025-10-01T00:08:00,22.58,47.49,188.5,0.126,0
2025-10-01T00:09:00,21.73,45.9,202.9,0.143,0
2025-10-01T00:10:00,26.49,46.88,150.7,0.241,0
2025-10-01T00:11:00,24.15,47.04,163.3,0.126,0
2025-10-01T00:12:00,26.85,45.78,170.9,0.137,0
2025-10-01T00:13:00,19.47,48.04,201.3,0.181,0
2025-10-01T00:14:00,29.33,48.16,142.0,0.074,0
2025-10-01T00:15:00,24.36,48.93,177.9,0.191,0
2025-10-01T00:16:00,25.74,47.87,211.9,0.231,0
2025-10-01T00:17:00,25.04,48.99,185.7,0.185,0
2025-10-01T00:18:00,19.08,45.73,196.8,0.109,0
2025-10-01T00:19:00,22.56,47.96,217.6,0.116,0
2025-10-01T00:20:00,25.97,48.3,182.4,0.257,0
2025-10-01T00:21:00,24.98,47.18,163.2,0.223,0
2025-10-01T00:22:00,29.4,46.11,152.4,0.193,0
2025-10-01T00:23:00,31.06,48.43,187.6,0.1,0
2025-10-01T00:24:00,22.64,48.26,202.6,0.243,0
2025-10-01T00:25:00,26.87,47.56,189.5,0.239,0
2025-10-01T00:26:00,26.72,47.0,195.3,0.228,0
2025-10-01T00:27:00,27.91,45.04,189.1,0.231,0
2025-10-01T00:28:00,23.99,47.77,216.7,0.072,0
2025-10-01T00:29:00,23.74,47.09,194.7,0.227,0
2025-10-01T00:30:00,25.85,45.96,228.6,0.218,0
2025-10-01T00:31:00,27.27,48.99,204.2,0.21,0
2025-10-01T00:32:00,28.03,44.66,178.7,0.248,0
2025-10-01T00:33:00,25.51,44.56,183.2,0.156,0
2025-10-01T00:34:00,28.28,41.63,201.8,0.128,0
2025-10-01T00:35:00,24.86,45.57,161.4,0.195,0
2025-10-01T00:36:00,27.39,47.28,178.2,0.277,0
2025-10-01T00:37:00,18.33,48.53,229.7,0.191,0
2025-10-01T00:38:00,25.4,48.41,184.4,0.232,0
2025-10-01T00:39:00,29.66,44.75,151.1,0.209,0
2025-10-01T00:40:00,28.8,48.49,209.5,0.153,0
2025-10-01T00:41:00,23.14,47.17,184.4,0.156,0
2025-10-01T00:42:00,27.96,46.64,140.6,0.27,0
2025-10-01T00:43:00,25.75,47.91,205.2,0.288,0
2025-10-01T00:44:00,28.41,49.97,209.0,0.191,0
2025-10-01T00:45:00,23.48,46.68,233.0,0.212,0
2025-10-01T00:46:00,18.11,46.23,142.9,0.241,0
2025-10-01T00:47:00,25.55,48.48,176.0,0.236,0
2025-10-01T00:48:00,24.82,49.08,209.8,0.28,0
2025-10-01T00:49:00,21.17,47.69,197.2,0.17,0
2025-10-01T00:50:00,21.3,46.97,176.2,0.199,0
2025-10-01T00:51:00,25.11,47.16,183.7,0.171,0
2025-10-01T00:52:00,24.41,44.48,168.9,0.254,0
2025-10-01T00:53:00,25.3,46.07,166.0,0.186,0
2025-10-01T00:54:00,25.5,44.64,148.7,0.168,0
2025-10-01T00:55:00,21.13,47.96,156.1,0.198,0
2025-10-01T00:56:00,21.46,47.73,132.8,0.216,0
2025-10-01T00:57:00,30.11,43.66,178.5,0.264,0
2025-10-01T00:58:00,25.87,46.08,195.6,0.237,0
2025-10-01T00:59:00,25.07,47.78,163.0,0.123,0
2025-10-01T01:00:00,28.2,49.89,178.2,0.177,0
2025-10-01T01:01:00,27.58,46.99,203.4,0.185,0
2025-10-01T01:02:00,31.17,47.03,195.3,0.245,0
2025-10-01T01:03:00,60.54,48.39,27.1,5.475,1
2025-10-01T01:04:00,23.46,49.71,176.8,0.199,0
2025-10-01T01:05:00,27.42,42.09,196.5,0.224,0
2025-10-01T01:06:00,25.94,45.71,198.5,0.238,0
2025-10-01T01:07:00,26.49,45.87,210.6,0.29,0
2025-10-01T01:08:00,25.11,46.45,212.7,0.227,0
2025-10-01T01:09:00,31.87,49.35,160.2,0.133,0
2025-10-01T01:10:00,26.2,46.69,198.4,0.158,0
2025-10-01T01:11:00,19.03,45.78,182.9,0.226,0
2025-10-01T01:12:00,25.62,48.23,187.5,0.214,0
2025-10-01T01:13:00,24.54,48.85,185.1,0.159,0
2025-10-01T01:14:00,66.38,48.93,115.5,5.96,1
2025-10-01T01:15:00,18.59,48.01,213.1,0.257,0
2025-10-01T01:16:00,19.82,47.39,165.5,0.237,0
2025-10-01T01:17:00,28.24,47.07,199.6,0.132,0
2025-10-01T01:18:00,23.22,48.31,194.0,0.209,0
2025-10-01T01:19:00,25.38,45.74,188.4,0.218,0
2025-10-01T01:20:00,28.58,45.11,181.1,0.236,0
2025-10-01T01:21:00,23.81,47.57,169.4,0.213,0
2025-10-01T01:22:00,29.23,46.84,185.9,0.33,0
2025-10-01T01:23:00,25.42,47.35,167.4,0.238,0
2025-10-01T01:24:00,26.59,49.53,199.7,0.201,0
2025-10-01T01:25:00,24.8,47.62,201.0,0.206,0
2025-10-01T01:26:00,22.35,46.02,184.2,0.127,0
2025-10-01T01:27:00,27.67,45.9,157.5,0.328,0
2025-10-01T01:28:00,24.81,44.44,220.6,0.226,0
2025-10-01T01:29:00,22.11,44.94,188.3,0.175,0
2025-10-01T01:30:00,19.82,47.17,196.7,0.112,0
2025-10-01T01:31:00,29.07,45.38,179.0,0.166,0
2025-10-01T01:32:00,27.41,48.68,214.1,0.258,0
2025-10-01T01:33:00,63.54,45.25,200.3,6.889,1
2025-10-01T01:34:00,21.22,46.63,214.0,0.233,0
2025-10-01T01:35:00,27.61,47.98,182.3,0.166,0
2025-10-01T01:36:00,28.97,46.92,167.2,0.238,0
2025-10-01T01:37:00,25.95,44.52,179.1,0.184,0
2025-10-01T01:38:00,51.6,50.57,260.6,4.605,1
2025-10-01T01:39:00,23.91,44.47,178.0,0.258,0
2025-10-01T01:40:00,24.04,47.48,194.6,0.179,0
2025-10-01T01:41:00,26.03,47.13,148.3,0.224,0
2025-10-01T01:42:00,23.26,47.77,196.1,0.317,0
2025-10-01T01:43:00,24.07,46.73,135.2,0.181,0
2025-10-01T01:44:00,27.04,45.12,207.7,0.149,0
2025-10-01T01:45:00,28.28,45.89,185.8,0.201,0
2025-10-01T01:46:00,23.09,47.79,195.7,0.236,0
2025-10-01T01:47:00,25.61,47.17,184.3,0.104,0
2025-10-01T01:48:00,29.75,45.86,197.6,0.176,0
2025-10-01T01:49:00,16.91,51.84,168.1,0.175,0
2025-10-01T01:50:00,25.36,47.89,214.5,0.257,0
2025-10-01T01:51:00,27.6,46.68,181.7,0.26,0
2025-10-01T01:52:00,20.26,50.85,211.4,0.139,0
2025-10-01T01:53:00,31.61,44.81,153.7,0.176,0
2025-10-01T01:54:00,25.15,45.1,184.6,0.128,0
2025-10-01T01:55:00,32.05,48.66,199.8,0.241,0
2025-10-01T01:56:00,24.06,50.4,199.4,0.194,0
2025-10-01T01:57:00,24.31,49.7,174.6,0.219,0
2025-10-01T01:58:00,27.22,51.47,170.0,0.201,0
2025-10-01T01:59:00,28.79,47.22,192.4,0.225,0
2025-10-01T02:00:00,26.29,48.8,197.1,0.239,0
2025-10-01T02:01:00,30.8,45.91,178.4,0.227,0
2025-10-01T02:02:00,25.06,49.34,211.0,0.215,0
2025-10-01T02:03:00,29.51,49.75,168.7,0.128,0
2025-10-01T02:04:00,26.71,49.57,178.5,0.232,0
2025-10-01T02:05:00,30.55,44.77,201.1,0.202,0
2025-10-01T02:06:00,29.7,46.69,195.8,0.2,0
2025-10-01T02:07:00,32.03,46.41,229.0,0.094,0
2025-10-01T02:08:00,28.35,48.8,166.1,0.189,0
2025-10-01T02:09:00,26.24,45.23,198.1,0.145,0
2025-10-01T02:10:00,32.09,48.93,201.0,0.312,0
2025-10-01T02:11:00,26.49,49.06,195.8,0.271,0
2025-10-01T02:12:00,27.88,48.57,169.9,0.19,0
2025-10-01T02:13:00,27.68,50.75,213.0,0.203,0
2025-10-01T02:14:00,31.18,47.34,213.0,0.162,0
2025-10-01T02:15:00,27.15,53.16,191.3,0.159,0
2025-10-01T02:16:00,22.52,48.1,182.6,0.219,0
2025-10-01T02:17:00,28.93,47.42,213.8,0.21,0
2025-10-01T02:18:00,26.19,46.86,205.6,0.122,0
2025-10-01T02:19:00,29.21,53.16,182.1,0.286,0
2025-10-01T02:20:00,27.91,51.4,182.3,0.318,0
2025-10-01T02:21:00,27.83,49.38,170.4,0.237,0
2025-10-01T02:22:00,28.83,49.66,208.6,0.332,0
2025-10-01T02:23:00,28.01,48.3,162.6,0.266,0
2025-10-01T02:24:00,25.88,41.18,212.3,0.181,0
2025-10-01T02:25:00,31.58,46.77,225.0,0.215,0
2025-10-01T02:26:00,25.12,49.35,196.8,0.203,0
2025-10-01T02:27:00,22.55,52.08,232.9,0.291,0
2025-10-01T02:28:00,23.55,50.98,205.4,0.152,0
2025-10-01T02:29:00,24.15,48.39,207.5,0.184,0
2025-10-01T02:30:00,27.6,47.77,165.1,0.249,0
2025-10-01T02:31:00,27.78,48.21,237.6,0.243,0
2025-10-01T02:32:00,26.9,43.79,187.6,0.234,0
2025-10-01T02:33:00,25.27,47.03,192.4,0.157,0
2025-10-01T02:34:00,32.04,48.15,220.6,0.164,0
2025-10-01T02:35:00,29.17,48.29,146.6,0.219,0
2025-10-01T02:36:00,25.28,49.07,175.0,0.225,0
2025-10-01T02:37:00,29.22,51.36,193.4,0.107,0
2025-10-01T02:38:00,24.92,46.96,188.1,0.243,0
2025-10-01T02:39:00,28.76,48.7,196.4,0.162,0
2025-10-01T02:40:00,30.73,48.61,170.4,0.325,0
2025-10-01T02:41:00,29.36,47.95,203.9,0.211,0
2025-10-01T02:42:00,26.19,45.96,198.1,0.252,0
2025-10-01T02:43:00,24.72,45.12,213.0,0.139,0
2025-10-01T02:44:00,28.36,46.67,178.4,0.18,0
2025-10-01T02:45:00,27.72,49.5,196.4,0.229,0
2025-10-01T02:46:00,24.66,47.23,146.4,0.295,0
2025-10-01T02:47:00,27.65,51.68,161.1,0.074,0
2025-10-01T02:48:00,21.53,48.66,220.0,0.107,0
2025-10-01T02:49:00,26.6,49.04,216.0,0.325,0
2025-10-01T02:50:00,29.63,47.25,210.6,0.159,0
2025-10-01T02:51:00,28.27,43.32,217.3,0.242,0
2025-10-01T02:52:00,27.59,49.95,204.6,0.226,0
2025-10-01T02:53:00,23.48,46.37,196.9,0.207,0
2025-10-01T02:54:00,26.17,46.92,190.9,0.231,0
2025-10-01T02:55:00,25.97,47.86,212.2,0.23,0
2025-10-01T02:56:00,26.17,47.4,212.0,0.266,0
2025-10-01T02:57:00,26.48,49.75,212.6,0.187,0
2025-10-01T02:58:00,25.07,49.69,240.5,0.073,0
2025-10-01T02:59:00,28.59,51.12,196.7,0.205,0
2025-10-01T03:00:00,24.46,51.05,180.7,0.258,0
2025-10-01T03:01:00,29.66,49.64,188.0,0.177,0
2025-10-01T03:02:00,32.94,50.82,198.8,0.243,0
2025-10-01T03:03:00,28.64,51.72,223.7,0.189,0
2025-10-01T03:04:00,32.04,44.43,218.5,0.225,0
2025-10-01T03:05:00,32.8,48.99,258.3,0.238,0
2025-10-01T03:06:00,32.84,47.77,220.5,0.174,0
2025-10-01T03:07:00,29.93,51.35,236.5,0.123,0
2025-10-01T03:08:00,30.0,51.32,195.6,0.194,0
2025-10-01T03:09:00,29.48,52.56,219.8,0.191,0
2025-10-01T03:10:00,29.43,48.79,220.4,0.179,0
2025-10-01T03:11:00,25.39,48.47,207.9,0.249,0
2025-10-01T03:12:00,25.46,50.66,194.9,0.218,0
2025-10-01T03:13:00,26.84,47.77,218.3,0.285,0
2025-10-01T03:14:00,27.57,49.67,205.8,0.204,0
2025-10-01T03:15:00,28.2,49.71,192.8,0.221,0
2025-10-01T03:16:00,28.58,48.72,211.6,0.114,0
2025-10-01T03:17:00,32.74,50.14,179.8,0.285,0
2025-10-01T03:18:00,35.62,44.13,211.0,0.109,0
2025-10-01T03:19:00,32.86,49.08,258.0,0.17,0
2025-10-01T03:20:00,31.05,44.86,232.2,0.219,0
2025-10-01T03:21:00,32.86,52.92,209.4,0.291,0
2025-10-01T03:22:00,22.65,49.28,219.2,0.238,0
2025-10-01T03:23:00,29.05,49.84,220.1,0.227,0
2025-10-01T03:24:00,26.67,45.5,232.3,0.276,0
2025-10-01T03:25:00,25.21,48.8,189.3,0.278,0
2025-10-01T03:26:00,23.95,47.35,265.0,0.296,0
2025-10-01T03:27:00,25.17,51.55,209.5,0.352,0
2025-10-01T03:28:00,26.13,51.96,203.5,0.211,0
2025-10-01T03:29:00,34.69,50.45,214.5,0.271,0
2025-10-01T03:30:00,25.59,47.83,214.7,0.203,0
2025-10-01T03:31:00,31.85,51.58,193.3,0.225,0
2025-10-01T03:32:00,62.95,50.4,187.7,3.723,1
2025-10-01T03:33:00,30.03,51.96,203.7,0.182,0
2025-10-01T03:34:00,27.8,49.51,228.9,0.186,0
2025-10-01T03:35:00,32.92,50.96,239.3,0.137,0
2025-10-01T03:36:00,29.35,49.65,199.4,0.149,0
2025-10-01T03:37:00,27.41,47.63,245.2,0.169,0
2025-10-01T03:38:00,30.13,49.0,195.1,0.19,0
2025-10-01T03:39:00,34.26,50.59,240.4,0.205,0
2025-10-01T03:40:00,30.65,50.38,196.6,0.163,0
2025-10-01T03:41:00,30.11,48.2,209.0,0.239,0
2025-10-01T03:42:00,33.42,47.1,214.7,0.194,0
2025-10-01T03:43:00,29.29,47.11,214.0,0.145,0
2025-10-01T03:44:00,31.11,50.24,232.7,0.211,0
2025-10-01T03:45:00,27.43,45.71,211.4,0.162,0
2025-10-01T03:46:00,24.53,50.72,199.6,0.194,0
2025-10-01T03:47:00,31.44,49.04,217.7,0.194,0
2025-10-01T03:48:00,29.83,52.63,246.3,0.172,0
2025-10-01T03:49:00,31.35,48.12,218.1,0.309,0
2025-10-01T03:50:00,27.83,46.57,237.5,0.193,0
2025-10-01T03:51:00,27.48,45.61,185.5,0.231,0
2025-10-01T03:52:00,28.66,50.63,209.4,0.186,0
2025-10-01T03:53:00,29.82,49.71,251.2,0.271,0
2025-10-01T03:54:00,29.85,49.72,244.8,0.22,0
2025-10-01T03:55:00,27.79,46.25,239.6,0.227,0
2025-10-01T03:56:00,31.68,45.97,220.9,0.188,0
2025-10-01T03:57:00,35.59,46.88,225.8,0.221,0
2025-10-01T03:58:00,35.08,50.18,225.9,0.134,0
2025-10-01T03:59:00,27.72,48.13,222.5,0.213,0
2025-10-01T04:00:00,33.23,52.68,236.4,0.205,0
2025-10-01T04:01:00,31.53,54.11,228.1,0.232,0
2025-10-01T04:02:00,26.64,50.91,236.3,0.192,0
2025-10-01T04:03:00,27.74,52.34,222.2,0.264,0
2025-10-01T04:04:00,33.75,54.89,271.2,0.25,0
2025-10-01T04:05:00,69.33,51.01,373.1,5.52,1
2025-10-01T04:06:00,33.9,53.14,218.3,0.277,0
2025-10-01T04:07:00,34.8,50.44,246.8,0.276,0
2025-10-01T04:08:00,35.79,52.81,270.8,0.243,0
2025-10-01T04:09:00,33.47,48.26,227.5,0.24,0
2025-10-01T04:10:00,33.48,50.46,243.5,0.193,0
2025-10-01T04:11:00,31.97,55.29,220.5,0.2,0
2025-10-01T04:12:00,32.84,53.21,207.1,0.184,0
2025-10-01T04:13:00,30.82,49.53,234.6,0.226,0
2025-10-01T04:14:00,29.91,48.2,250.4,0.247,0
2025-10-01T04:15:00,31.13,50.5,199.6,0.225,0
2025-10-01T04:16:00,33.41,52.58,228.8,0.108,0
2025-10-01T04:17:00,33.76,52.25,228.8,0.254,0
2025-10-01T04:18:00,31.58,52.14,271.9,0.187,0
2025-10-01T04:19:00,33.85,50.78,197.1,0.295,0
2025-10-01T04:20:00,32.16,48.87,249.5,0.267,0
2025-10-01T04:21:00,33.3,52.91,259.7,0.211,0
2025-10-01T04:22:00,31.27,48.79,225.0,0.159,0
2025-10-01T04:23:00,30.07,49.76,237.5,0.091,0
2025-10-01T04:24:00,28.04,49.51,227.3,0.217,0
2025-10-01T04:25:00,36.27,48.64,227.9,0.107,0
2025-10-01T04:26:00,30.42,49.29,229.1,0.265,0
2025-10-01T04:27:00,27.92,52.69,233.5,0.131,0
2025-10-01T04:28:00,29.57,52.02,225.2,0.165,0
2025-10-01T04:29:00,34.23,50.46,220.4,0.128,0
2025-10-01T04:30:00,24.38,51.35,264.3,0.215,0
2025-10-01T04:31:00,33.91,46.34,230.8,0.197,0
2025-10-01T04:32:00,27.89,50.19,211.5,0.195,0
2025-10-01T04:33:00,29.45,50.72,253.0,0.189,0
2025-10-01T04:34:00,28.53,53.12,281.5,0.3,0
2025-10-01T04:35:00,34.75,51.56,237.4,0.205,0
2025-10-01T04:36:00,28.42,52.48,230.6,0.231,0
2025-10-01T04:37:00,32.12,46.26,226.1,0.194,0
2025-10-01T04:38:00,30.89,51.87,263.8,0.263,0
2025-10-01T04:39:00,30.26,49.32,226.8,0.186,0
2025-10-01T04:40:00,29.92,53.28,255.4,0.116,0
2025-10-01T04:41:00,31.46,53.42,266.8,0.267,0
2025-10-01T04:42:00,33.9,49.73,229.1,0.227,0
2025-10-01T04:43:00,32.59,51.14,237.1,0.16,0
2025-10-01T04:44:00,31.4,53.17,214.3,0.231,0
2025-10-01T04:45:00,28.02,54.5,244.2,0.186,0
2025-10-01T04:46:00,36.86,49.05,264.0,0.273,0
2025-10-01T04:47:00,32.95,51.03,267.9,0.178,0
2025-10-01T04:48:00,33.84,51.66,243.6,0.286,0
2025-10-01T04:49:00,36.23,54.55,243.1,0.171,0
2025-10-01T04:50:00,28.44,48.8,219.2,0.108,0
2025-10-01T04:51:00,33.55,49.87,231.3,0.142,0
2025-10-01T04:52:00,26.75,52.56,225.3,0.187,0
2025-10-01T04:53:00,34.74,52.79,260.9,0.22,0
2025-10-01T04:54:00,70.8,51.13,248.3,5.515,1
2025-10-01T04:55:00,29.58,47.7,225.3,0.237,0
2025-10-01T04:56:00,36.3,52.3,236.8,0.191,0
2025-10-01T04:57:00,29.64,46.78,212.6,0.324,0
2025-10-01T04:58:00,26.13,51.41,271.1,0.217,0
2025-10-01T04:59:00,29.35,54.38,224.9,0.242,0
2025-10-01T05:00:00,36.38,51.57,249.7,0.221,0
2025-10-01T05:01:00,37.28,51.45,278.5,0.155,0
2025-10-01T05:02:00,35.63,55.28,297.7,0.189,0
2025-10-01T05:03:00,34.84,54.46,260.9,0.263,0
2025-10-01T05:04:00,36.3,52.37,261.8,0.097,0
2025-10-01T05:05:00,38.53,53.45,281.9,0.201,0
2025-10-01T05:06:00,32.71,51.08,279.6,0.094,0
2025-10-01T05:07:00,32.99,51.05,260.0,0.136,0
2025-10-01T05:08:00,37.16,55.81,236.2,0.222,0
2025-10-01T05:09:00,36.46,53.43,275.7,0.091,0
2025-10-01T05:10:00,32.33,55.66,274.8,0.137,0
2025-10-01T05:11:00,35.11,54.91,260.1,0.248,0
2025-10-01T05:12:00,37.04,52.66,263.8,0.194,0
2025-10-01T05:13:00,70.31,50.5,466.1,6.133,1
2025-10-01T05:14:00,39.5,52.66,261.0,0.212,0
2025-10-01T05:15:00,36.52,54.04,270.9,0.2,0
2025-10-01T05:16:00,41.76,56.53,303.3,0.253,0
2025-10-01T05:17:00,40.87,53.28,270.5,0.281,0
2025-10-01T05:18:00,41.04,54.0,260.0,0.104,0
2025-10-01T05:19:00,39.76,54.35,263.3,0.146,0
2025-10-01T05:20:00,73.93,58.09,146.2,7.279,1
2025-10-01T05:21:00,34.3,55.93,289.0,0.286,0
2025-10-01T05:22:00,38.79,53.63,249.8,0.176,0
2025-10-01T05:23:00,39.41,55.75,250.1,0.254,0
2025-10-01T05:24:00,33.54,53.9,279.8,0.083,0
2025-10-01T05:25:00,33.84,52.25,319.1,0.25,0
2025-10-01T05:26:00,37.38,51.34,225.6,0.115,0
2025-10-01T05:27:00,34.04,51.91,231.2,0.245,0
2025-10-01T05:28:00,34.5,50.44,297.8,0.145,0
2025-10-01T05:29:00,38.46,52.95,245.4,0.231,0
2025-10-01T05:30:00,36.79,52.55,287.2,0.121,0
2025-10-01T05:31:00,33.96,52.23,290.5,0.127,0
2025-10-01T05:32:00,38.49,51.98,290.8,0.232,0
2025-10-01T05:33:00,37.65,56.1,282.2,0.185,0
2025-10-01T05:34:00,34.64,50.92,273.1,0.237,0
2025-10-01T05:35:00,36.98,50.79,299.8,0.247,0
2025-10-01T05:36:00,36.54,55.55,302.1,0.137,0
2025-10-01T05:37:00,32.16,53.32,273.8,0.23,0
2025-10-01T05:38:00,35.26,51.12,250.3,0.18,0
2025-10-01T05:39:00,36.65,53.42,288.3,0.199,0
2025-10-01T05:40:00,32.57,50.32,283.9,0.256,0
2025-10-01T05:41:00,35.51,52.88,328.6,0.232,0
2025-10-01T05:42:00,32.25,53.15,266.4,0.287,0
2025-10-01T05:43:00,40.95,51.8,290.5,0.083,0
2025-10-01T05:44:00,38.07,53.25,272.5,0.219,0
2025-10-01T05:45:00,30.44,51.5,222.1,0.231,0
2025-10-01T05:46:00,39.84,53.99,260.9,0.215,0
2025-10-01T05:47:00,35.94,55.51,237.2,0.103,0
2025-10-01T05:48:00,33.56,54.29,296.9,0.31,0
2025-10-01T05:49:00,36.27,53.48,268.3,0.247,0
2025-10-01T05:50:00,40.84,50.78,302.6,0.226,0
2025-10-01T05:51:00,30.84,48.3,279.4,0.21,0
2025-10-01T05:52:00,40.3,51.81,260.9,0.264,0
2025-10-01T05:53:00,38.21,54.02,268.5,0.226,0
2025-10-01T05:54:00,76.55,54.22,150.3,4.234,1
2025-10-01T05:55:00,38.02,52.31,305.7,0.16,0
2025-10-01T05:56:00,38.2,54.61,306.6,0.266,0
2025-10-01T05:57:00,33.84,51.35,249.0,0.279,0
2025-10-01T05:58:00,34.96,52.13,270.2,0.217,0
2025-10-01T05:59:00,34.53,52.56,279.8,0.171,0
2025-10-01T06:00:00,41.33,56.32,309.6,0.162,0
2025-10-01T06:01:00,37.38,55.1,308.1,0.186,0
2025-10-01T06:02:00,45.97,56.48,293.2,0.17,0
2025-10-01T06:03:00,39.48,56.5,305.7,0.245,0
2025-10-01T06:04:00,46.83,54.95,313.5,0.224,0
2025-10-01T06:05:00,85.66,56.14,184.1,5.038,1
2025-10-01T06:06:00,45.67,55.05,287.4,0.195,0
2025-10-01T06:07:00,41.79,54.26,290.2,0.188,0
2025-10-01T06:08:00,40.61,51.87,302.7,0.219,0
2025-10-01T06:09:00,37.28,53.53,298.0,0.234,0
2025-10-01T06:10:00,38.56,51.47,288.3,0.183,0
2025-10-01T06:11:00,39.67,52.96,298.8,0.183,0
2025-10-01T06:12:00,80.26,58.3,470.6,5.539,1
2025-10-01T06:13:00,39.8,56.28,309.4,0.158,0
2025-10-01T06:14:00,37.22,56.95,324.2,0.202,0
2025-10-01T06:15:00,38.49,54.9,291.9,0.11,0
2025-10-01T06:16:00,37.96,57.84,275.5,0.257,0
2025-10-01T06:17:00,45.19,51.44,276.0,0.202,0
2025-10-01T06:18:00,39.4,54.9,313.9,0.193,0
2025-10-01T06:19:00,41.82,55.91,302.0,0.189,0
2025-10-01T06:20:00,39.38,53.75,326.9,0.208,0
2025-10-01T06:21:00,35.38,54.55,332.2,0.261,0
2025-10-01T06:22:00,41.48,55.29,276.4,0.202,0
2025-10-01T06:23:00,42.2,56.42,317.5,0.251,0
2025-10-01T06:24:00,42.35,57.08,299.7,0.17,0
2025-10-01T06:25:00,42.75,54.24,266.4,0.246,0
2025-10-01T06:26:00,34.34,57.9,303.1,0.155,0
2025-10-01T06:27:00,38.37,56.84,335.9,0.189,0
2025-10-01T06:28:00,42.31,51.44,322.8,0.22,0
2025-10-01T06:29:00,42.08,54.39,275.0,0.233,0
2025-10-01T06:30:00,38.88,54.85,278.4,0.224,0
2025-10-01T06:31:00,45.08,59.06,307.8,0.084,0
2025-10-01T06:32:00,42.27,51.13,304.0,0.191,0
2025-10-01T06:33:00,39.55,58.0,296.3,0.262,0
2025-10-01T06:34:00,38.35,53.95,278.8,0.193,0
2025-10-01T06:35:00,39.4,56.66,293.9,0.18,0
2025-10-01T06:36:00,43.47,54.35,297.4,0.256,0
2025-10-01T06:37:00,40.92,55.83,311.3,0.231,0
2025-10-01T06:38:00,39.47,56.45,321.4,0.233,0
2025-10-01T06:39:00,37.0,53.34,292.1,0.173,0
2025-10-01T06:40:00,36.33,55.61,282.9,0.163,0
2025-10-01T06:41:00,40.1,56.41,280.4,0.196,0
2025-10-01T06:42:00,42.79,55.14,309.5,0.172,0
2025-10-01T06:43:00,37.55,55.09,316.7,0.197,0
2025-10-01T06:44:00,40.61,55.62,314.9,0.161,0
2025-10-01T06:45:00,37.54,56.39,299.1,0.176,0
2025-10-01T06:46:00,44.75,54.17,310.2,0.237,0
2025-10-01T06:47:00,38.12,52.53,321.8,0.125,0
2025-10-01T06:48:00,39.65,51.71,301.4,0.143,0
2025-10-01T06:49:00,78.6,50.71,352.5,6.202,1
2025-10-01T06:50:00,43.8,54.4,269.6,0.243,0
2025-10-01T06:51:00,37.71,53.78,278.9,0.216,0
2025-10-01T06:52:00,39.2,56.92,281.5,0.183,0
2025-10-01T06:53:00,41.35,51.21,278.3,0.2,0
2025-10-01T06:54:00,39.44,56.06,276.5,0.17,0
2025-10-01T06:55:00,42.33,54.15,321.1,0.121,0
2025-10-01T06:56:00,40.9,57.02,302.5,0.196,0
2025-10-01T06:57:00,36.77,54.07,330.2,0.159,0
2025-10-01T06:58:00,43.62,54.97,269.8,0.192,0
2025-10-01T06:59:00,37.47,57.1,271.2,0.298,0
2025-10-01T07:00:00,42.53,56.93,316.8,0.236,0
2025-10-01T07:01:00,38.36,55.22,353.6,0.187,0
2025-10-01T07:02:00,36.8,52.37,317.5,0.251,0
2025-10-01T07:03:00,45.14,58.61,368.1,0.187,0
2025-10-01T07:04:00,48.77,59.78,317.4,0.114,0
2025-10-01T07:05:00,46.27,55.72,340.2,0.234,0
2025-10-01T07:06:00,41.95,57.03,342.7,0.264,0
2025-10-01T07:07:00,38.11,62.15,327.2,0.189,0
2025-10-01T07:08:00,44.48,55.41,330.4,0.196,0
2025-10-01T07:09:00,46.06,54.85,324.5,0.171,0
2025-10-01T07:10:00,41.65,56.55,316.2,0.151,0
2025-10-01T07:11:00,41.13,56.14,339.5,0.22,0
2025-10-01T07:12:00,44.96,57.64,342.7,0.253,0
2025-10-01T07:13:00,39.76,54.71,334.0,0.203,0
2025-10-01T07:14:00,41.78,59.92,323.7,0.224,0
2025-10-01T07:15:00,49.15,59.6,315.0,0.177,0
2025-10-01T07:16:00,43.12,57.51,351.5,0.158,0
2025-10-01T07:17:00,40.0,58.1,331.1,0.215,0
2025-10-01T07:18:00,45.48,55.69,360.7,0.145,0
2025-10-01T07:19:00,37.8,54.02,282.2,0.203,0
2025-10-01T07:20:00,40.21,59.1,334.1,0.242,0
2025-10-01T07:21:00,38.59,57.42,331.6,0.231,0
2025-10-01T07:22:00,46.99,61.99,324.6,0.262,0
2025-10-01T07:23:00,40.99,56.66,325.0,0.211,0
2025-10-01T07:24:00,45.16,55.42,331.5,0.233,0
2025-10-01T07:25:00,43.95,57.6,321.7,0.161,0
2025-10-01T07:26:00,43.52,56.22,326.4,0.294,0
2025-10-01T07:27:00,38.53,58.4,335.0,0.172,0
2025-10-01T07:28:00,43.38,55.15,344.3,0.191,0
2025-10-01T07:29:00,41.73,57.03,320.9,0.208,0
2025-10-01T07:30:00,43.45,61.35,314.7,0.175,0
2025-10-01T07:31:00,42.27,56.2,338.2,0.182,0
2025-10-01T07:32:00,41.58,56.65,333.7,0.151,0
2025-10-01T07:33:00,41.52,56.36,324.5,0.214,0
2025-10-01T07:34:00,45.45,55.65,326.1,0.18,0
2025-10-01T07:35:00,41.6,58.87,328.9,0.218,0
2025-10-01T07:36:00,44.11,58.1,327.7,0.16,0
2025-10-01T07:37:00,48.24,55.2,360.5,0.133,0
2025-10-01T07:38:00,43.76,57.55,318.4,0.133,0
2025-10-01T07:39:00,40.13,58.6,326.3,0.164,0
2025-10-01T07:40:00,41.35,59.33,335.2,0.222,0
2025-10-01T07:41:00,43.41,53.93,336.6,0.204,0
2025-10-01T07:42:00,44.7,58.68,326.9,0.21,0
2025-10-01T07:43:00,42.66,56.11,344.9,0.145,0
2025-10-01T07:44:00,85.47,59.21,273.8,7.04,1
2025-10-01T07:45:00,49.56,58.12,326.2,0.19,0
2025-10-01T07:46:00,47.95,59.35,342.1,0.307,0
2025-10-01T07:47:00,47.84,58.66,305.0,0.251,0
2025-10-01T07:48:00,43.63,57.92,350.9,0.183,0
2025-10-01T07:49:00,42.12,54.01,344.6,0.138,0
2025-10-01T07:50:00,48.26,58.11,309.5,0.226,0
2025-10-01T07:51:00,47.42,59.51,361.0,0.221,0
2025-10-01T07:52:00,43.62,59.58,359.0,0.186,0
2025-10-01T07:53:00,43.88,57.77,318.1,0.24,0
2025-10-01T07:54:00,43.28,58.08,323.1,0.128,0
2025-10-01T07:55:00,44.07,59.47,287.0,0.24,0
2025-10-01T07:56:00,41.98,61.03,347.2,0.25,0
2025-10-01T07:57:00,45.39,54.76,331.9,0.17,0
2025-10-01T07:58:00,41.17,55.78,334.9,0.106,0
2025-10-01T07:59:00,43.19,58.9,333.0,0.217,0
2025-10-01T08:00:00,49.02,61.94,350.7,0.208,0
2025-10-01T08:01:00,89.55,59.37,243.2,6.969,1
2025-10-01T08:02:00,45.78,53.52,351.2,0.191,0
2025-10-01T08:03:00,45.72,59.52,357.5,0.198,0
2025-10-01T08:04:00,44.9,56.78,386.7,0.171,0
2025-10-01T08:05:00,47.54,60.09,394.0,0.215,0
2025-10-01T08:06:00,46.95,60.23,335.0,0.126,0
2025-10-01T08:07:00,50.08,62.05,375.9,0.128,0
2025-10-01T08:08:00,49.74,62.42,351.8,0.243,0
2025-10-01T08:09:00,43.64,61.76,360.4,0.214,0
2025-10-01T08:10:00,43.65,56.33,348.0,0.096,0
2025-10-01T08:11:00,43.97,59.08,369.3,0.235,0
2025-10-01T08:12:00,51.51,60.47,371.2,0.246,0
2025-10-01T08:13:00,48.22,59.3,347.9,0.212,0
2025-10-01T08:14:00,53.25,59.07,381.6,0.131,0
2025-10-01T08:15:00,46.58,61.88,339.2,0.195,0
2025-10-01T08:16:00,43.38,60.11,379.9,0.104,0
2025-10-01T08:17:00,46.58,61.08,342.9,0.182,0
2025-10-01T08:18:00,49.78,59.9,308.3,0.233,0
2025-10-01T08:19:00,52.89,54.95,387.0,0.183,0
2025-10-01T08:20:00,51.69,60.11,347.0,0.173,0
2025-10-01T08:21:00,50.78,58.33,349.9,0.166,0
2025-10-01T08:22:00,48.04,58.69,371.3,0.27,0
2025-10-01T08:23:00,51.29,60.5,341.7,0.247,0
2025-10-01T08:24:00,43.7,58.52,352.2,0.215,0
2025-10-01T08:25:00,50.41,57.39,390.3,0.265,0
2025-10-01T08:26:00,50.55,60.38,359.8,0.258,0
2025-10-01T08:27:00,48.07,61.58,378.2,0.239,0
2025-10-01T08:28:00,50.19,59.99,379.3,0.224,0
2025-10-01T08:29:00,42.99,58.01,360.4,0.175,0
2025-10-01T08:30:00,47.25,58.09,369.6,0.156,0
2025-10-01T08:31:00,51.24,58.36,361.7,0.173,0
2025-10-01T08:32:00,49.56,59.52,357.6,0.206,0
2025-10-01T08:33:00,48.08,60.64,354.4,0.149,0
2025-10-01T08:34:00,43.1,56.2,318.8,0.157,0
2025-10-01T08:35:00,49.95,61.88,341.5,0.271,0
2025-10-01T08:36:00,48.2,58.09,337.2,0.259,0
2025-10-01T08:37:00,47.34,58.41,352.7,0.186,0
2025-10-01T08:38:00,47.98,58.07,386.8,0.166,0
2025-10-01T08:39:00,48.64,61.04,373.9,0.144,0
2025-10-01T08:40:00,48.94,59.13,364.0,0.17,0
2025-10-01T08:41:00,46.36,61.95,351.8,0.219,0
2025-10-01T08:42:00,74.89,58.27,403.1,3.841,1
2025-10-01T08:43:00,51.26,56.43,372.4,0.207,0
2025-10-01T08:44:00,46.22,57.2,348.4,0.204,0
2025-10-01T08:45:00,42.72,61.52,353.9,0.187,0
2025-10-01T08:46:00,48.84,63.14,354.9,0.192,0
2025-10-01T08:47:00,45.34,60.72,342.5,0.177,0
2025-10-01T08:48:00,51.44,59.1,358.0,0.209,0
2025-10-01T08:49:00,48.41,58.95,378.2,0.259,0
2025-10-01T08:50:00,46.98,61.33,358.0,0.265,0
2025-10-01T08:51:00,56.51,57.34,385.1,0.214,0
2025-10-01T08:52:00,51.1,56.52,341.0,0.147,0
2025-10-01T08:53:00,46.45,62.49,393.0,0.115,0
2025-10-01T08:54:00,45.81,62.2,358.4,0.14,0
2025-10-01T08:55:00,45.26,61.04,354.1,0.21,0
2025-10-01T08:56:00,43.52,64.35,341.0,0.206,0
2025-10-01T08:57:00,47.76,60.85,361.6,0.205,0
2025-10-01T08:58:00,44.38,59.63,344.6,0.182,0
2025-10-01T08:59:00,49.82,59.69,348.4,0.275,0
2025-10-01T09:00:00,53.13,59.96,408.1,0.169,0
2025-10-01T09:01:00,52.32,63.03,403.6,0.196,0
2025-10-01T09:02:00,45.17,62.41,405.8,0.224,0
2025-10-01T09:03:00,50.23,62.18,396.7,0.204,0
2025-10-01T09:04:00,50.01,59.31,374.1,0.22,0
2025-10-01T09:05:00,53.45,58.48,395.5,0.277,0
2025-10-01T09:06:00,49.62,60.17,399.8,0.105,0
2025-10-01T09:07:00,51.87,61.63,345.1,0.177,0
2025-10-01T09:08:00,52.44,60.01,369.4,0.274,0
2025-10-01T09:09:00,46.86,62.35,381.2,0.215,0
2025-10-01T09:10:00,54.65,61.45,373.0,0.25,0
2025-10-01T09:11:00,50.46,62.89,430.2,0.21,0
2025-10-01T09:12:00,51.62,60.6,360.6,0.147,0
2025-10-01T09:13:00,52.06,61.3,406.2,0.267,0
2025-10-01T09:14:00,51.84,58.73,359.0,0.184,0
2025-10-01T09:15:00,48.37,58.39,368.9,0.272,0
2025-10-01T09:16:00,49.38,57.36,387.6,0.158,0
2025-10-01T09:17:00,53.87,60.35,380.6,0.26,0
2025-10-01T09:18:00,50.88,60.86,356.0,0.211,0
2025-10-01T09:19:00,44.72,65.25,389.5,0.283,0
2025-10-01T09:20:00,52.19,60.84,406.8,0.222,0
2025-10-01T09:21:00,53.56,64.97,377.3,0.221,0
2025-10-01T09:22:00,50.09,56.16,387.4,0.21,0
2025-10-01T09:23:00,51.0,66.33,356.4,0.2,0
2025-10-01T09:24:00,51.65,58.55,365.5,0.297,0
2025-10-01T09:25:00,50.49,59.93,372.5,0.16,0
2025-10-01T09:26:00,54.2,61.61,347.0,0.26,0
2025-10-01T09:27:00,49.12,59.64,384.7,0.239,0
2025-10-01T09:28:00,50.84,62.0,386.5,0.128,0
2025-10-01T09:29:00,52.7,60.61,374.3,0.188,0
2025-10-01T09:30:00,52.22,59.5,385.2,0.107,0
2025-10-01T09:31:00,48.91,62.67,394.0,0.181,0
2025-10-01T09:32:00,47.91,59.39,348.5,0.151,0
2025-10-01T09:33:00,52.72,59.39,392.3,0.102,0
2025-10-01T09:34:00,57.0,55.76,383.5,0.211,0
2025-10-01T09:35:00,51.01,60.61,394.6,0.185,0
2025-10-01T09:36:00,52.1,61.36,381.3,0.18,0
2025-10-01T09:37:00,54.76,59.1,426.0,0.106,0
2025-10-01T09:38:00,51.12,64.19,382.8,0.187,0
2025-10-01T09:39:00,50.97,62.76,388.0,0.206,0
2025-10-01T09:40:00,48.11,64.41,401.7,0.24,0
2025-10-01T09:41:00,48.91,61.2,380.4,0.174,0
2025-10-01T09:42:00,49.14,60.65,370.7,0.247,0
2025-10-01T09:43:00,49.39,61.79,425.4,0.179,0
2025-10-01T09:44:00,50.34,61.89,384.2,0.219,0
2025-10-01T09:45:00,86.3,60.54,407.4,6.449,1
2025-10-01T09:46:00,46.23,59.73,425.3,0.189,0
2025-10-01T09:47:00,48.49,61.69,337.9,0.265,0
2025-10-01T09:48:00,85.45,62.01,368.6,7.972,1
2025-10-01T09:49:00,48.37,59.41,385.6,0.233,0
2025-10-01T09:50:00,53.51,57.74,390.2,0.191,0
2025-10-01T09:51:00,48.66,63.23,368.3,0.187,0
2025-10-01T09:52:00,55.57,60.68,399.3,0.152,0
2025-10-01T09:53:00,52.8,60.61,362.2,0.14,0
2025-10-01T09:54:00,49.9,58.71,357.7,0.189,0
2025-10-01T09:55:00,48.76,63.19,371.2,0.19,0
2025-10-01T09:56:00,49.99,65.01,353.3,0.213,0
2025-10-01T09:57:00,48.51,60.86,413.6,0.289,0
2025-10-01T09:58:00,46.97,60.29,390.6,0.166,0
2025-10-01T09:59:00,52.06,58.66,361.1,0.128,0
2025-10-01T10:00:00,53.59,61.49,376.2,0.264,0
2025-10-01T10:01:00,54.23,62.74,403.8,0.223,0
2025-10-01T10:02:00,54.19,59.63,395.7,0.206,0
2025-10-01T10:03:00,57.61,61.87,382.3,0.218,0
2025-10-01T10:04:00,53.08,60.79,395.8,0.157,0
2025-10-01T10:05:00,82.23,63.85,263.6,6.094,1
2025-10-01T10:06:00,55.07,64.79,401.2,0.244,0
2025-10-01T10:07:00,53.65,61.17,378.0,0.125,0
2025-10-01T10:08:00,48.28,63.57,389.7,0.167,0
2025-10-01T10:09:00,50.31,62.6,400.0,0.159,0
2025-10-01T10:10:00,49.72,59.0,392.1,0.239,0
2025-10-01T10:11:00,54.73,61.33,435.0,0.186,0
2025-10-01T10:12:00,51.63,60.39,434.2,0.236,0
2025-10-01T10:13:00,49.52,61.55,431.3,0.151,0
2025-10-01T10:14:00,50.2,60.7,366.7,0.223,0
2025-10-01T10:15:00,46.77,62.62,382.3,0.221,0
2025-10-01T10:16:00,55.01,59.27,402.7,0.149,0
2025-10-01T10:17:00,51.36,59.63,408.1,0.115,0
2025-10-01T10:18:00,53.21,62.72,407.7,0.179,0
2025-10-01T10:19:00,53.07,59.35,432.4,0.226,0
2025-10-01T10:20:00,51.99,62.0,396.4,0.152,0
2025-10-01T10:21:00,58.52,61.88,411.7,0.18,0
2025-10-01T10:22:00,52.66,61.9,419.9,0.197,0
2025-10-01T10:23:00,52.1,63.34,420.0,0.151,0
2025-10-01T10:24:00,52.14,62.24,390.4,0.295,0
2025-10-01T10:25:00,54.43,60.72,405.9,0.216,0
2025-10-01T10:26:00,50.64,63.52,377.5,0.205,0
2025-10-01T10:27:00,53.63,60.66,426.2,0.169,0
2025-10-01T10:28:00,51.54,64.2,382.2,0.235,0
2025-10-01T10:29:00,52.2,65.46,395.8,0.276,0
2025-10-01T10:30:00,50.22,60.72,423.8,0.178,0
2025-10-01T10:31:00,55.98,62.68,399.9,0.188,0
2025-10-01T10:32:00,56.63,63.1,423.1,0.302,0
2025-10-01T10:33:00,54.09,59.7,390.1,0.133,0
2025-10-01T10:34:00,54.38,65.63,431.2,0.289,0
2025-10-01T10:35:00,54.07,62.46,414.4,0.08,0
2025-10-01T10:36:00,51.74,60.63,429.2,0.158,0
2025-10-01T10:37:00,57.33,63.0,440.7,0.225,0
2025-10-01T10:38:00,53.42,64.55,393.2,0.258,0
2025-10-01T10:39:00,55.25,61.0,410.2,0.176,0
2025-10-01T10:40:00,55.96,61.68,423.1,0.21,0
2025-10-01T10:41:00,53.62,64.41,422.5,0.231,0
2025-10-01T10:42:00,48.9,63.21,432.2,0.262,0
2025-10-01T10:43:00,61.85,58.84,426.6,0.177,0
2025-10-01T10:44:00,50.1,64.65,357.8,0.202,0
2025-10-01T10:45:00,47.03,62.31,383.5,0.164,0
2025-10-01T10:46:00,54.51,63.15,434.2,0.14,0
2025-10-01T10:47:00,53.68,61.69,361.4,0.124,0
2025-10-01T10:48:00,57.11,60.93,421.0,0.214,0
2025-10-01T10:49:00,53.07,65.22,419.1,0.279,0
2025-10-01T10:50:00,56.47,63.01,424.8,0.236,0
2025-10-01T10:51:00,50.24,60.67,427.4,0.213,0
2025-10-01T10:52:00,52.03,61.08,387.5,0.178,0
2025-10-01T10:53:00,52.06,60.91,427.0,0.304,0
2025-10-01T10:54:00,56.33,58.53,392.6,0.204,0
2025-10-01T10:55:00,54.08,61.24,379.1,0.202,0
2025-10-01T10:56:00,51.23,62.17,380.7,0.187,0
2025-10-01T10:57:00,53.97,63.85,406.9,0.225,0
2025-10-01T10:58:00,55.44,60.22,406.6,0.194,0
2025-10-01T10:59:00,47.7,62.19,376.3,0.167,0
2025-10-01T11:00:00,54.49,61.57,415.5,0.212,0
2025-10-01T11:01:00,52.01,62.54,422.4,0.187,0
2025-10-01T11:02:00,54.9,65.4,422.6,0.123,0
2025-10-01T11:03:00,54.6,65.43,421.7,0.198,0
2025-10-01T11:04:00,52.52,59.3,396.0,0.276,0
2025-10-01T11:05:00,54.88,62.59,435.1,0.181,0
2025-10-01T11:06:00,56.4,63.51,412.8,0.125,0
2025-10-01T11:07:00,53.57,63.64,420.4,0.233,0
2025-10-01T11:08:00,64.69,61.69,421.8,0.145,0
2025-10-01T11:09:00,55.69,58.43,416.2,0.129,0
2025-10-01T11:10:00,50.39,59.99,417.9,0.179,0
2025-10-01T11:11:00,53.45,63.69,445.1,0.184,0
2025-10-01T11:12:00,58.22,65.54,455.9,0.158,0
2025-10-01T11:13:00,57.16,59.6,397.9,0.171,0
2025-10-01T11:14:00,55.79,58.78,400.5,0.321,0
2025-10-01T11:15:00,55.89,62.4,450.4,0.183,0
2025-10-01T11:16:00,55.64,61.49,423.0,0.252,0
2025-10-01T11:17:00,47.94,62.93,403.5,0.128,0
2025-10-01T11:18:00,55.61,59.25,396.4,0.091,0
2025-10-01T11:19:00,53.42,63.2,394.0,0.122,0
2025-10-01T11:20:00,49.77,60.59,416.4,0.195,0
2025-10-01T11:21:00,55.93,62.83,423.9,0.152,0
2025-10-01T11:22:00,51.87,63.2,420.1,0.246,0
2025-10-01T11:23:00,52.66,61.59,429.4,0.221,0
2025-10-01T11:24:00,50.37,63.78,419.5,0.176,0
2025-10-01T11:25:00,59.88,63.69,422.3,0.236,0
2025-10-01T11:26:00,53.1,63.81,437.0,0.156,0
2025-10-01T11:27:00,51.71,64.18,438.8,0.184,0
2025-10-01T11:28:00,85.1,66.23,437.8,7.977,1
2025-10-01T11:29:00,55.32,61.31,410.4,0.218,0
2025-10-01T11:30:00,56.82,60.9,383.1,0.28,0
2025-10-01T11:31:00,53.89,62.04,400.5,0.162,0
2025-10-01T11:32:00,51.64,64.97,402.8,0.164,0
2025-10-01T11:33:00,51.58,58.82,396.9,0.201,0
2025-10-01T11:34:00,59.82,64.06,405.6,0.142,0
2025-10-01T11:35:00,54.53,58.52,411.5,0.117,0
2025-10-01T11:36:00,53.75,63.69,456.2,0.169,0
2025-10-01T11:37:00,51.14,61.36,435.0,0.214,0
2025-10-01T11:38:00,52.95,61.47,417.2,0.159,0
2025-10-01T11:39:00,47.2,65.37,394.4,0.127,0
2025-10-01T11:40:00,48.86,66.23,408.2,0.126,0
2025-10-01T11:41:00,56.55,64.95,432.2,0.121,0
2025-10-01T11:42:00,56.79,64.58,424.4,0.179,0
2025-10-01T11:43:00,55.73,64.25,431.8,0.214,0
2025-10-01T11:44:00,62.0,61.67,422.5,0.24,0
2025-10-01T11:45:00,55.35,64.39,407.0,0.209,0
2025-10-01T11:46:00,52.16,63.95,431.3,0.191,0
2025-10-01T11:47:00,57.25,61.54,430.7,0.139,0
2025-10-01T11:48:00,53.81,63.78,416.9,0.144,0
2025-10-01T11:49:00,52.09,59.79,412.9,0.247,0
2025-10-01T11:50:00,52.06,62.42,405.3,0.172,0
2025-10-01T11:51:00,59.92,63.69,398.8,0.181,0
2025-10-01T11:52:00,54.27,64.21,438.7,0.227,0
2025-10-01T11:53:00,53.14,60.87,419.4,0.177,0
2025-10-01T11:54:00,49.67,58.6,395.5,0.143,0
2025-10-01T11:55:00,48.87,65.65,415.0,0.154,0
2025-10-01T11:56:00,55.44,60.98,431.8,0.293,0
2025-10-01T11:57:00,50.06,62.33,424.6,0.184,0
2025-10-01T11:58:00,57.32,63.56,376.8,0.199,0
2025-10-01T11:59:00,51.8,61.77,401.6,0.182,0
2025-10-01T12:00:00,56.37,59.29,437.4,0.261,0
2025-10-01T12:01:00,48.59,62.98,446.5,0.151,0
2025-10-01T12:02:00,51.34,59.69,441.2,0.257,0
2025-10-01T12:03:00,53.17,61.96,444.8,0.228,0
2025-10-01T12:04:00,54.7,64.37,421.5,0.222,0
2025-10-01T12:05:00,60.33,62.43,400.3,0.26,0
2025-10-01T12:06:00,56.41,61.49,448.2,0.202,0
2025-10-01T12:07:00,54.84,63.69,396.0,0.221,0
2025-10-01T12:08:00,60.45,63.92,431.0,0.223,0
2025-10-01T12:09:00,53.56,64.51,407.3,0.185,0
2025-10-01T12:10:00,56.46,66.7,429.0,0.142,0
2025-10-01T12:11:00,55.13,62.53,399.0,0.198,0
2025-10-01T12:12:00,51.7,60.66,402.6,0.174,0
2025-10-01T12:13:00,53.18,62.24,464.5,0.078,0
2025-10-01T12:14:00,57.6,62.57,427.7,0.198,0
2025-10-01T12:15:00,57.2,64.64,407.1,0.128,0
2025-10-01T12:16:00,53.94,64.09,406.6,0.223,0
2025-10-01T12:17:00,54.68,60.6,407.7,0.212,0
2025-10-01T12:18:00,55.77,64.48,391.1,0.171,0
2025-10-01T12:19:00,54.89,58.13,448.1,0.161,0
2025-10-01T12:20:00,56.88,63.52,459.8,0.208,0
2025-10-01T12:21:00,53.39,61.86,412.6,0.224,0
2025-10-01T12:22:00,57.56,62.91,431.9,0.209,0
2025-10-01T12:23:00,59.36,60.86,411.1,0.206,0
2025-10-01T12:24:00,57.95,65.85,359.9,0.227,0
2025-10-01T12:25:00,55.95,60.81,424.6,0.176,0
2025-10-01T12:26:00,51.71,62.08,423.9,0.237,0
2025-10-01T12:27:00,58.97,61.29,472.9,0.153,0
2025-10-01T12:28:00,54.67,61.04,434.5,0.111,0
2025-10-01T12:29:00,98.68,63.11,415.5,7.105,1
2025-10-01T12:30:00,61.06,64.13,412.5,0.196,0
2025-10-01T12:31:00,50.57,60.06,391.6,0.207,0
2025-10-01T12:32:00,55.27,67.34,413.1,0.216,0
2025-10-01T12:33:00,56.41,63.95,394.4,0.218,0
2025-10-01T12:34:00,54.14,60.93,449.3,0.233,0
2025-10-01T12:35:00,52.02,63.37,405.3,0.13,0
2025-10-01T12:36:00,52.28,60.52,409.1,0.205,0
2025-10-01T12:37:00,54.12,62.58,424.2,0.347,0
2025-10-01T12:38:00,50.88,65.21,432.7,0.137,0
2025-10-01T12:39:00,56.29,63.21,455.6,0.187,0
2025-10-01T12:40:00,57.12,63.45,432.8,0.185,0
2025-10-01T12:41:00,58.88,61.79,433.7,0.181,0
2025-10-01T12:42:00,60.01,63.38,462.8,0.282,0
2025-10-01T12:43:00,57.1,66.35,432.5,0.251,0
2025-10-01T12:44:00,56.45,58.91,421.2,0.198,0
2025-10-01T12:45:00,49.77,61.72,392.2,0.199,0
2025-10-01T12:46:00,55.37,62.23,443.7,0.221,0
2025-10-01T12:47:00,54.7,63.15,419.9,0.189,0
2025-10-01T12:48:00,56.25,60.95,440.9,0.25,0
2025-10-01T12:49:00,53.69,63.42,444.9,0.191,0
2025-10-01T12:50:00,59.03,64.8,442.8,0.121,0
2025-10-01T12:51:00,53.28,64.26,420.9,0.172,0
2025-10-01T12:52:00,60.09,62.54,427.9,0.201,0
2025-10-01T12:53:00,53.57,60.47,398.1,0.193,0
2025-10-01T12:54:00,51.67,61.14,448.1,0.159,0
2025-10-01T12:55:00,59.88,61.02,419.0,0.188,0
2025-10-01T12:56:00,56.87,61.28,429.1,0.178,0
2025-10-01T12:57:00,50.61,64.12,419.7,0.242,0
2025-10-01T12:58:00,54.4,63.8,367.3,0.249,0
2025-10-01T12:59:00,59.63,61.6,453.3,0.063,0
2025-10-01T13:00:00,54.14,64.23,412.4,0.205,0
2025-10-01T13:01:00,59.59,59.78,399.6,0.275,0
2025-10-01T13:02:00,58.6,60.46,406.7,0.195,0
2025-10-01T13:03:00,52.85,65.31,399.2,0.246,0
2025-10-01T13:04:00,56.44,64.81,401.3,0.15,0
2025-10-01T13:05:00,48.94,65.16,396.6,0.078,0
2025-10-01T13:06:00,55.07,64.33,418.7,0.195,0
2025-10-01T13:07:00,52.55,56.82,425.5,0.248,0
2025-10-01T13:08:00,52.68,59.64,416.2,0.162,0
2025-10-01T13:09:00,59.02,63.26,419.8,0.237,0
2025-10-01T13:10:00,52.0,60.63,400.9,0.144,0
2025-10-01T13:11:00,54.13,63.41,419.0,0.203,0
2025-10-01T13:12:00,55.41,63.49,363.1,0.205,0
2025-10-01T13:13:00,53.73,66.12,419.9,0.221,0
2025-10-01T13:14:00,50.63,64.38,385.5,0.227,0
2025-10-01T13:15:00,56.99,61.97,418.4,0.189,0
2025-10-01T13:16:00,55.37,66.61,425.6,0.13,0
2025-10-01T13:17:00,56.43,62.81,425.6,0.183,0
2025-10-01T13:18:00,50.72,61.2,420.6,0.225,0
2025-10-01T13:19:00,57.42,62.51,400.9,0.147,0
2025-10-01T13:20:00,54.96,62.86,422.3,0.179,0
2025-10-01T13:21:00,51.34,65.15,438.6,0.267,0
2025-10-01T13:22:00,52.05,64.54,427.5,0.224,0
2025-10-01T13:23:00,53.84,64.64,417.2,0.165,0
2025-10-01T13:24:00,55.06,64.66,396.9,0.254,0
2025-10-01T13:25:00,55.15,62.26,396.3,0.119,0
2025-10-01T13:26:00,57.66,63.12,432.5,0.237,0
2025-10-01T13:27:00,55.74,63.28,403.7,0.204,0
2025-10-01T13:28:00,53.09,63.1,433.1,0.22,0
2025-10-01T13:29:00,58.01,61.74,428.7,0.215,0
2025-10-01T13:30:00,48.89,61.17,454.3,0.177,0
2025-10-01T13:31:00,57.92,61.88,416.7,0.231,0
2025-10-01T13:32:00,54.78,63.54,411.6,0.313,0
2025-10-01T13:33:00,54.35,61.95,399.2,0.213,0
2025-10-01T13:34:00,53.01,61.11,458.0,0.298,0
2025-10-01T13:35:00,54.68,63.0,402.1,0.151,0
2025-10-01T13:36:00,49.65,63.34,401.7,0.192,0
2025-10-01T13:37:00,51.05,60.95,438.0,0.271,0
2025-10-01T13:38:00,54.13,58.79,386.8,0.28,0
2025-10-01T13:39:00,55.07,65.4,422.7,0.188,0
2025-10-01T13:40:00,57.63,63.21,424.2,0.225,0
2025-10-01T13:41:00,92.3,60.36,408.3,4.409,1
2025-10-01T13:42:00,47.21,62.37,354.0,0.208,0
2025-10-01T13:43:00,55.68,66.43,439.4,0.388,0
2025-10-01T13:44:00,55.62,67.77,407.0,0.246,0
2025-10-01T13:45:00,54.17,62.35,407.6,0.221,0
2025-10-01T13:46:00,58.59,62.73,414.8,0.255,0
2025-10-01T13:47:00,54.1,61.67,416.5,0.225,0
2025-10-01T13:48:00,55.45,63.6,389.8,0.191,0
2025-10-01T13:49:00,56.54,63.24,429.1,0.258,0
2025-10-01T13:50:00,49.21,65.0,395.0,0.116,0
2025-10-01T13:51:00,53.64,67.47,410.5,0.209,0
2025-10-01T13:52:00,54.94,62.96,411.8,0.24,0
2025-10-01T13:53:00,56.64,61.21,377.7,0.182,0
2025-10-01T13:54:00,52.44,60.76,427.0,0.225,0
2025-10-01T13:55:00,49.87,60.87,457.1,0.124,0
2025-10-01T13:56:00,60.18,64.69,404.5,0.186,0
2025-10-01T13:57:00,54.41,64.2,399.7,0.245,0
2025-10-01T13:58:00,58.91,64.19,399.9,0.16,0
2025-10-01T13:59:00,54.62,62.46,386.2,0.212,0
2025-10-01T14:00:00,51.85,60.92,437.8,0.177,0
2025-10-01T14:01:00,46.14,64.05,409.4,0.249,0
2025-10-01T14:02:00,54.76,61.07,402.2,0.153,0
2025-10-01T14:03:00,53.16,60.89,406.3,0.234,0
2025-10-01T14:04:00,54.57,62.17,386.6,0.229,0
2025-10-01T14:05:00,46.76,59.56,387.3,0.178,0
2025-10-01T14:06:00,51.27,62.41,400.2,0.201,0
2025-10-01T14:07:00,54.52,63.56,437.1,0.18,0
2025-10-01T14:08:00,50.32,59.72,389.4,0.075,0
2025-10-01T14:09:00,53.25,60.24,402.6,0.293,0
2025-10-01T14:10:00,92.27,58.62,338.0,6.811,1
2025-10-01T14:11:00,82.85,62.01,517.1,4.594,1
2025-10-01T14:12:00,53.58,61.9,439.1,0.277,0
2025-10-01T14:13:00,54.6,63.38,386.5,0.194,0
2025-10-01T14:14:00,50.69,62.13,411.8,0.207,0
2025-10-01T14:15:00,56.51,63.45,398.8,0.163,0
2025-10-01T14:16:00,52.63,60.12,391.0,0.202,0
2025-10-01T14:17:00,52.09,61.69,421.4,0.263,0
2025-10-01T14:18:00,52.54,60.52,414.4,0.114,0
2025-10-01T14:19:00,51.32,61.26,394.5,0.113,0
2025-10-01T14:20:00,53.15,62.81,390.6,0.145,0
2025-10-01T14:21:00,54.39,64.4,426.0,0.244,0
2025-10-01T14:22:00,52.82,64.02,372.5,0.183,0
2025-10-01T14:23:00,52.65,60.53,396.7,0.269,0
2025-10-01T14:24:00,48.13,59.08,408.8,0.241,0
2025-10-01T14:25:00,52.87,63.1,409.0,0.285,0
2025-10-01T14:26:00,51.4,56.99,408.7,0.159,0
2025-10-01T14:27:00,52.81,61.26,397.2,0.186,0
2025-10-01T14:28:00,51.28,61.83,441.2,0.157,0
2025-10-01T14:29:00,53.48,62.88,379.7,0.197,0
2025-10-01T14:30:00,52.22,59.53,405.4,0.177,0
2025-10-01T14:31:00,50.37,63.43,403.4,0.274,0
2025-10-01T14:32:00,51.57,64.0,395.9,0.117,0
2025-10-01T14:33:00,46.5,63.43,429.3,0.172,0
2025-10-01T14:34:00,48.88,62.71,402.9,0.214,0
2025-10-01T14:35:00,54.32,61.36,376.8,0.215,0
2025-10-01T14:36:00,57.53,63.32,406.7,0.147,0
2025-10-01T14:37:00,51.94,62.48,410.2,0.196,0
2025-10-01T14:38:00,53.17,60.86,409.9,0.212,0
2025-10-01T14:39:00,47.43,61.18,409.9,0.227,0
2025-10-01T14:40:00,50.56,62.74,414.6,0.226,0
2025-10-01T14:41:00,54.72,62.97,401.4,0.095,0
2025-10-01T14:42:00,45.59,62.78,390.8,0.175,0
2025-10-01T14:43:00,51.96,58.75,412.9,0.224,0
2025-10-01T14:44:00,57.29,64.21,395.9,0.232,0
2025-10-01T14:45:00,44.0,63.1,427.3,0.279,0
2025-10-01T14:46:00,55.3,64.85,396.9,0.227,0
2025-10-01T14:47:00,55.59,58.34,401.3,0.197,0
2025-10-01T14:48:00,47.95,59.27,420.9,0.187,0
2025-10-01T14:49:00,53.98,60.5,391.0,0.236,0
2025-10-01T14:50:00,51.94,62.6,410.2,0.308,0
2025-10-01T14:51:00,48.87,58.78,404.4,0.163,0
2025-10-01T14:52:00,56.05,56.17,399.3,0.117,0
2025-10-01T14:53:00,52.9,64.85,375.9,0.265,0
2025-10-01T14:54:00,50.36,61.49,411.8,0.158,0
2025-10-01T14:55:00,56.55,58.57,434.2,0.29,0
2025-10-01T14:56:00,51.06,59.32,442.5,0.23,0
2025-10-01T14:57:00,50.36,62.43,411.1,0.115,0
2025-10-01T14:58:00,53.6,63.71,404.0,0.223,0
2025-10-01T14:59:00,58.27,62.51,405.0,0.219,0
2025-10-01T15:00:00,50.5,59.33,365.1,0.212,0
2025-10-01T15:01:00,53.08,60.17,356.3,0.122,0
2025-10-01T15:02:00,54.55,58.74,369.5,0.294,0
2025-10-01T15:03:00,53.75,62.3,396.4,0.147,0
2025-10-01T15:04:00,45.26,62.72,377.9,0.171,0
2025-10-01T15:05:00,45.66,64.48,381.4,0.176,0
2025-10-01T15:06:00,54.52,61.24,355.9,0.233,0
2025-10-01T15:07:00,53.66,61.99,400.0,0.12,0
2025-10-01T15:08:00,51.46,63.91,389.3,0.167,0
2025-10-01T15:09:00,53.8,60.56,361.8,0.254,0
2025-10-01T15:10:00,51.37,62.27,369.4,0.271,0
2025-10-01T15:11:00,47.22,59.97,379.4,0.176,0
2025-10-01T15:12:00,54.46,60.66,388.4,0.169,0
2025-10-01T15:13:00,45.8,59.59,397.7,0.165,0
2025-10-01T15:14:00,50.78,61.08,342.1,0.198,0
2025-10-01T15:15:00,54.05,59.99,408.2,0.174,0
2025-10-01T15:16:00,46.93,58.01,360.7,0.231,0
2025-10-01T15:17:00,50.1,62.72,362.5,0.195,0
2025-10-01T15:18:00,53.34,60.72,378.0,0.119,0
2025-10-01T15:19:00,50.48,63.07,397.1,0.261,0
2025-10-01T15:20:00,51.79,63.19,378.8,0.118,0
2025-10-01T15:21:00,50.02,59.11,408.9,0.103,0
2025-10-01T15:22:00,53.65,59.91,391.4,0.21,0
2025-10-01T15:23:00,49.88,59.66,357.2,0.218,0
2025-10-01T15:24:00,47.97,63.58,385.3,0.233,0
2025-10-01T15:25:00,47.09,62.14,381.0,0.228,0
2025-10-01T15:26:00,52.3,61.32,375.3,0.254,0
2025-10-01T15:27:00,47.4,60.93,407.6,0.19,0
2025-10-01T15:28:00,48.65,60.89,375.5,0.185,0
2025-10-01T15:29:00,54.78,62.04,404.7,0.19,0
2025-10-01T15:30:00,48.12,61.5,377.6,0.154,0
2025-10-01T15:31:00,53.18,58.69,423.7,0.204,0
2025-10-01T15:32:00,48.03,62.89,402.6,0.176,0
2025-10-01T15:33:00,49.47,63.08,367.9,0.13,0
2025-10-01T15:34:00,52.36,62.17,405.9,0.129,0
2025-10-01T15:35:00,49.4,59.02,408.6,0.179,0
2025-10-01T15:36:00,51.22,61.56,413.6,0.146,0
2025-10-01T15:37:00,49.08,62.71,365.9,0.201,0
2025-10-01T15:38:00,48.44,62.65,410.6,0.169,0
2025-10-01T15:39:00,49.13,62.38,357.7,0.144,0
2025-10-01T15:40:00,48.57,62.1,356.1,0.284,0
2025-10-01T15:41:00,50.17,62.43,390.0,0.173,0
2025-10-01T15:42:00,52.55,60.84,418.6,0.233,0
2025-10-01T15:43:00,50.75,61.34,382.0,0.281,0
2025-10-01T15:44:00,56.75,58.07,342.0,0.165,0
2025-10-01T15:45:00,53.46,59.69,396.5,0.278,0
2025-10-01T15:46:00,49.61,61.24,408.2,0.14,0
2025-10-01T15:47:00,51.43,60.58,394.5,0.209,0
2025-10-01T15:48:00,49.51,57.93,393.9,0.219,0
2025-10-01T15:49:00,47.14,58.76,403.4,0.191,0
2025-10-01T15:50:00,47.87,61.45,384.5,0.236,0
2025-10-01T15:51:00,55.3,60.56,390.6,0.228,0
2025-10-01T15:52:00,47.7,63.29,407.8,0.222,0
2025-10-01T15:53:00,53.76,61.11,391.5,0.137,0
2025-10-01T15:54:00,53.6,58.82,374.4,0.243,0
2025-10-01T15:55:00,54.83,57.23,374.6,0.19,0
2025-10-01T15:56:00,47.19,62.71,420.8,0.203,0
2025-10-01T15:57:00,50.29,60.64,391.0,0.151,0
2025-10-01T15:58:00,46.22,59.28,342.2,0.269,0
2025-10-01T15:59:00,54.35,59.46,377.0,0.244,0
2025-10-01T16:00:00,51.88,56.98,368.8,0.11,0
2025-10-01T16:01:00,46.5,57.38,360.7,0.161,0
2025-10-01T16:02:00,50.72,62.31,344.0,0.203,0
2025-10-01T16:03:00,53.5,61.3,360.5,0.172,0
2025-10-01T16:04:00,41.64,57.06,341.9,0.173,0
2025-10-01T16:05:00,51.94,60.81,372.8,0.224,0
2025-10-01T16:06:00,49.74,57.44,357.7,0.162,0
2025-10-01T16:07:00,46.69,58.27,328.0,0.203,0
2025-10-01T16:08:00,46.13,57.67,329.1,0.282,0
2025-10-01T16:09:00,50.66,58.97,327.3,0.16,0
2025-10-01T16:10:00,41.74,60.08,320.2,0.271,0
2025-10-01T16:11:00,51.17,61.26,378.5,0.26,0
2025-10-01T16:12:00,51.23,58.82,359.4,0.174,0
2025-10-01T16:13:00,45.88,60.06,362.1,0.188,0
2025-10-01T16:14:00,52.51,61.03,364.1,0.192,0
2025-10-01T16:15:00,42.81,59.62,357.6,0.155,0
2025-10-01T16:16:00,48.14,60.0,364.0,0.177,0
2025-10-01T16:17:00,44.78,59.0,383.8,0.299,0
2025-10-01T16:18:00,48.01,57.52,372.1,0.182,0
2025-10-01T16:19:00,41.44,55.53,363.7,0.13,0
2025-10-01T16:20:00,49.49,57.29,396.1,0.264,0
2025-10-01T16:21:00,45.45,55.99,362.5,0.255,0
2025-10-01T16:22:00,54.1,57.93,376.2,0.264,0
2025-10-01T16:23:00,46.0,59.68,374.7,0.243,0
2025-10-01T16:24:00,47.18,60.9,328.1,0.172,0
2025-10-01T16:25:00,50.78,62.55,325.8,0.294,0
2025-10-01T16:26:00,50.02,61.04,379.3,0.19,0
2025-10-01T16:27:00,47.22,59.44,362.9,0.225,0
2025-10-01T16:28:00,44.85,57.13,388.8,0.176,0
2025-10-01T16:29:00,51.54,58.11,321.6,0.173,0
2025-10-01T16:30:00,44.89,61.1,343.6,0.325,0
2025-10-01T16:31:00,48.58,58.88,385.3,0.204,0
2025-10-01T16:32:00,46.0,58.95,375.4,0.136,0
2025-10-01T16:33:00,81.85,56.23,535.4,5.262,1
2025-10-01T16:34:00,46.0,61.39,380.7,0.203,0
2025-10-01T16:35:00,42.77,57.01,373.4,0.203,0
2025-10-01T16:36:00,48.19,58.19,374.4,0.184,0
2025-10-01T16:37:00,44.86,58.83,379.9,0.189,0
2025-10-01T16:38:00,52.65,60.55,369.6,0.197,0
2025-10-01T16:39:00,47.28,60.12,340.6,0.255,0
2025-10-01T16:40:00,57.03,58.76,339.2,0.149,0
2025-10-01T16:41:00,46.93,56.5,332.8,0.283,0
2025-10-01T16:42:00,48.61,59.91,375.8,0.254,0
2025-10-01T16:43:00,49.4,61.0,337.1,0.171,0
2025-10-01T16:44:00,47.0,58.91,379.6,0.219,0
2025-10-01T16:45:00,47.6,57.51,366.7,0.167,0
2025-10-01T16:46:00,44.56,59.28,342.6,0.273,0
2025-10-01T16:47:00,44.76,55.67,337.4,0.217,0
2025-10-01T16:48:00,46.0,58.23,367.5,0.209,0
2025-10-01T16:49:00,51.18,60.53,344.8,0.22,0
2025-10-01T16:50:00,49.57,58.42,369.6,0.235,0
2025-10-01T16:51:00,51.46,57.32,349.1,0.213,0
2025-10-01T16:52:00,51.68,61.7,353.0,0.177,0
2025-10-01T16:53:00,50.83,59.85,355.2,0.22,0
2025-10-01T16:54:00,46.76,56.66,374.7,0.265,0
2025-10-01T16:55:00,46.8,58.26,361.4,0.198,0
2025-10-01T16:56:00,45.9,59.79,386.0,0.24,0
2025-10-01T16:57:00,46.3,60.35,353.2,0.169,0
2025-10-01T16:58:00,46.3,57.03,364.3,0.216,0
2025-10-01T16:59:00,54.23,58.73,379.1,0.235,0
2025-10-01T17:00:00,45.42,59.87,294.7,0.203,0
2025-10-01T17:01:00,48.92,55.59,320.2,0.205,0
2025-10-01T17:02:00,47.07,59.25,322.5,0.138,0
2025-10-01T17:03:00,48.45,57.96,334.1,0.177,0
2025-10-01T17:04:00,47.63,57.95,327.9,0.154,0
2025-10-01T17:05:00,40.71,59.42,321.7,0.336,0
2025-10-01T17:06:00,45.2,57.09,325.1,0.101,0
2025-10-01T17:07:00,47.29,60.43,329.0,0.176,0
2025-10-01T17:08:00,43.76,56.92,349.1,0.212,0
2025-10-01T17:09:00,46.51,57.03,360.6,0.152,0
2025-10-01T17:10:00,37.15,54.29,301.0,0.104,0
2025-10-01T17:11:00,45.08,59.35,313.0,0.205,0
2025-10-01T17:12:00,39.9,56.9,333.8,0.24,0
2025-10-01T17:13:00,40.76,57.02,324.5,0.173,0
2025-10-01T17:14:00,43.05,60.45,321.1,0.117,0
2025-10-01T17:15:00,43.93,61.63,311.7,0.197,0
2025-10-01T17:16:00,40.04,58.88,340.6,0.148,0
2025-10-01T17:17:00,44.64,59.2,320.3,0.233,0
2025-10-01T17:18:00,44.03,53.82,334.9,0.235,0
2025-10-01T17:19:00,41.34,54.59,310.8,0.142,0
2025-10-01T17:20:00,46.51,57.78,381.1,0.226,0
2025-10-01T17:21:00,40.12,52.5,335.9,0.166,0
2025-10-01T17:22:00,48.03,59.32,329.2,0.142,0
2025-10-01T17:23:00,43.45,59.36,321.0,0.097,0
2025-10-01T17:24:00,46.06,55.48,315.8,0.221,0
2025-10-01T17:25:00,44.6,58.14,322.3,0.311,0
2025-10-01T17:26:00,41.01,60.48,347.4,0.167,0
2025-10-01T17:27:00,44.3,55.15,362.7,0.274,0
2025-10-01T17:28:00,40.66,58.69,330.9,0.21,0
2025-10-01T17:29:00,43.56,57.28,307.6,0.261,0
2025-10-01T17:30:00,42.08,54.54,332.6,0.209,0
2025-10-01T17:31:00,41.96,56.0,343.2,0.294,0
2025-10-01T17:32:00,44.3,59.71,315.3,0.18,0
2025-10-01T17:33:00,41.92,59.63,311.9,0.164,0
2025-10-01T17:34:00,44.48,58.75,314.6,0.224,0
2025-10-01T17:35:00,50.44,60.98,333.4,0.298,0
2025-10-01T17:36:00,41.39,56.06,365.7,0.221,0
2025-10-01T17:37:00,43.26,60.51,272.6,0.219,0
2025-10-01T17:38:00,42.31,58.05,306.5,0.139,0
2025-10-01T17:39:00,41.05,56.48,333.9,0.178,0
2025-10-01T17:40:00,43.94,54.92,339.8,0.199,0
2025-10-01T17:41:00,43.93,57.2,338.3,0.212,0
2025-10-01T17:42:00,40.63,58.05,323.5,0.275,0
2025-10-01T17:43:00,45.7,56.93,307.8,0.196,0
2025-10-01T17:44:00,45.21,56.02,344.6,0.167,0
2025-10-01T17:45:00,40.98,55.37,329.3,0.221,0
2025-10-01T17:46:00,42.87,57.79,317.4,0.149,0
2025-10-01T17:47:00,41.14,60.47,320.1,0.244,0
2025-10-01T17:48:00,41.93,58.63,346.5,0.263,0
2025-10-01T17:49:00,40.99,57.75,334.9,0.288,0
2025-10-01T17:50:00,45.31,55.38,330.6,0.188,0
2025-10-01T17:51:00,48.29,56.33,320.5,0.148,0
2025-10-01T17:52:00,44.48,58.24,312.2,0.139,0
2025-10-01T17:53:00,42.88,56.22,321.8,0.18,0
2025-10-01T17:54:00,42.4,59.4,346.4,0.243,0
2025-10-01T17:55:00,45.59,58.36,320.2,0.143,0
2025-10-01T17:56:00,44.61,54.51,334.8,0.253,0
2025-10-01T17:57:00,39.3,55.71,316.7,0.241,0
2025-10-01T17:58:00,45.79,54.46,352.6,0.243,0
2025-10-01T17:59:00,51.22,54.91,328.9,0.161,0
2025-10-01T18:00:00,42.49,58.37,296.5,0.199,0
2025-10-01T18:01:00,34.75,56.39,290.7,0.143,0
2025-10-01T18:02:00,41.87,59.09,297.6,0.21,0
2025-10-01T18:03:00,41.06,55.31,292.8,0.182,0
2025-10-01T18:04:00,39.36,56.56,338.1,0.148,0
2025-10-01T18:05:00,43.22,54.86,304.6,0.161,0
2025-10-01T18:06:00,41.81,51.99,301.2,0.222,0
2025-10-01T18:07:00,36.09,54.11,307.2,0.179,0
2025-10-01T18:08:00,34.87,55.79,287.3,0.209,0
2025-10-01T18:09:00,39.04,58.24,307.4,0.167,0
2025-10-01T18:10:00,38.3,55.87,310.1,0.321,0
2025-10-01T18:11:00,36.47,54.85,333.0,0.214,0
2025-10-01T18:12:00,42.01,53.68,304.6,0.245,0
2025-10-01T18:13:00,38.33,53.29,288.6,0.196,0
2025-10-01T18:14:00,36.49,55.42,303.1,0.168,0
2025-10-01T18:15:00,36.68,57.92,313.3,0.222,0
2025-10-01T18:16:00,37.1,55.21,287.7,0.183,0
2025-10-01T18:17:00,45.37,55.04,299.1,0.294,0
2025-10-01T18:18:00,36.62,53.33,324.4,0.261,0
2025-10-01T18:19:00,43.43,52.33,284.0,0.117,0
2025-10-01T18:20:00,36.57,50.62,303.4,0.221,0
2025-10-01T18:21:00,38.3,54.93,307.2,0.299,0
2025-10-01T18:22:00,41.13,56.02,288.5,0.185,0
2025-10-01T18:23:00,80.46,54.49,125.3,4.194,1
2025-10-01T18:24:00,40.43,52.42,286.4,0.192,0
2025-10-01T18:25:00,38.32,58.02,303.6,0.265,0
2025-10-01T18:26:00,37.63,56.65,326.3,0.229,0
2025-10-01T18:27:00,42.16,57.08,299.0,0.177,0
2025-10-01T18:28:00,40.66,54.53,300.1,0.221,0
2025-10-01T18:29:00,42.98,56.2,300.0,0.242,0
2025-10-01T18:30:00,36.34,57.55,298.3,0.176,0
2025-10-01T18:31:00,42.68,55.09,324.0,0.249,0
2025-10-01T18:32:00,42.05,54.96,332.7,0.219,0
2025-10-01T18:33:00,42.72,54.16,297.0,0.218,0
2025-10-01T18:34:00,36.78,54.84,268.4,0.233,0
2025-10-01T18:35:00,38.14,55.19,265.0,0.258,0
2025-10-01T18:36:00,37.96,52.83,274.6,0.216,0
2025-10-01T18:37:00,34.39,53.59,316.8,0.223,0
2025-10-01T18:38:00,40.49,54.96,280.3,0.149,0
2025-10-01T18:39:00,38.44,55.2,290.2,0.275,0
2025-10-01T18:40:00,41.21,57.75,283.8,0.139,0
2025-10-01T18:41:00,37.52,55.64,285.2,0.174,0
2025-10-01T18:42:00,38.82,53.56,304.3,0.159,0
2025-10-01T18:43:00,40.53,54.07,299.1,0.181,0
2025-10-01T18:44:00,44.75,55.51,291.5,0.223,0
2025-10-01T18:45:00,36.89,54.98,317.5,0.242,0
2025-10-01T18:46:00,42.89,54.6,286.8,0.214,0
2025-10-01T18:47:00,38.12,57.6,309.9,0.157,0
2025-10-01T18:48:00,39.74,55.95,321.1,0.214,0
2025-10-01T18:49:00,40.94,57.06,301.3,0.16,0
2025-10-01T18:50:00,36.87,54.75,339.5,0.16,0
2025-10-01T18:51:00,37.11,54.23,321.2,0.211,0
2025-10-01T18:52:00,38.7,57.51,298.2,0.183,0
2025-10-01T18:53:00,41.97,56.07,299.2,0.19,0
2025-10-01T18:54:00,42.38,56.62,311.4,0.203,0
2025-10-01T18:55:00,41.14,55.43,308.3,0.257,0
2025-10-01T18:56:00,41.35,53.13,299.8,0.237,0
2025-10-01T18:57:00,44.73,55.96,339.3,0.269,0
2025-10-01T18:58:00,35.11,52.7,305.9,0.211,0
2025-10-01T18:59:00,35.91,53.33,295.9,0.258,0
2025-10-01T19:00:00,33.87,53.56,254.5,0.178,0
2025-10-01T19:01:00,35.32,52.27,276.3,0.144,0
2025-10-01T19:02:00,38.8,54.51,237.1,0.198,0
2025-10-01T19:03:00,30.72,55.14,260.5,0.339,0
2025-10-01T19:04:00,43.29,52.64,267.3,0.292,0
2025-10-01T19:05:00,39.08,59.57,247.1,0.127,0
2025-10-01T19:06:00,41.37,54.84,275.9,0.235,0
2025-10-01T19:07:00,37.27,55.02,266.9,0.178,0
2025-10-01T19:08:00,38.82,54.32,250.9,0.138,0
2025-10-01T19:09:00,38.87,57.66,252.6,0.233,0
2025-10-01T19:10:00,34.48,49.83,257.0,0.159,0
2025-10-01T19:11:00,34.19,52.8,318.1,0.16,0
2025-10-01T19:12:00,39.47,52.82,276.8,0.169,0
2025-10-01T19:13:00,34.57,48.32,289.5,0.111,0
2025-10-01T19:14:00,36.91,50.72,261.6,0.244,0
2025-10-01T19:15:00,39.3,49.71,263.0,0.173,0
2025-10-01T19:16:00,34.23,52.36,264.1,0.22,0
2025-10-01T19:17:00,35.68,51.54,279.3,0.164,0
2025-10-01T19:18:00,35.35,54.42,266.5,0.205,0
2025-10-01T19:19:00,79.98,53.15,220.0,4.305,1
2025-10-01T19:20:00,37.48,53.07,262.3,0.136,0
2025-10-01T19:21:00,36.18,54.57,287.9,0.191,0
2025-10-01T19:22:00,37.29,52.26,271.3,0.192,0
2025-10-01T19:23:00,37.81,50.06,234.1,0.172,0
2025-10-01T19:24:00,33.83,52.54,258.4,0.219,0
2025-10-01T19:25:00,31.44,51.39,250.2,0.151,0
2025-10-01T19:26:00,37.6,50.54,247.8,0.302,0
2025-10-01T19:27:00,38.28,54.01,256.4,0.089,0
2025-10-01T19:28:00,32.43,48.92,272.7,0.147,0
2025-10-01T19:29:00,36.28,51.18,290.4,0.244,0
2025-10-01T19:30:00,36.17,55.96,277.1,0.184,0
2025-10-01T19:31:00,33.41,53.01,333.2,0.147,0
2025-10-01T19:32:00,37.25,50.21,293.7,0.318,0
2025-10-01T19:33:00,39.04,53.94,291.7,0.206,0
2025-10-01T19:34:00,39.09,52.34,289.4,0.13,0
2025-10-01T19:35:00,36.31,54.63,248.9,0.203,0
2025-10-01T19:36:00,33.47,52.87,216.2,0.095,0
2025-10-01T19:37:00,35.88,53.2,274.6,0.209,0
2025-10-01T19:38:00,38.52,50.28,306.2,0.18,0
2025-10-01T19:39:00,35.7,52.78,257.4,0.226,0
2025-10-01T19:40:00,39.56,53.93,252.4,0.241,0
2025-10-01T19:41:00,40.01,54.87,277.3,0.136,0
2025-10-01T19:42:00,31.19,50.57,302.5,0.193,0
2025-10-01T19:43:00,39.32,50.88,261.5,0.311,0
2025-10-01T19:44:00,37.91,52.01,251.7,0.177,0
2025-10-01T19:45:00,36.41,50.17,256.6,0.254,0
2025-10-01T19:46:00,30.05,51.13,211.9,0.137,0
2025-10-01T19:47:00,32.43,53.56,261.3,0.07,0
2025-10-01T19:48:00,31.9,53.32,238.4,0.184,0
2025-10-01T19:49:00,38.74,53.08,273.9,0.188,0
2025-10-01T19:50:00,40.37,53.49,273.5,0.165,0
2025-10-01T19:51:00,36.81,56.02,242.1,0.188,0
2025-10-01T19:52:00,29.74,50.35,277.9,0.079,0
2025-10-01T19:53:00,33.17,52.73,248.5,0.274,0
2025-10-01T19:54:00,31.29,51.69,272.5,0.196,0
2025-10-01T19:55:00,29.08,53.13,288.8,0.282,0
2025-10-01T19:56:00,29.54,51.57,285.4,0.218,0
2025-10-01T19:57:00,37.82,54.2,260.9,0.137,0
2025-10-01T19:58:00,37.25,50.67,292.0,0.273,0
2025-10-01T19:59:00,79.94,57.56,158.4,7.297,1
2025-10-01T20:00:00,33.03,47.57,214.8,0.13,0
2025-10-01T20:01:00,29.83,54.35,255.3,0.179,0
2025-10-01T20:02:00,30.16,47.44,225.3,0.184,0
2025-10-01T20:03:00,30.94,50.71,266.6,0.119,0
2025-10-01T20:04:00,31.04,48.17,265.0,0.26,0
2025-10-01T20:05:00,32.03,51.85,233.2,0.284,0
2025-10-01T20:06:00,33.21,49.92,254.5,0.229,0
2025-10-01T20:07:00,33.12,51.66,240.2,0.178,0
2025-10-01T20:08:00,34.46,51.75,219.0,0.113,0
2025-10-01T20:09:00,31.78,51.16,232.0,0.231,0
2025-10-01T20:10:00,31.33,47.58,209.6,0.185,0
2025-10-01T20:11:00,30.63,52.1,233.4,0.28,0
2025-10-01T20:12:00,31.39,52.45,258.7,0.146,0
2025-10-01T20:13:00,27.57,54.09,260.3,0.18,0
2025-10-01T20:14:00,34.0,49.83,239.5,0.223,0
2025-10-01T20:15:00,32.7,49.84,184.3,0.263,0
2025-10-01T20:16:00,28.26,53.58,255.1,0.17,0
2025-10-01T20:17:00,29.28,48.52,266.0,0.166,0
2025-10-01T20:18:00,30.04,50.85,218.8,0.219,0
2025-10-01T20:19:00,38.19,48.45,188.8,0.218,0
2025-10-01T20:20:00,36.27,49.64,254.4,0.163,0
2025-10-01T20:21:00,38.25,51.61,248.2,0.156,0
2025-10-01T20:22:00,33.64,54.26,219.8,0.21,0
2025-10-01T20:23:00,34.0,47.92,286.8,0.273,0
2025-10-01T20:24:00,30.3,52.46,202.7,0.151,0
2025-10-01T20:25:00,30.58,49.58,245.9,0.212,0
2025-10-01T20:26:00,29.67,49.91,260.5,0.194,0
2025-10-01T20:27:00,30.9,51.6,264.8,0.175,0
2025-10-01T20:28:00,30.47,51.68,230.7,0.253,0
2025-10-01T20:29:00,36.33,50.67,241.8,0.216,0
2025-10-01T20:30:00,29.53,53.88,251.3,0.176,0
2025-10-01T20:31:00,29.02,51.89,234.2,0.197,0
2025-10-01T20:32:00,30.23,48.34,207.2,0.277,0
2025-10-01T20:33:00,32.14,51.71,212.5,0.176,0
2025-10-01T20:34:00,35.84,51.63,271.9,0.217,0
2025-10-01T20:35:00,31.91,53.14,241.4,0.232,0
2025-10-01T20:36:00,33.82,48.99,236.0,0.155,0
2025-10-01T20:37:00,28.9,49.35,219.9,0.24,0
2025-10-01T20:38:00,36.92,50.51,212.1,0.186,0
2025-10-01T20:39:00,31.4,52.25,241.8,0.193,0
2025-10-01T20:40:00,36.05,48.43,236.7,0.158,0
2025-10-01T20:41:00,31.78,49.38,236.9,0.154,0
2025-10-01T20:42:00,27.56,49.37,259.4,0.196,0
2025-10-01T20:43:00,38.63,51.26,264.7,0.212,0
2025-10-01T20:44:00,32.82,49.27,249.1,0.285,0
2025-10-01T20:45:00,32.62,48.68,273.4,0.22,0
2025-10-01T20:46:00,32.4,51.01,238.3,0.274,0
2025-10-01T20:47:00,30.38,49.36,236.8,0.126,0
2025-10-01T20:48:00,28.55,50.41,238.2,0.167,0
2025-10-01T20:49:00,31.76,51.75,221.2,0.266,0
2025-10-01T20:50:00,34.76,53.87,264.8,0.256,0
2025-10-01T20:51:00,34.38,51.87,224.2,0.196,0
2025-10-01T20:52:00,34.77,50.38,240.0,0.123,0
2025-10-01T20:53:00,32.27,55.89,243.1,0.198,0
2025-10-01T20:54:00,31.64,52.2,201.3,0.245,0
2025-10-01T20:55:00,33.82,49.52,282.7,0.209,0
2025-10-01T20:56:00,32.85,51.97,233.2,0.219,0
2025-10-01T20:57:00,32.5,53.63,223.9,0.214,0
2025-10-01T20:58:00,33.23,47.83,215.2,0.293,0
2025-10-01T20:59:00,29.35,50.14,234.9,0.224,0
2025-10-01T21:00:00,28.33,48.77,252.4,0.153,0
2025-10-01T21:01:00,28.72,47.94,178.2,0.179,0
2025-10-01T21:02:00,24.96,49.37,225.1,0.266,0
2025-10-01T21:03:00,31.32,49.2,213.7,0.186,0
2025-10-01T21:04:00,30.65,50.11,203.0,0.195,0
2025-10-01T21:05:00,32.84,50.93,221.8,0.18,0
2025-10-01T21:06:00,29.71,47.1,231.7,0.181,0
2025-10-01T21:07:00,32.05,48.86,256.3,0.178,0
2025-10-01T21:08:00,22.54,47.99,243.9,0.265,0
2025-10-01T21:09:00,29.38,46.63,256.0,0.274,0
2025-10-01T21:10:00,30.4,46.21,202.7,0.269,0
2025-10-01T21:11:00,29.4,48.75,233.2,0.18,0
2025-10-01T21:12:00,23.99,49.99,207.2,0.26,0
2025-10-01T21:13:00,28.18,49.4,234.2,0.142,0
2025-10-01T21:14:00,36.56,48.56,223.1,0.194,0
2025-10-01T21:15:00,28.82,46.64,260.3,0.211,0
2025-10-01T21:16:00,24.84,47.28,214.4,0.212,0
2025-10-01T21:17:00,29.28,49.92,257.5,0.323,0
2025-10-01T21:18:00,29.81,50.43,238.8,0.156,0
2025-10-01T21:19:00,31.5,50.86,216.7,0.199,0
2025-10-01T21:20:00,39.2,51.79,254.4,0.276,0
2025-10-01T21:21:00,29.29,48.76,207.3,0.145,0
2025-10-01T21:22:00,31.59,51.24,218.6,0.175,0
2025-10-01T21:23:00,27.33,50.1,216.7,0.255,0
2025-10-01T21:24:00,23.69,47.56,191.2,0.196,0
2025-10-01T21:25:00,29.51,49.7,206.9,0.238,0
2025-10-01T21:26:00,28.7,49.6,235.4,0.173,0
2025-10-01T21:27:00,27.82,46.28,216.1,0.158,0
2025-10-01T21:28:00,30.43,51.79,186.6,0.151,0
2025-10-01T21:29:00,26.28,52.44,233.7,0.07,0
2025-10-01T21:30:00,29.75,50.26,209.7,0.118,0
2025-10-01T21:31:00,30.06,46.98,173.5,0.157,0
2025-10-01T21:32:00,27.17,47.13,181.5,0.203,0
2025-10-01T21:33:00,31.57,50.87,196.4,0.225,0
2025-10-01T21:34:00,27.46,50.86,197.9,0.221,0
2025-10-01T21:35:00,29.86,49.54,211.6,0.151,0
2025-10-01T21:36:00,26.99,48.3,215.4,0.209,0
2025-10-01T21:37:00,31.68,48.73,197.9,0.21,0
2025-10-01T21:38:00,33.85,46.97,216.0,0.238,0
2025-10-01T21:39:00,30.37,47.19,204.1,0.224,0
2025-10-01T21:40:00,33.27,46.36,235.4,0.244,0
2025-10-01T21:41:00,28.67,47.18,219.5,0.214,0
2025-10-01T21:42:00,34.35,50.86,203.7,0.151,0
2025-10-01T21:43:00,33.18,48.21,236.7,0.239,0
2025-10-01T21:44:00,29.41,53.94,213.9,0.175,0
2025-10-01T21:45:00,27.24,51.52,205.4,0.248,0
2025-10-01T21:46:00,31.38,52.25,191.8,0.305,0
2025-10-01T21:47:00,27.48,51.76,230.9,0.233,0
2025-10-01T21:48:00,27.62,47.95,225.2,0.205,0
2025-10-01T21:49:00,30.61,50.85,183.5,0.127,0
2025-10-01T21:50:00,29.28,52.0,209.5,0.286,0
2025-10-01T21:51:00,29.15,51.49,225.2,0.184,0
2025-10-01T21:52:00,30.8,50.36,205.2,0.244,0
2025-10-01T21:53:00,26.59,50.63,187.7,0.252,0
2025-10-01T21:54:00,23.36,51.38,214.9,0.338,0
2025-10-01T21:55:00,28.17,47.56,213.7,0.227,0
2025-10-01T21:56:00,26.44,51.74,191.4,0.215,0
2025-10-01T21:57:00,69.81,50.97,78.8,5.309,1
2025-10-01T21:58:00,29.26,50.72,226.3,0.143,0
2025-10-01T21:59:00,29.42,51.0,211.7,0.245,0
2025-10-01T22:00:00,28.12,45.07,217.9,0.152,0
2025-10-01T22:01:00,28.74,48.4,194.8,0.261,0
2025-10-01T22:02:00,24.28,46.98,198.9,0.341,0
2025-10-01T22:03:00,26.51,48.59,211.4,0.196,0
2025-10-01T22:04:00,30.24,50.03,170.1,0.282,0
2025-10-01T22:05:00,28.62,48.86,215.1,0.07,0
2025-10-01T22:06:00,25.99,46.59,194.9,0.221,0
2025-10-01T22:07:00,30.99,48.81,188.5,0.226,0
2025-10-01T22:08:00,29.06,47.44,210.5,0.261,0
2025-10-01T22:09:00,25.13,47.99,202.9,0.183,0
2025-10-01T22:10:00,27.2,50.47,171.0,0.209,0
2025-10-01T22:11:00,61.02,46.68,293.3,3.94,1
2025-10-01T22:12:00,27.32,47.04,185.3,0.294,0
2025-10-01T22:13:00,30.56,49.99,201.7,0.151,0
2025-10-01T22:14:00,25.59,46.6,204.1,0.222,0
2025-10-01T22:15:00,29.08,49.48,172.0,0.18,0
2025-10-01T22:16:00,27.41,47.26,173.7,0.302,0
2025-10-01T22:17:00,31.5,46.45,161.8,0.18,0
2025-10-01T22:18:00,28.71,49.11,229.5,0.259,0
2025-10-01T22:19:00,23.89,49.44,221.3,0.246,0
2025-10-01T22:20:00,28.78,44.12,191.5,0.226,0
2025-10-01T22:21:00,26.0,46.27,189.7,0.224,0
2025-10-01T22:22:00,21.69,48.97,186.7,0.237,0
2025-10-01T22:23:00,26.84,43.93,177.5,0.261,0
2025-10-01T22:24:00,30.28,45.49,178.2,0.184,0
2025-10-01T22:25:00,31.05,45.69,193.2,0.22,0
2025-10-01T22:26:00,27.84,47.95,205.1,0.143,0
2025-10-01T22:27:00,24.02,47.57,187.9,0.192,0
2025-10-01T22:28:00,28.32,48.73,182.7,0.137,0
2025-10-01T22:29:00,24.56,43.75,198.9,0.202,0
2025-10-01T22:30:00,27.32,46.94,162.4,0.183,0
2025-10-01T22:31:00,20.66,47.33,195.8,0.15,0
2025-10-01T22:32:00,25.68,53.08,202.2,0.126,0
2025-10-01T22:33:00,26.61,45.78,201.8,0.155,0
2025-10-01T22:34:00,25.7,46.06,162.7,0.165,0
2025-10-01T22:35:00,27.36,48.01,221.4,0.152,0
2025-10-01T22:36:00,28.01,47.15,179.5,0.267,0
2025-10-01T22:37:00,20.3,52.67,192.5,0.188,0
2025-10-01T22:38:00,30.47,49.27,189.3,0.235,0
2025-10-01T22:39:00,32.8,50.14,209.5,0.146,0
2025-10-01T22:40:00,25.55,50.61,165.0,0.312,0
2025-10-01T22:41:00,26.19,44.37,205.2,0.212,0
2025-10-01T22:42:00,29.22,49.56,233.9,0.192,0
2025-10-01T22:43:00,27.39,49.47,211.9,0.206,0
2025-10-01T22:44:00,24.51,47.77,184.2,0.143,0
2025-10-01T22:45:00,25.5,51.17,184.3,0.127,0
2025-10-01T22:46:00,24.61,48.44,217.8,0.214,0
2025-10-01T22:47:00,29.33,51.72,224.5,0.132,0
2025-10-01T22:48:00,25.15,48.16,191.7,0.281,0
2025-10-01T22:49:00,27.27,48.22,184.9,0.237,0
2025-10-01T22:50:00,31.41,50.57,173.1,0.293,0
2025-10-01T22:51:00,26.37,49.24,222.1,0.186,0
2025-10-01T22:52:00,30.47,49.04,190.0,0.057,0
2025-10-01T22:53:00,29.31,49.25,220.8,0.2,0
2025-10-01T22:54:00,26.99,48.53,210.8,0.187,0
2025-10-01T22:55:00,24.49,50.09,240.4,0.151,0
2025-10-01T22:56:00,26.77,51.78,216.7,0.206,0
2025-10-01T22:57:00,26.93,49.98,183.3,0.182,0
2025-10-01T22:58:00,26.24,47.34,202.8,0.191,0
2025-10-01T22:59:00,26.04,48.98,257.7,0.282,0
2025-10-01T23:00:00,20.35,48.18,229.0,0.178,0
2025-10-01T23:01:00,24.95,49.66,216.2,0.191,0
2025-10-01T23:02:00,27.21,45.56,147.8,0.165,0
2025-10-01T23:03:00,25.93,46.93,158.6,0.185,0
2025-10-01T23:04:00,28.36,46.26,192.3,0.247,0
2025-10-01T23:05:00,25.3,47.34,210.5,0.243,0
2025-10-01T23:06:00,25.32,50.9,210.7,0.121,0
2025-10-01T23:07:00,64.16,47.38,224.4,4.358,1
2025-10-01T23:08:00,27.55,47.11,211.5,0.235,0
2025-10-01T23:09:00,26.06,49.39,201.7,0.196,0
2025-10-01T23:10:00,23.75,47.46,158.7,0.245,0
2025-10-01T23:11:00,26.06,46.05,206.7,0.242,0
2025-10-01T23:12:00,26.74,46.81,183.4,0.126,0
2025-10-01T23:13:00,28.37,49.26,185.3,0.144,0
2025-10-01T23:14:00,23.89,44.75,172.7,0.215,0
2025-10-01T23:15:00,19.43,45.96,209.6,0.198,0
2025-10-01T23:16:00,26.23,50.05,183.0,0.162,0
2025-10-01T23:17:00,28.5,47.26,204.0,0.18,0
2025-10-01T23:18:00,26.86,46.27,151.6,0.319,0
2025-10-01T23:19:00,24.33,49.41,183.2,0.129,0
2025-10-01T23:20:00,25.43,47.18,189.0,0.206,0
2025-10-01T23:21:00,29.12,47.69,175.0,0.175,0
2025-10-01T23:22:00,19.0,49.89,166.7,0.254,0
2025-10-01T23:23:00,25.09,50.74,199.2,0.201,0
2025-10-01T23:24:00,28.12,45.68,200.5,0.21,0
2025-10-01T23:25:00,26.03,46.38,187.7,0.151,0
2025-10-01T23:26:00,22.68,48.29,228.9,0.193,0
2025-10-01T23:27:00,25.09,44.18,187.5,0.21,0
2025-10-01T23:28:00,23.54,44.77,178.0,0.236,0
2025-10-01T23:29:00,24.92,47.19,174.1,0.239,0
2025-10-01T23:30:00,31.93,46.68,184.8,0.196,0
2025-10-01T23:31:00,29.2,49.35,197.0,0.118,0
2025-10-01T23:32:00,25.87,47.5,216.2,0.253,0
2025-10-01T23:33:00,23.33,47.12,190.4,0.18,0
2025-10-01T23:34:00,34.07,47.34,154.5,0.244,0
2025-10-01T23:35:00,17.79,44.4,191.1,0.087,0
2025-10-01T23:36:00,29.86,48.92,186.7,0.244,0
2025-10-01T23:37:00,26.57,47.22,174.5,0.21,0
2025-10-01T23:38:00,20.85,47.35,150.2,0.189,0
2025-10-01T23:39:00,21.27,48.98,171.8,0.1,0
2025-10-01T23:40:00,28.35,44.61,165.7,0.177,0
2025-10-01T23:41:00,26.71,47.69,180.2,0.224,0
2025-10-01T23:42:00,24.51,44.1,173.9,0.177,0
2025-10-01T23:43:00,27.42,44.8,187.7,0.264,0
2025-10-01T23:44:00,25.31,48.4,202.8,0.147,0
2025-10-01T23:45:00,26.62,48.66,177.1,0.199,0
2025-10-01T23:46:00,22.18,46.7,206.2,0.165,0
2025-10-01T23:47:00,20.98,45.48,183.6,0.201,0
2025-10-01T23:48:00,25.92,46.27,194.9,0.223,0
2025-10-01T23:49:00,25.92,47.57,181.9,0.2,0
2025-10-01T23:50:00,24.01,48.19,199.6,0.201,0
2025-10-01T23:51:00,65.86,49.12,195.3,6.925,1
2025-10-01T23:52:00,27.7,47.3,202.0,0.168,0
2025-10-01T23:53:00,28.2,43.46,201.1,0.241,0
2025-10-01T23:54:00,27.46,48.45,162.0,0.149,0
2025-10-01T23:55:00,23.38,45.94,187.4,0.204,0
2025-10-01T23:56:00,29.81,44.01,214.5,0.239,0
2025-10-01T23:57:00,24.37,48.37,207.7,0.129,0
2025-10-01T23:58:00,20.34,50.45,182.4,0.265,0
2025-10-01T23:59:00,25.81,49.22,212.9,0.253,0
2025-10-02T00:00:00,26.59,48.22,161.9,0.145,0
2025-10-02T00:01:00,28.04,44.34,186.2,0.26,0
2025-10-02T00:02:00,25.09,48.13,196.4,0.222,0
2025-10-02T00:03:00,24.29,46.29,185.2,0.266,0
2025-10-02T00:04:00,26.31,47.15,155.2,0.173,0
2025-10-02T00:05:00,25.32,45.53,159.2,0.167,0
2025-10-02T00:06:00,27.84,46.34,157.9,0.229,0
2025-10-02T00:07:00,30.12,46.73,149.2,0.181,0
2025-10-02T00:08:00,32.71,45.66,180.9,0.165,0
2025-10-02T00:09:00,22.98,47.54,182.8,0.165,0
2025-10-02T00:10:00,21.84,47.14,171.4,0.123,0
2025-10-02T00:11:00,30.38,46.98,177.4,0.274,0
2025-10-02T00:12:00,28.04,46.2,177.1,0.209,0
2025-10-02T00:13:00,22.48,46.65,198.2,0.235,0
2025-10-02T00:14:00,26.54,48.91,166.4,0.248,0
2025-10-02T00:15:00,23.77,47.69,205.4,0.207,0
2025-10-02T00:16:00,24.45,48.83,166.1,0.275,0
2025-10-02T00:17:00,25.09,46.8,189.1,0.225,0
2025-10-02T00:18:00,22.61,48.17,201.0,0.188,0
2025-10-02T00:19:00,29.19,46.35,148.9,0.147,0
2025-10-02T00:20:00,32.35,48.13,154.2,0.186,0
2025-10-02T00:21:00,24.91,45.07,169.8,0.168,0
2025-10-02T00:22:00,23.36,48.18,191.2,0.178,0
2025-10-02T00:23:00,16.59,47.46,190.3,0.223,0
2025-10-02T00:24:00,27.76,47.94,186.5,0.123,0
2025-10-02T00:25:00,29.67,49.82,157.1,0.272,0
2025-10-02T00:26:00,27.65,45.56,179.4,0.229,0
2025-10-02T00:27:00,26.71,47.37,198.4,0.154,0
2025-10-02T00:28:00,27.0,48.86,170.6,0.205,0
2025-10-02T00:29:00,29.24,45.49,152.6,0.196,0
2025-10-02T00:30:00,28.86,46.23,218.5,0.232,0
2025-10-02T00:31:00,25.1,48.08,153.6,0.195,0
2025-10-02T00:32:00,23.38,47.21,175.0,0.139,0
2025-10-02T00:33:00,28.56,42.91,231.2,0.132,0
2025-10-02T00:34:00,22.49,48.41,178.6,0.282,0
2025-10-02T00:35:00,27.3,48.82,221.0,0.179,0
2025-10-02T00:36:00,27.62,48.35,145.1,0.19,0
2025-10-02T00:37:00,23.4,52.68,207.4,0.205,0
2025-10-02T00:38:00,25.01,44.9,192.7,0.184,0
2025-10-02T00:39:00,25.13,47.62,186.8,0.21,0
2025-10-02T00:40:00,27.77,46.67,178.9,0.187,0
2025-10-02T00:41:00,23.68,46.78,160.9,0.174,0
2025-10-02T00:42:00,27.23,44.32,186.9,0.216,0
2025-10-02T00:43:00,24.64,49.84,231.6,0.174,0
2025-10-02T00:44:00,28.77,49.5,181.7,0.144,0
2025-10-02T00:45:00,23.78,46.42,182.2,0.226,0
2025-10-02T00:46:00,20.79,44.22,182.8,0.2,0
2025-10-02T00:47:00,24.82,48.56,186.5,0.182,0
2025-10-02T00:48:00,28.07,45.45,178.3,0.197,0
2025-10-02T00:49:00,21.11,44.75,170.2,0.197,0
2025-10-02T00:50:00,24.3,46.33,191.9,0.224,0
2025-10-02T00:51:00,22.3,46.46,205.7,0.185,0
2025-10-02T00:52:00,19.59,45.43,165.5,0.239,0
2025-10-02T00:53:00,29.27,46.77,191.1,0.26,0
2025-10-02T00:54:00,20.33,47.53,203.6,0.208,0
2025-10-02T00:55:00,20.48,44.84,152.4,0.214,0
2025-10-02T00:56:00,24.87,49.39,166.1,0.193,0
2025-10-02T00:57:00,22.19,47.01,179.1,0.295,0
2025-10-02T00:58:00,27.1,46.43,205.5,0.231,0
2025-10-02T00:59:00,27.8,44.63,168.8,0.246,0
2025-10-02T01:00:00,27.04,48.88,191.0,0.126,0
2025-10-02T01:01:00,27.18,48.12,183.9,0.213,0
2025-10-02T01:02:00,19.4,45.27,141.9,0.162,0
2025-10-02T01:03:00,23.09,47.09,138.3,0.226,0
2025-10-02T01:04:00,28.31,47.3,193.1,0.266,0
2025-10-02T01:05:00,18.73,47.97,184.8,0.179,0
2025-10-02T01:06:00,24.28,44.71,170.5,0.152,0
2025-10-02T01:07:00,20.07,48.41,179.3,0.191,0
2025-10-02T01:08:00,28.62,45.86,200.1,0.267,0
2025-10-02T01:09:00,28.37,45.11,187.1,0.18,0
2025-10-02T01:10:00,26.53,45.57,208.9,0.279,0
2025-10-02T01:11:00,26.6,47.31,137.6,0.156,0
2025-10-02T01:12:00,26.52,46.61,172.8,0.185,0
2025-10-02T01:13:00,27.49,49.07,212.1,0.221,0
2025-10-02T01:14:00,29.75,45.35,219.9,0.246,0
2025-10-02T01:15:00,28.73,46.36,211.3,0.238,0
2025-10-02T01:16:00,29.23,47.02,203.1,0.166,0
2025-10-02T01:17:00,23.04,44.59,168.5,0.21,0
2025-10-02T01:18:00,25.04,45.87,196.7,0.248,0
2025-10-02T01:19:00,27.69,47.92,199.6,0.193,0
2025-10-02T01:20:00,25.08,48.07,143.9,0.209,0
2025-10-02T01:21:00,29.98,48.2,167.4,0.16,0
2025-10-02T01:22:00,23.62,47.1,180.6,0.175,0
2025-10-02T01:23:00,27.83,45.19,152.7,0.195,0
2025-10-02T01:24:00,22.67,48.96,202.5,0.206,0
2025-10-02T01:25:00,32.06,47.16,177.4,0.176,0
2025-10-02T01:26:00,24.4,50.81,168.2,0.145,0
2025-10-02T01:27:00,24.89,51.04,151.6,0.178,0
2025-10-02T01:28:00,25.42,49.33,178.9,0.215,0
2025-10-02T01:29:00,24.14,45.14,144.6,0.171,0
2025-10-02T01:30:00,22.65,49.65,161.2,0.187,0
2025-10-02T01:31:00,26.27,50.21,158.6,0.299,0
2025-10-02T01:32:00,27.88,46.97,174.7,0.198,0
2025-10-02T01:33:00,28.67,48.34,216.8,0.177,0
2025-10-02T01:34:00,24.37,51.84,220.6,0.231,0
2025-10-02T01:35:00,32.2,49.33,172.0,0.161,0
2025-10-02T01:36:00,22.66,45.73,212.7,0.122,0
2025-10-02T01:37:00,30.71,47.46,166.6,0.142,0
2025-10-02T01:38:00,31.21,49.24,169.2,0.243,0
2025-10-02T01:39:00,26.95,49.94,207.9,0.224,0
2025-10-02T01:40:00,28.29,50.09,220.8,0.182,0
2025-10-02T01:41:00,30.02,46.24,148.4,0.173,0
2025-10-02T01:42:00,22.44,45.12,192.0,0.241,0
2025-10-02T01:43:00,28.82,44.57,167.9,0.354,0
2025-10-02T01:44:00,27.99,47.95,227.4,0.257,0
2025-10-02T01:45:00,21.01,49.81,156.5,0.186,0
2025-10-02T01:46:00,18.22,48.52,179.9,0.26,0
2025-10-02T01:47:00,26.58,48.14,148.3,0.196,0
2025-10-02T01:48:00,32.05,48.97,211.1,0.279,0
2025-10-02T01:49:00,24.52,46.36,182.7,0.252,0
2025-10-02T01:50:00,22.64,48.1,164.3,0.235,0
2025-10-02T01:51:00,27.38,46.89,201.1,0.247,0
2025-10-02T01:52:00,25.36,46.71,175.6,0.157,0
2025-10-02T01:53:00,24.52,49.3,173.9,0.256,0
2025-10-02T01:54:00,24.02,45.47,179.8,0.16,0
2025-10-02T01:55:00,21.04,46.15,171.9,0.157,0
2025-10-02T01:56:00,26.8,48.0,189.2,0.229,0
2025-10-02T01:57:00,21.97,50.95,185.6,0.237,0
2025-10-02T01:58:00,28.31,49.66,170.7,0.182,0
2025-10-02T01:59:00,24.08,45.38,161.3,0.154,0
2025-10-02T02:00:00,29.41,49.11,214.3,0.184,0
2025-10-02T02:01:00,31.41,49.89,208.8,0.164,0
2025-10-02T02:02:00,24.73,47.95,198.7,0.225,0
2025-10-02T02:03:00,19.52,47.78,235.7,0.176,0
2025-10-02T02:04:00,27.36,47.69,233.5,0.299,0
2025-10-02T02:05:00,23.89,46.22,176.7,0.22,0
2025-10-02T02:06:00,24.71,47.59,225.2,0.27,0
2025-10-02T02:07:00,28.79,46.9,181.8,0.181,0
2025-10-02T02:08:00,28.11,50.87,179.4,0.185,0
2025-10-02T02:09:00,23.37,48.27,201.7,0.169,0
2025-10-02T02:10:00,25.16,51.46,199.2,0.27,0
2025-10-02T02:11:00,31.11,49.62,186.3,0.2,0
2025-10-02T02:12:00,29.79,47.34,176.5,0.182,0
2025-10-02T02:13:00,32.99,49.19,179.9,0.178,0
2025-10-02T02:14:00,29.7,52.37,206.6,0.159,0
2025-10-02T02:15:00,25.11,47.64,228.0,0.217,0
2025-10-02T02:16:00,26.5,47.92,207.9,0.204,0
2025-10-02T02:17:00,64.17,44.07,333.3,5.593,1
2025-10-02T02:18:00,32.51,49.06,182.3,0.205,0
2025-10-02T02:19:00,30.53,49.27,202.1,0.276,0
2025-10-02T02:20:00,25.47,45.49,184.4,0.081,0
2025-10-02T02:21:00,25.78,46.24,225.4,0.142,0
2025-10-02T02:22:00,25.12,47.16,240.2,0.128,0
2025-10-02T02:23:00,24.08,51.23,179.5,0.114,0
2025-10-02T02:24:00,24.12,48.64,204.3,0.13,0
2025-10-02T02:25:00,27.54,47.71,218.4,0.205,0
2025-10-02T02:26:00,27.72,47.35,206.6,0.176,0
2025-10-02T02:27:00,27.12,45.06,173.3,0.236,0
2025-10-02T02:28:00,30.4,47.32,174.5,0.186,0
2025-10-02T02:29:00,26.47,47.17,179.8,0.093,0
2025-10-02T02:30:00,24.31,47.57,203.3,0.213,0
2025-10-02T02:31:00,31.4,45.33,209.6,0.276,0
2025-10-02T02:32:00,21.13,48.57,203.1,0.242,0
2025-10-02T02:33:00,26.53,45.91,183.1,0.295,0
2025-10-02T02:34:00,25.14,48.76,165.0,0.208,0
2025-10-02T02:35:00,25.18,46.09,247.2,0.21,0
2025-10-02T02:36:00,19.74,46.64,198.0,0.218,0
2025-10-02T02:37:00,30.36,51.27,190.3,0.198,0
2025-10-02T02:38:00,25.16,47.99,181.0,0.302,0
2025-10-02T02:39:00,27.44,50.76,214.5,0.239,0
2025-10-02T02:40:00,30.22,49.41,184.0,0.277,0
2025-10-02T02:41:00,30.47,46.6,201.3,0.229,0
2025-10-02T02:42:00,27.41,47.4,181.9,0.22,0
2025-10-02T02:43:00,29.68,46.23,194.8,0.115,0
2025-10-02T02:44:00,24.87,46.76,171.8,0.21,0
2025-10-02T02:45:00,29.82,51.4,205.3,0.237,0
2025-10-02T02:46:00,29.87,47.89,201.4,0.196,0
2025-10-02T02:47:00,27.25,48.58,197.0,0.17,0
2025-10-02T02:48:00,28.55,48.12,190.8,0.216,0
2025-10-02T02:49:00,24.22,50.77,144.3,0.206,0
2025-10-02T02:50:00,30.19,52.0,216.4,0.16,0
2025-10-02T02:51:00,28.28,49.61,198.5,0.232,0
2025-10-02T02:52:00,24.7,51.12,162.5,0.158,0
2025-10-02T02:53:00,29.06,46.12,186.1,0.173,0
2025-10-02T02:54:00,23.02,49.85,186.6,0.186,0
2025-10-02T02:55:00,27.02,47.71,179.1,0.154,0
2025-10-02T02:56:00,25.38,50.07,163.2,0.212,0
2025-10-02T02:57:00,24.69,47.97,183.0,0.179,0
2025-10-02T02:58:00,27.74,52.29,169.1,0.278,0
2025-10-02T02:59:00,26.56,50.6,242.5,0.206,0
2025-10-02T03:00:00,32.15,50.92,185.4,0.202,0
2025-10-02T03:01:00,32.93,47.84,248.3,0.241,0
2025-10-02T03:02:00,27.81,52.31,241.5,0.12,0
2025-10-02T03:03:00,30.57,48.05,224.9,0.128,0
2025-10-02T03:04:00,33.81,47.26,265.6,0.196,0
2025-10-02T03:05:00,28.97,46.38,196.1,0.234,0
2025-10-02T03:06:00,29.89,50.86,236.8,0.12,0
2025-10-02T03:07:00,61.92,47.13,110.6,8.016,1
2025-10-02T03:08:00,28.21,49.51,214.0,0.293,0
2025-10-02T03:09:00,31.01,45.93,225.6,0.172,0
2025-10-02T03:10:00,27.12,50.92,239.0,0.181,0
2025-10-02T03:11:00,29.62,49.47,214.3,0.224,0
2025-10-02T03:12:00,29.41,54.37,209.5,0.171,0
2025-10-02T03:13:00,27.87,51.57,248.8,0.243,0
2025-10-02T03:14:00,25.38,47.85,209.6,0.222,0
2025-10-02T03:15:00,29.15,46.77,225.0,0.228,0
2025-10-02T03:16:00,30.3,49.4,205.0,0.208,0
2025-10-02T03:17:00,32.84,51.75,220.0,0.158,0
2025-10-02T03:18:00,33.55,49.21,173.7,0.289,0
2025-10-02T03:19:00,31.88,48.87,199.8,0.221,0
2025-10-02T03:20:00,32.78,47.28,240.4,0.339,0
2025-10-02T03:21:00,23.56,49.19,236.2,0.242,0
2025-10-02T03:22:00,30.14,46.39,236.2,0.222,0
2025-10-02T03:23:00,27.04,48.08,191.2,0.217,0
2025-10-02T03:24:00,31.28,48.31,213.2,0.232,0
2025-10-02T03:25:00,33.33,45.7,228.4,0.234,0
2025-10-02T03:26:00,34.85,45.16,232.1,0.198,0
2025-10-02T03:27:00,29.4,51.71,230.4,0.204,0
2025-10-02T03:28:00,28.67,48.29,228.0,0.231,0
2025-10-02T03:29:00,30.4,49.99,227.8,0.102,0
2025-10-02T03:30:00,31.33,45.71,205.3,0.166,0
2025-10-02T03:31:00,30.2,49.65,228.7,0.19,0
2025-10-02T03:32:00,29.42,48.72,239.1,0.24,0
2025-10-02T03:33:00,27.14,46.76,217.8,0.257,0
2025-10-02T03:34:00,32.32,47.3,205.1,0.135,0
2025-10-02T03:35:00,33.33,47.06,188.5,0.194,0
2025-10-02T03:36:00,29.52,46.88,211.0,0.259,0
2025-10-02T03:37:00,33.03,49.42,237.0,0.142,0
2025-10-02T03:38:00,25.43,49.21,195.6,0.173,0
2025-10-02T03:39:00,27.05,45.52,180.3,0.191,0
2025-10-02T03:40:00,31.09,50.4,207.9,0.243,0
2025-10-02T03:41:00,26.49,56.08,213.2,0.152,0
2025-10-02T03:42:00,30.97,48.81,180.4,0.108,0
2025-10-02T03:43:00,33.28,46.83,210.4,0.225,0
2025-10-02T03:44:00,26.99,50.28,183.7,0.218,0
2025-10-02T03:45:00,62.83,47.64,135.8,4.944,1
2025-10-02T03:46:00,27.82,49.5,203.4,0.158,0
2025-10-02T03:47:00,28.34,47.7,252.9,0.214,0
2025-10-02T03:48:00,31.2,48.19,212.5,0.277,0
2025-10-02T03:49:00,33.66,48.74,208.9,0.195,0
2025-10-02T03:50:00,21.92,51.94,231.6,0.253,0
2025-10-02T03:51:00,34.29,48.75,227.9,0.123,0
2025-10-02T03:52:00,29.44,49.91,207.3,0.193,0
2025-10-02T03:53:00,32.49,53.34,219.2,0.16,0
2025-10-02T03:54:00,30.28,50.27,188.6,0.261,0
2025-10-02T03:55:00,30.3,46.91,220.6,0.157,0
2025-10-02T03:56:00,33.3,51.21,181.2,0.196,0
2025-10-02T03:57:00,29.01,50.7,233.6,0.137,0
2025-10-02T03:58:00,29.26,48.79,200.1,0.208,0
2025-10-02T03:59:00,28.5,46.37,217.1,0.214,0
2025-10-02T04:00:00,32.36,50.74,262.5,0.109,0
2025-10-02T04:01:00,28.18,50.65,265.9,0.167,0
2025-10-02T04:02:00,32.91,48.7,264.6,0.213,0
2025-10-02T04:03:00,30.97,52.72,243.1,0.243,0
2025-10-02T04:04:00,34.99,49.54,245.9,0.179,0
2025-10-02T04:05:00,32.32,47.52,230.8,0.22,0
2025-10-02T04:06:00,29.12,49.15,234.4,0.22,0
2025-10-02T04:07:00,27.29,53.37,222.6,0.128,0
2025-10-02T04:08:00,32.53,49.93,266.4,0.198,0
2025-10-02T04:09:00,32.99,51.81,231.1,0.123,0
2025-10-02T04:10:00,32.4,53.31,243.2,0.129,0
2025-10-02T04:11:00,36.89,52.84,267.9,0.206,0
2025-10-02T04:12:00,35.29,51.94,220.2,0.113,0
2025-10-02T04:13:00,27.17,50.78,271.4,0.271,0
2025-10-02T04:14:00,31.37,52.14,248.6,0.228,0
2025-10-02T04:15:00,30.62,46.47,193.8,0.156,0
2025-10-02T04:16:00,32.47,50.97,236.3,0.205,0
2025-10-02T04:17:00,33.03,50.08,232.5,0.258,0
2025-10-02T04:18:00,33.93,51.18,230.9,0.154,0
2025-10-02T04:19:00,29.63,51.26,246.3,0.2,0
2025-10-02T04:20:00,35.89,52.15,273.6,0.179,0
2025-10-02T04:21:00,29.76,50.54,271.0,0.189,0
2025-10-02T04:22:00,32.37,53.14,220.8,0.192,0
2025-10-02T04:23:00,35.15,52.12,260.1,0.196,0
2025-10-02T04:24:00,32.62,47.34,238.3,0.151,0
2025-10-02T04:25:00,33.79,53.63,253.0,0.203,0
2025-10-02T04:26:00,29.56,53.62,280.5,0.213,0
2025-10-02T04:27:00,39.47,49.5,211.2,0.137,0
2025-10-02T04:28:00,26.91,52.27,274.0,0.219,0
2025-10-02T04:29:00,32.78,49.88,261.1,0.23,0
2025-10-02T04:30:00,31.78,49.84,192.0,0.146,0
2025-10-02T04:31:00,35.74,46.39,230.0,0.152,0
2025-10-02T04:32:00,30.98,51.21,254.5,0.218,0
2025-10-02T04:33:00,34.8,49.88,258.3,0.155,0
2025-10-02T04:34:00,36.27,49.09,225.8,0.212,0
2025-10-02T04:35:00,30.37,54.48,267.4,0.219,0
2025-10-02T04:36:00,29.21,52.2,303.1,0.182,0
2025-10-02T04:37:00,39.72,49.68,214.6,0.189,0
2025-10-02T04:38:00,33.34,48.76,243.4,0.087,0
2025-10-02T04:39:00,31.22,48.63,255.1,0.241,0
2025-10-02T04:40:00,36.06,56.09,232.1,0.218,0
2025-10-02T04:41:00,36.31,52.01,241.9,0.235,0
2025-10-02T04:42:00,32.94,50.85,234.2,0.136,0
2025-10-02T04:43:00,32.11,51.14,225.5,0.249,0
2025-10-02T04:44:00,35.23,50.93,260.6,0.125,0
2025-10-02T04:45:00,28.98,51.12,245.5,0.179,0
2025-10-02T04:46:00,35.98,51.19,192.2,0.236,0
2025-10-02T04:47:00,29.58,52.3,266.4,0.251,0
2025-10-02T04:48:00,35.53,54.56,252.6,0.209,0
2025-10-02T04:49:00,34.14,50.98,236.3,0.288,0
2025-10-02T04:50:00,33.03,50.83,241.3,0.243,0
2025-10-02T04:51:00,36.1,52.79,281.0,0.112,0
2025-10-02T04:52:00,35.77,51.72,242.0,0.225,0
2025-10-02T04:53:00,32.13,48.39,251.2,0.23,0
2025-10-02T04:54:00,36.99,49.5,189.8,0.222,0
2025-10-02T04:55:00,33.12,52.48,250.1,0.266,0
2025-10-02T04:56:00,27.36,50.6,222.9,0.192,0
2025-10-02T04:57:00,33.41,50.8,229.1,0.202,0
2025-10-02T04:58:00,27.29,52.59,215.5,0.089,0
2025-10-02T04:59:00,25.8,47.94,245.9,0.157,0
2025-10-02T05:00:00,37.08,52.59,310.2,0.146,0
2025-10-02T05:01:00,40.01,52.07,268.2,0.133,0
2025-10-02T05:02:00,40.47,54.5,259.1,0.208,0
2025-10-02T05:03:00,35.9,54.48,288.7,0.151,0
2025-10-02T05:04:00,37.43,50.97,248.7,0.216,0
2025-10-02T05:05:00,37.23,48.84,259.6,0.275,0
2025-10-02T05:06:00,40.67,53.08,271.9,0.156,0
2025-10-02T05:07:00,35.61,51.2,271.4,0.104,0
2025-10-02T05:08:00,38.84,51.81,266.0,0.248,0
2025-10-02T05:09:00,33.65,52.65,295.2,0.226,0
2025-10-02T05:10:00,35.1,51.04,271.3,0.193,0
2025-10-02T05:11:00,39.91,53.22,254.7,0.195,0
2025-10-02T05:12:00,36.93,52.94,309.4,0.176,0
2025-10-02T05:13:00,34.12,50.95,231.7,0.177,0
2025-10-02T05:14:00,40.35,51.83,277.5,0.187,0
2025-10-02T05:15:00,33.26,57.01,282.4,0.074,0
2025-10-02T05:16:00,33.29,54.47,270.3,0.183,0
2025-10-02T05:17:00,31.78,51.61,254.0,0.257,0
2025-10-02T05:18:00,32.78,54.98,284.7,0.173,0
2025-10-02T05:19:00,30.42,53.31,266.9,0.241,0
2025-10-02T05:20:00,35.12,51.98,292.4,0.192,0
2025-10-02T05:21:00,35.52,53.18,249.3,0.243,0
2025-10-02T05:22:00,40.08,52.6,264.3,0.203,0
2025-10-02T05:23:00,33.85,55.4,279.5,0.251,0
2025-10-02T05:24:00,31.91,51.72,235.8,0.191,0
2025-10-02T05:25:00,39.91,54.4,235.4,0.209,0
2025-10-02T05:26:00,74.13,56.06,281.7,5.502,1
2025-10-02T05:27:00,33.22,52.96,272.8,0.276,0
2025-10-02T05:28:00,38.36,53.46,283.8,0.183,0
2025-10-02T05:29:00,33.56,52.02,322.9,0.154,0
2025-10-02T05:30:00,36.41,54.14,253.6,0.214,0
2025-10-02T05:31:00,36.99,52.42,278.6,0.204,0
2025-10-02T05:32:00,38.24,54.51,247.8,0.261,0
2025-10-02T05:33:00,39.22,52.64,262.3,0.179,0
2025-10-02T05:34:00,40.76,50.15,276.6,0.223,0
2025-10-02T05:35:00,34.47,49.72,294.3,0.228,0
2025-10-02T05:36:00,35.67,49.38,268.3,0.203,0
2025-10-02T05:37:00,40.29,52.9,257.0,0.233,0
2025-10-02T05:38:00,38.92,52.56,281.1,0.365,0
2025-10-02T05:39:00,33.7,53.54,260.0,0.06,0
2025-10-02T05:40:00,37.98,51.33,237.2,0.242,0
2025-10-02T05:41:00,36.27,49.81,289.9,0.101,0
2025-10-02T05:42:00,33.2,52.54,293.4,0.203,0
2025-10-02T05:43:00,77.78,52.94,338.1,7.227,1
2025-10-02T05:44:00,34.5,50.88,300.6,0.251,0
2025-10-02T05:45:00,32.3,53.29,276.7,0.145,0
2025-10-02T05:46:00,31.24,53.25,267.3,0.155,0
2025-10-02T05:47:00,32.93,55.04,238.2,0.275,0
2025-10-02T05:48:00,36.63,51.0,256.3,0.243,0
2025-10-02T05:49:00,39.8,53.46,275.5,0.192,0
2025-10-02T05:50:00,26.74,49.88,263.6,0.121,0
2025-10-02T05:51:00,34.8,53.41,294.0,0.119,0
2025-10-02T05:52:00,36.83,55.23,250.0,0.196,0
2025-10-02T05:53:00,27.99,54.41,230.7,0.102,0
2025-10-02T05:54:00,38.39,56.01,249.1,0.246,0
2025-10-02T05:55:00,35.95,51.24,260.5,0.157,0
2025-10-02T05:56:00,74.73,53.05,361.3,5.823,1
2025-10-02T05:57:00,39.17,49.25,224.4,0.297,0
2025-10-02T05:58:00,35.29,49.19,255.4,0.24,0
2025-10-02T05:59:00,34.43,54.65,273.0,0.186,0
2025-10-02T06:00:00,40.97,52.52,289.4,0.167,0
2025-10-02T06:01:00,42.07,53.6,285.9,0.2,0
2025-10-02T06:02:00,42.57,52.7,273.0,0.223,0
2025-10-02T06:03:00,42.82,55.04,288.6,0.185,0
2025-10-02T06:04:00,38.94,56.39,298.8,0.153,0
2025-10-02T06:05:00,39.99,53.06,337.7,0.219,0
2025-10-02T06:06:00,80.37,53.53,251.0,6.249,1
2025-10-02T06:07:00,45.32,52.66,297.7,0.196,0
2025-10-02T06:08:00,36.66,56.37,305.1,0.177,0
2025-10-02T06:09:00,39.15,56.41,309.2,0.206,0
2025-10-02T06:10:00,33.0,54.14,307.8,0.236,0
2025-10-02T06:11:00,38.21,53.56,294.5,0.175,0
2025-10-02T06:12:00,35.78,53.46,304.2,0.212,0
2025-10-02T06:13:00,46.27,56.82,295.7,0.172,0
2025-10-02T06:14:00,41.21,55.29,275.5,0.282,0
2025-10-02T06:15:00,40.09,52.15,279.4,0.17,0
2025-10-02T06:16:00,36.98,55.04,308.8,0.164,0
2025-10-02T06:17:00,36.67,50.34,288.1,0.244,0
2025-10-02T06:18:00,40.7,56.81,303.2,0.169,0
2025-10-02T06:19:00,39.16,57.57,301.4,0.175,0
2025-10-02T06:20:00,41.65,57.66,293.8,0.168,0
2025-10-02T06:21:00,39.12,56.69,331.8,0.136,0
2025-10-02T06:22:00,37.39,56.37,306.7,0.253,0
2025-10-02T06:23:00,42.52,56.09,313.0,0.291,0
2025-10-02T06:24:00,39.02,55.05,291.2,0.144,0
2025-10-02T06:25:00,39.12,51.75,298.8,0.238,0
2025-10-02T06:26:00,46.72,56.43,295.7,0.143,0
2025-10-02T06:27:00,43.37,56.19,301.4,0.175,0
2025-10-02T06:28:00,38.67,52.93,305.3,0.15,0
2025-10-02T06:29:00,41.84,53.74,274.1,0.185,0
2025-10-02T06:30:00,41.94,52.15,306.4,0.165,0
2025-10-02T06:31:00,36.18,54.29,336.4,0.209,0
2025-10-02T06:32:00,43.19,58.3,269.2,0.171,0
2025-10-02T06:33:00,35.23,51.91,316.9,0.215,0
2025-10-02T06:34:00,38.61,53.94,310.7,0.205,0
2025-10-02T06:35:00,36.8,54.45,296.9,0.202,0
2025-10-02T06:36:00,39.97,55.88,310.7,0.21,0
2025-10-02T06:37:00,41.67,56.93,316.8,0.27,0
2025-10-02T06:38:00,39.48,55.69,308.2,0.195,0
2025-10-02T06:39:00,40.14,52.7,308.7,0.182,0
2025-10-02T06:40:00,45.34,52.65,312.5,0.156,0
2025-10-02T06:41:00,41.7,53.41,299.8,0.213,0
2025-10-02T06:42:00,44.38,58.56,293.2,0.243,0
2025-10-02T06:43:00,38.84,53.01,315.0,0.229,0
2025-10-02T06:44:00,42.97,54.34,315.6,0.193,0
2025-10-02T06:45:00,40.96,54.53,306.4,0.135,0
2025-10-02T06:46:00,41.6,53.17,325.4,0.193,0
2025-10-02T06:47:00,42.64,54.18,288.4,0.125,0
2025-10-02T06:48:00,44.53,55.44,301.0,0.167,0
2025-10-02T06:49:00,43.43,56.03,330.5,0.26,0
2025-10-02T06:50:00,44.88,54.91,288.6,0.214,0
2025-10-02T06:51:00,35.34,52.52,313.8,0.172,0
2025-10-02T06:52:00,37.66,52.38,278.3,0.128,0
2025-10-02T06:53:00,36.07,52.37,334.2,0.285,0
2025-10-02T06:54:00,41.51,55.68,289.2,0.167,0
2025-10-02T06:55:00,39.37,57.27,252.6,0.197,0
2025-10-02T06:56:00,43.75,52.99,256.1,0.149,0
2025-10-02T06:57:00,39.99,52.49,313.6,0.21,0
2025-10-02T06:58:00,43.2,56.92,288.7,0.241,0
2025-10-02T06:59:00,42.69,52.21,276.6,0.22,0
2025-10-02T07:00:00,47.55,55.84,368.9,0.251,0
2025-10-02T07:01:00,47.14,59.04,342.1,0.279,0
2025-10-02T07:02:00,47.21,60.84,360.3,0.199,0
2025-10-02T07:03:00,44.96,54.92,352.3,0.095,0
2025-10-02T07:04:00,46.39,58.04,325.6,0.154,0
2025-10-02T07:05:00,42.29,57.37,322.0,0.204,0
2025-10-02T07:06:00,45.5,61.63,353.1,0.244,0
2025-10-02T07:07:00,45.21,59.74,304.7,0.179,0
2025-10-02T07:08:00,38.24,57.62,320.0,0.175,0
2025-10-02T07:09:00,44.6,56.62,307.3,0.208,0
2025-10-02T07:10:00,45.3,57.09,343.1,0.154,0
2025-10-02T07:11:00,42.94,57.27,363.8,0.246,0
2025-10-02T07:12:00,44.74,58.72,346.6,0.22,0
2025-10-02T07:13:00,43.94,54.7,372.1,0.054,0
2025-10-02T07:14:00,45.43,57.36,326.1,0.177,0
2025-10-02T07:15:00,44.84,57.3,351.5,0.199,0
2025-10-02T07:16:00,42.64,56.5,321.2,0.241,0
2025-10-02T07:17:00,44.81,54.05,340.4,0.25,0
2025-10-02T07:18:00,45.15,58.72,282.2,0.091,0
2025-10-02T07:19:00,42.68,55.0,293.4,0.183,0
2025-10-02T07:20:00,41.75,56.06,332.1,0.121,0
2025-10-02T07:21:00,46.83,59.85,323.2,0.139,0
2025-10-02T07:22:00,46.01,56.6,317.6,0.116,0
2025-10-02T07:23:00,46.02,56.08,356.5,0.182,0
2025-10-02T07:24:00,47.8,54.75,315.8,0.24,0
2025-10-02T07:25:00,44.94,55.12,342.3,0.179,0
2025-10-02T07:26:00,45.01,58.04,329.5,0.215,0
2025-10-02T07:27:00,41.69,55.69,338.5,0.14,0
2025-10-02T07:28:00,46.19,57.98,342.8,0.204,0
2025-10-02T07:29:00,46.54,59.1,309.6,0.252,0
2025-10-02T07:30:00,47.61,52.53,350.8,0.189,0
2025-10-02T07:31:00,44.07,55.46,319.6,0.254,0
2025-10-02T07:32:00,49.02,59.53,318.2,0.141,0
2025-10-02T07:33:00,41.63,58.45,326.4,0.147,0
2025-10-02T07:34:00,44.79,56.47,378.3,0.214,0
2025-10-02T07:35:00,45.08,55.2,331.6,0.208,0
2025-10-02T07:36:00,43.07,56.68,347.5,0.203,0
2025-10-02T07:37:00,43.88,55.53,314.0,0.23,0
2025-10-02T07:38:00,43.27,58.9,316.3,0.199,0
2025-10-02T07:39:00,43.83,54.7,348.5,0.216,0
2025-10-02T07:40:00,44.22,59.04,313.3,0.183,0
2025-10-02T07:41:00,44.66,56.55,338.5,0.188,0
2025-10-02T07:42:00,40.93,56.5,301.9,0.126,0
2025-10-02T07:43:00,45.74,57.56,350.6,0.153,0
2025-10-02T07:44:00,41.84,58.2,321.5,0.14,0
2025-10-02T07:45:00,45.35,58.62,315.3,0.098,0
2025-10-02T07:46:00,44.22,56.13,319.6,0.166,0
2025-10-02T07:47:00,43.32,58.3,327.2,0.28,0
2025-10-02T07:48:00,46.53,55.99,364.4,0.236,0
2025-10-02T07:49:00,43.19,54.8,326.4,0.204,0
2025-10-02T07:50:00,43.84,54.85,357.8,0.139,0
2025-10-02T07:51:00,44.09,57.06,311.0,0.236,0
2025-10-02T07:52:00,45.06,56.25,317.1,0.181,0
2025-10-02T07:53:00,41.46,57.43,345.1,0.265,0
2025-10-02T07:54:00,50.93,59.68,342.2,0.222,0
2025-10-02T07:55:00,41.59,58.82,338.6,0.187,0
2025-10-02T07:56:00,42.24,55.98,317.7,0.243,0
2025-10-02T07:57:00,44.46,54.82,348.1,0.22,0
2025-10-02T07:58:00,41.15,57.87,327.4,0.189,0
2025-10-02T07:59:00,43.3,56.17,296.9,0.249,0
2025-10-02T08:00:00,44.79,58.65,341.2,0.184,0
2025-10-02T08:01:00,51.6,57.6,378.1,0.2,0
2025-10-02T08:02:00,43.5,62.0,339.7,0.256,0
2025-10-02T08:03:00,45.21,58.58,376.4,0.175,0
2025-10-02T08:04:00,45.0,58.26,316.1,0.164,0
2025-10-02T08:05:00,49.24,56.69,351.9,0.181,0
2025-10-02T08:06:00,44.74,56.77,348.7,0.28,0
2025-10-02T08:07:00,43.52,64.6,364.2,0.125,0
2025-10-02T08:08:00,46.52,57.14,401.8,0.17,0
2025-10-02T08:09:00,44.26,59.94,400.2,0.23,0
2025-10-02T08:10:00,44.72,57.74,361.4,0.19,0
2025-10-02T08:11:00,47.48,61.74,343.4,0.254,0
2025-10-02T08:12:00,46.24,59.53,397.9,0.208,0
2025-10-02T08:13:00,46.81,59.18,360.6,0.201,0
2025-10-02T08:14:00,50.03,59.52,334.3,0.211,0
2025-10-02T08:15:00,44.89,56.74,368.8,0.198,0
2025-10-02T08:16:00,49.48,60.0,361.1,0.212,0
2025-10-02T08:17:00,46.71,62.26,373.9,0.118,0
2025-10-02T08:18:00,42.49,56.98,341.6,0.15,0
2025-10-02T08:19:00,49.13,56.78,346.0,0.247,0
2025-10-02T08:20:00,82.32,61.76,270.6,6.969,1
2025-10-02T08:21:00,82.03,58.9,403.0,4.022,1
2025-10-02T08:22:00,42.75,58.51,401.2,0.287,0
2025-10-02T08:23:00,48.83,58.08,356.4,0.152,0
2025-10-02T08:24:00,46.52,57.06,380.3,0.183,0
2025-10-02T08:25:00,47.13,57.88,374.3,0.173,0
2025-10-02T08:26:00,48.45,59.81,347.5,0.18,0
2025-10-02T08:27:00,48.98,62.05,357.6,0.124,0
2025-10-02T08:28:00,51.29,59.77,387.7,0.239,0
2025-10-02T08:29:00,52.55,57.48,339.0,0.122,0
2025-10-02T08:30:00,47.23,59.69,351.5,0.129,0
2025-10-02T08:31:00,44.2,58.84,377.0,0.176,0
2025-10-02T08:32:00,52.34,57.98,406.3,0.112,0
2025-10-02T08:33:00,49.46,60.93,340.2,0.203,0
2025-10-02T08:34:00,47.5,64.3,363.8,0.24,0
2025-10-02T08:35:00,47.98,62.2,356.9,0.251,0
2025-10-02T08:36:00,47.62,62.72,402.4,0.159,0
2025-10-02T08:37:00,50.69,59.35,358.5,0.137,0
2025-10-02T08:38:00,52.03,58.76,358.6,0.251,0
2025-10-02T08:39:00,43.57,61.06,354.8,0.229,0
2025-10-02T08:40:00,50.93,57.25,376.4,0.234,0
2025-10-02T08:41:00,48.69,57.07,321.6,0.236,0
2025-10-02T08:42:00,39.52,60.78,351.3,0.258,0
2025-10-02T08:43:00,45.35,61.43,326.8,0.245,0
2025-10-02T08:44:00,46.93,56.42,353.5,0.153,0
2025-10-02T08:45:00,45.76,60.34,394.1,0.208,0
2025-10-02T08:46:00,42.85,59.39,369.5,0.211,0
2025-10-02T08:47:00,53.35,60.02,307.8,0.193,0
2025-10-02T08:48:00,45.19,60.0,328.6,0.235,0
2025-10-02T08:49:00,45.78,52.96,359.8,0.14,0
2025-10-02T08:50:00,43.55,59.1,318.9,0.256,0
2025-10-02T08:51:00,44.01,57.94,380.6,0.239,0
2025-10-02T08:52:00,47.75,62.45,359.1,0.279,0
2025-10-02T08:53:00,43.22,57.05,397.5,0.219,0
2025-10-02T08:54:00,47.59,60.71,329.0,0.172,0
2025-10-02T08:55:00,49.47,59.62,346.5,0.162,0
2025-10-02T08:56:00,47.09,57.1,350.5,0.185,0
2025-10-02T08:57:00,46.17,57.83,354.5,0.176,0
2025-10-02T08:58:00,41.03,57.66,353.2,0.17,0
2025-10-02T08:59:00,45.3,57.71,348.1,0.121,0
2025-10-02T09:00:00,52.15,65.74,402.8,0.171,0
2025-10-02T09:01:00,53.36,60.58,390.3,0.235,0
2025-10-02T09:02:00,51.97,61.82,384.4,0.19,0
2025-10-02T09:03:00,46.65,62.38,383.6,0.257,0
2025-10-02T09:04:00,56.57,61.05,373.7,0.231,0
2025-10-02T09:05:00,48.04,62.48,397.9,0.24,0
2025-10-02T09:06:00,53.1,57.36,397.3,0.182,0
2025-10-02T09:07:00,53.58,62.77,366.4,0.186,0
2025-10-02T09:08:00,51.38,63.35,375.3,0.214,0
2025-10-02T09:09:00,52.77,63.95,386.4,0.147,0
2025-10-02T09:10:00,51.06,61.71,378.5,0.155,0
2025-10-02T09:11:00,49.01,61.82,402.5,0.272,0
2025-10-02T09:12:00,54.11,63.98,393.0,0.23,0
2025-10-02T09:13:00,45.76,59.39,429.5,0.222,0
2025-10-02T09:14:00,52.14,58.83,376.7,0.209,0
2025-10-02T09:15:00,52.3,59.47,415.6,0.145,0
2025-10-02T09:16:00,52.6,62.28,393.5,0.163,0
2025-10-02T09:17:00,54.28,60.97,371.7,0.189,0
2025-10-02T09:18:00,49.37,59.74,394.0,0.101,0
2025-10-02T09:19:00,53.27,62.56,382.2,0.223,0
2025-10-02T09:20:00,48.38,60.08,385.4,0.28,0
2025-10-02T09:21:00,48.23,62.79,388.9,0.255,0
2025-10-02T09:22:00,49.22,63.22,379.1,0.196,0
2025-10-02T09:23:00,49.15,61.24,359.2,0.181,0
2025-10-02T09:24:00,53.69,58.85,386.2,0.175,0
2025-10-02T09:25:00,54.23,59.51,396.7,0.144,0
2025-10-02T09:26:00,52.44,62.59,376.7,0.113,0
2025-10-02T09:27:00,43.43,60.11,382.2,0.207,0
2025-10-02T09:28:00,45.61,59.78,385.3,0.211,0
2025-10-02T09:29:00,52.72,64.3,375.0,0.189,0
2025-10-02T09:30:00,50.9,59.25,391.4,0.195,0
2025-10-02T09:31:00,46.87,58.98,348.6,0.132,0
2025-10-02T09:32:00,54.18,61.37,372.9,0.24,0
2025-10-02T09:33:00,52.42,59.55,375.6,0.14,0
2025-10-02T09:34:00,52.57,59.85,380.8,0.231,0
2025-10-02T09:35:00,49.61,58.87,404.7,0.245,0
2025-10-02T09:36:00,46.45,59.74,391.0,0.2,0
2025-10-02T09:37:00,51.47,60.03,388.4,0.252,0
2025-10-02T09:38:00,47.89,65.32,421.4,0.259,0
2025-10-02T09:39:00,44.18,57.47,377.0,0.091,0
2025-10-02T09:40:00,56.84,59.45,379.6,0.285,0
2025-10-02T09:41:00,51.28,62.6,388.2,0.135,0
2025-10-02T09:42:00,47.62,61.54,392.8,0.235,0
2025-10-02T09:43:00,50.15,64.9,393.3,0.139,0
2025-10-02T09:44:00,52.11,60.67,408.7,0.089,0
2025-10-02T09:45:00,49.28,65.27,367.0,0.218,0
2025-10-02T09:46:00,52.52,57.93,382.7,0.223,0
2025-10-02T09:47:00,50.44,61.96,369.2,0.181,0
2025-10-02T09:48:00,52.67,59.32,387.6,0.2,0
2025-10-02T09:49:00,54.37,61.13,407.1,0.209,0
2025-10-02T09:50:00,48.58,60.31,413.2,0.086,0
2025-10-02T09:51:00,57.89,58.44,368.0,0.246,0
2025-10-02T09:52:00,51.02,59.48,388.1,0.254,0
2025-10-02T09:53:00,53.32,60.55,404.7,0.201,0
2025-10-02T09:54:00,53.6,62.03,353.9,0.144,0
2025-10-02T09:55:00,44.82,57.57,410.3,0.189,0
2025-10-02T09:56:00,47.76,58.03,372.1,0.132,0
2025-10-02T09:57:00,50.02,58.84,385.9,0.223,0
2025-10-02T09:58:00,51.78,62.08,379.2,0.246,0
2025-10-02T09:59:00,54.23,60.27,365.6,0.185,0
2025-10-02T10:00:00,54.42,59.69,385.4,0.196,0
2025-10-02T10:01:00,53.29,62.77,402.7,0.214,0
2025-10-02T10:02:00,51.66,61.49,404.7,0.145,0
2025-10-02T10:03:00,48.16,63.44,399.6,0.177,0
2025-10-02T10:04:00,52.53,65.23,394.1,0.226,0
2025-10-02T10:05:00,54.5,61.84,403.5,0.316,0
2025-10-02T10:06:00,50.29,63.06,389.1,0.121,0
2025-10-02T10:07:00,52.46,62.69,404.4,0.205,0
2025-10-02T10:08:00,48.36,59.02,416.7,0.223,0
2025-10-02T10:09:00,50.4,60.88,410.0,0.207,0
2025-10-02T10:10:00,82.97,61.47,430.5,5.266,1
2025-10-02T10:11:00,52.59,58.93,387.3,0.218,0
2025-10-02T10:12:00,46.31,63.08,377.8,0.188,0
2025-10-02T10:13:00,49.52,62.19,389.9,0.142,0
2025-10-02T10:14:00,51.8,64.12,440.2,0.185,0
2025-10-02T10:15:00,52.36,63.11,385.7,0.227,0
2025-10-02T10:16:00,52.86,64.22,395.6,0.19,0
2025-10-02T10:17:00,52.5,60.65,404.0,0.214,0
2025-10-02T10:18:00,51.59,60.09,380.8,0.164,0
2025-10-02T10:19:00,56.36,62.72,431.8,0.164,0
2025-10-02T10:20:00,52.89,62.99,383.3,0.132,0
2025-10-02T10:21:00,55.07,62.75,394.8,0.117,0
2025-10-02T10:22:00,55.25,60.63,417.3,0.205,0
2025-10-02T10:23:00,52.64,61.11,399.4,0.249,0
2025-10-02T10:24:00,59.68,62.64,388.6,0.192,0
2025-10-02T10:25:00,46.7,59.92,396.2,0.103,0
2025-10-02T10:26:00,52.47,61.34,394.0,0.261,0
2025-10-02T10:27:00,53.22,62.66,423.6,0.145,0
2025-10-02T10:28:00,47.01,62.69,421.3,0.255,0
2025-10-02T10:29:00,57.44,59.91,422.5,0.184,0
2025-10-02T10:30:00,51.78,63.6,454.6,0.162,0
2025-10-02T10:31:00,55.91,60.66,380.6,0.108,0
2025-10-02T10:32:00,57.67,60.18,399.9,0.246,0
2025-10-02T10:33:00,54.18,63.25,407.2,0.222,0
2025-10-02T10:34:00,58.55,61.87,370.8,0.198,0
2025-10-02T10:35:00,49.6,62.8,414.3,0.227,0
2025-10-02T10:36:00,50.25,64.22,404.7,0.237,0
2025-10-02T10:37:00,54.38,57.38,406.3,0.168,0
2025-10-02T10:38:00,55.73,58.8,407.1,0.257,0
2025-10-02T10:39:00,55.23,62.03,402.4,0.126,0
2025-10-02T10:40:00,49.68,60.87,399.1,0.217,0
2025-10-02T10:41:00,53.44,59.81,408.5,0.107,0
2025-10-02T10:42:00,55.78,57.06,450.2,0.23,0
2025-10-02T10:43:00,53.84,58.71,425.6,0.239,0
2025-10-02T10:44:00,52.68,60.12,392.5,0.228,0
2025-10-02T10:45:00,51.39,60.63,403.2,0.168,0
2025-10-02T10:46:00,48.94,59.85,360.5,0.103,0
2025-10-02T10:47:00,49.08,62.53,389.0,0.183,0
2025-10-02T10:48:00,54.66,58.41,433.7,0.183,0
2025-10-02T10:49:00,49.29,63.84,375.5,0.104,0
2025-10-02T10:50:00,51.18,63.01,437.4,0.224,0
2025-10-02T10:51:00,52.21,62.33,361.2,0.203,0
2025-10-02T10:52:00,52.78,58.56,389.5,0.143,0
2025-10-02T10:53:00,51.17,59.57,427.5,0.188,0
2025-10-02T10:54:00,56.48,60.37,388.2,0.261,0
2025-10-02T10:55:00,55.33,65.78,368.9,0.221,0
2025-10-02T10:56:00,50.82,62.2,412.6,0.136,0
2025-10-02T10:57:00,51.44,62.84,411.4,0.274,0
2025-10-02T10:58:00,55.34,63.13,347.0,0.243,0
2025-10-02T10:59:00,46.41,64.98,399.9,0.146,0
2025-10-02T11:00:00,54.76,63.86,387.7,0.212,0
2025-10-02T11:01:00,52.66,62.91,401.2,0.173,0
2025-10-02T11:02:00,55.11,60.73,409.9,0.214,0
2025-10-02T11:03:00,50.56,60.22,451.1,0.305,0
2025-10-02T11:04:00,52.01,64.59,407.6,0.161,0
2025-10-02T11:05:00,53.88,60.46,392.2,0.225,0
2025-10-02T11:06:00,52.03,63.03,428.0,0.253,0
2025-10-02T11:07:00,51.01,62.35,405.8,0.154,0
2025-10-02T11:08:00,54.58,62.98,387.9,0.168,0
2025-10-02T11:09:00,52.27,63.81,417.5,0.288,0
2025-10-02T11:10:00,53.79,65.26,405.6,0.207,0
2025-10-02T11:11:00,45.5,61.51,452.4,0.142,0
2025-10-02T11:12:00,58.71,65.05,439.6,0.248,0
2025-10-02T11:13:00,54.21,62.09,450.2,0.253,0
2025-10-02T11:14:00,46.85,64.36,419.0,0.165,0
2025-10-02T11:15:00,51.97,64.2,410.4,0.233,0
2025-10-02T11:16:00,54.21,64.01,429.6,0.165,0
2025-10-02T11:17:00,56.19,59.94,443.3,0.303,0
2025-10-02T11:18:00,55.92,61.21,429.8,0.137,0
2025-10-02T11:19:00,51.15,64.88,369.2,0.167,0
2025-10-02T11:20:00,99.8,57.93,416.7,3.73,1
2025-10-02T11:21:00,53.41,63.01,392.9,0.133,0
2025-10-02T11:22:00,54.64,66.16,412.1,0.198,0
2025-10-02T11:23:00,56.75,62.17,410.6,0.253,0
2025-10-02T11:24:00,55.57,60.89,413.5,0.19,0
2025-10-02T11:25:00,51.54,64.77,419.7,0.211,0
2025-10-02T11:26:00,54.88,63.34,422.9,0.21,0
2025-10-02T11:27:00,50.63,61.34,410.5,0.259,0
2025-10-02T11:28:00,53.22,62.27,415.6,0.199,0
2025-10-02T11:29:00,55.45,65.19,424.1,0.25,0
2025-10-02T11:30:00,51.19,60.04,446.2,0.088,0
2025-10-02T11:31:00,51.83,62.16,410.2,0.258,0
2025-10-02T11:32:00,59.16,63.86,404.0,0.261,0
2025-10-02T11:33:00,80.77,60.43,286.7,7.79,1
2025-10-02T11:34:00,50.92,64.51,461.0,0.226,0
2025-10-02T11:35:00,57.6,62.23,392.6,0.165,0
2025-10-02T11:36:00,49.5,62.6,423.9,0.121,0
2025-10-02T11:37:00,56.62,64.21,410.2,0.199,0
2025-10-02T11:38:00,57.59,64.27,414.6,0.23,0
2025-10-02T11:39:00,50.94,60.5,395.7,0.16,0
2025-10-02T11:40:00,57.19,63.48,421.1,0.266,0
2025-10-02T11:41:00,56.41,62.03,410.5,0.311,0
2025-10-02T11:42:00,51.87,63.56,414.8,0.172,0
2025-10-02T11:43:00,55.28,66.31,455.5,0.25,0
2025-10-02T11:44:00,56.24,62.91,447.7,0.153,0
2025-10-02T11:45:00,55.73,60.23,416.5,0.276,0
2025-10-02T11:46:00,58.17,65.77,412.9,0.163,0
2025-10-02T11:47:00,53.3,60.97,414.8,0.261,0
2025-10-02T11:48:00,56.38,63.58,358.4,0.215,0
2025-10-02T11:49:00,58.78,62.88,424.7,0.226,0
2025-10-02T11:50:00,44.96,62.73,434.6,0.19,0
2025-10-02T11:51:00,54.05,62.0,428.9,0.177,0
2025-10-02T11:52:00,58.83,65.9,391.9,0.195,0
2025-10-02T11:53:00,49.44,62.98,363.3,0.152,0
2025-10-02T11:54:00,55.81,62.12,413.7,0.133,0
2025-10-02T11:55:00,52.77,64.64,421.8,0.165,0
2025-10-02T11:56:00,56.96,60.35,412.4,0.201,0
2025-10-02T11:57:00,52.59,63.48,407.7,0.218,0
2025-10-02T11:58:00,56.77,57.76,410.5,0.174,0
2025-10-02T11:59:00,54.62,62.72,409.7,0.224,0
2025-10-02T12:00:00,54.35,65.74,456.6,0.241,0
2025-10-02T12:01:00,55.64,63.82,401.7,0.193,0
2025-10-02T12:02:00,57.19,64.18,411.6,0.199,0
2025-10-02T12:03:00,57.16,60.75,439.4,0.251,0
2025-10-02T12:04:00,55.26,63.22,407.7,0.194,0
2025-10-02T12:05:00,59.63,65.92,438.3,0.259,0
2025-10-02T12:06:00,51.23,63.83,401.5,0.28,0
2025-10-02T12:07:00,59.13,64.47,434.5,0.244,0
2025-10-02T12:08:00,50.64,63.29,418.1,0.156,0
2025-10-02T12:09:00,48.67,64.36,393.7,0.178,0
2025-10-02T12:10:00,50.27,59.28,451.4,0.177,0
2025-10-02T12:11:00,56.48,64.22,413.6,0.136,0
2025-10-02T12:12:00,55.41,61.23,433.9,0.264,0
2025-10-02T12:13:00,52.59,63.05,396.3,0.242,0
2025-10-02T12:14:00,54.22,62.52,444.6,0.152,0
2025-10-02T12:15:00,51.71,61.13,445.3,0.147,0
2025-10-02T12:16:00,55.64,63.11,412.0,0.105,0
2025-10-02T12:17:00,55.79,65.09,438.2,0.13,0
2025-10-02T12:18:00,55.61,64.3,419.6,0.162,0
2025-10-02T12:19:00,53.33,63.69,410.5,0.214,0
2025-10-02T12:20:00,58.08,63.3,416.0,0.21,0
2025-10-02T12:21:00,60.92,62.73,384.3,0.249,0
2025-10-02T12:22:00,58.02,60.49,398.2,0.176,0
2025-10-02T12:23:00,48.52,59.8,438.2,0.297,0
2025-10-02T12:24:00,49.55,64.37,415.5,0.249,0
2025-10-02T12:25:00,57.2,62.72,436.8,0.14,0
2025-10-02T12:26:00,53.63,65.81,451.7,0.133,0
2025-10-02T12:27:00,57.27,60.6,407.6,0.189,0
2025-10-02T12:28:00,62.17,62.3,436.4,0.211,0
2025-10-02T12:29:00,56.04,61.94,421.3,0.167,0
2025-10-02T12:30:00,56.53,62.82,406.0,0.18,0
2025-10-02T12:31:00,59.12,64.23,417.6,0.325,0
2025-10-02T12:32:00,54.65,62.58,446.3,0.174,0
2025-10-02T12:33:00,54.96,62.3,419.2,0.151,0
2025-10-02T12:34:00,58.42,61.13,415.5,0.216,0
2025-10-02T12:35:00,57.06,63.54,431.7,0.209,0
2025-10-02T12:36:00,54.04,68.82,413.5,0.288,0
2025-10-02T12:37:00,52.47,60.86,444.0,0.272,0
2025-10-02T12:38:00,53.11,62.75,433.2,0.22,0
2025-10-02T12:39:00,54.0,64.48,414.8,0.198,0
2025-10-02T12:40:00,55.47,61.31,462.2,0.22,0
2025-10-02T12:41:00,55.18,61.63,447.4,0.18,0
2025-10-02T12:42:00,59.61,62.64,436.9,0.296,0
2025-10-02T12:43:00,83.41,62.64,482.0,3.634,1
2025-10-02T12:44:00,58.41,65.67,386.7,0.226,0
2025-10-02T12:45:00,56.93,62.77,396.6,0.267,0
2025-10-02T12:46:00,57.51,62.31,409.2,0.173,0
2025-10-02T12:47:00,54.35,65.05,413.7,0.107,0
2025-10-02T12:48:00,55.96,64.22,423.2,0.126,0
2025-10-02T12:49:00,55.78,61.63,418.0,0.2,0
2025-10-02T12:50:00,53.12,62.08,423.8,0.167,0
2025-10-02T12:51:00,54.14,61.7,409.6,0.157,0
2025-10-02T12:52:00,58.44,64.79,433.3,0.132,0
2025-10-02T12:53:00,52.37,60.0,434.1,0.143,0
2025-10-02T12:54:00,56.16,64.25,428.3,0.212,0
2025-10-02T12:55:00,53.99,65.48,427.5,0.165,0
2025-10-02T12:56:00,55.99,61.87,408.8,0.182,0
2025-10-02T12:57:00,55.38,64.33,424.5,0.201,0
2025-10-02T12:58:00,58.96,60.01,423.9,0.205,0
2025-10-02T12:59:00,53.05,64.3,412.5,0.141,0
2025-10-02T13:00:00,55.36,63.53,405.7,0.094,0
2025-10-02T13:01:00,55.1,65.13,413.5,0.258,0
2025-10-02T13:02:00,54.36,63.72,384.0,0.244,0
2025-10-02T13:03:00,49.17,61.87,399.2,0.18,0
2025-10-02T13:04:00,56.49,56.06,408.8,0.255,0
2025-10-02T13:05:00,56.73,60.38,393.1,0.181,0
2025-10-02T13:06:00,53.53,63.57,422.6,0.233,0
2025-10-02T13:07:00,58.27,62.35,422.4,0.147,0
2025-10-02T13:08:00,55.47,66.89,398.0,0.224,0
2025-10-02T13:09:00,61.53,57.64,395.0,0.206,0
2025-10-02T13:10:00,52.69,63.34,399.0,0.206,0
2025-10-02T13:11:00,54.88,60.89,403.9,0.17,0
2025-10-02T13:12:00,55.49,59.34,408.2,0.134,0
2025-10-02T13:13:00,48.81,62.69,421.6,0.135,0
2025-10-02T13:14:00,54.97,63.32,418.1,0.192,0
2025-10-02T13:15:00,50.73,64.56,402.8,0.105,0
2025-10-02T13:16:00,54.18,64.23,428.8,0.231,0
2025-10-02T13:17:00,58.3,62.1,409.0,0.201,0
2025-10-02T13:18:00,54.65,66.15,420.4,0.238,0
2025-10-02T13:19:00,52.09,62.37,387.4,0.166,0
2025-10-02T13:20:00,56.93,64.5,398.3,0.232,0
2025-10-02T13:21:00,55.27,63.61,411.9,0.13,0
2025-10-02T13:22:00,52.17,60.89,430.5,0.305,0
2025-10-02T13:23:00,52.23,63.13,375.6,0.298,0
2025-10-02T13:24:00,55.0,61.76,403.0,0.177,0
2025-10-02T13:25:00,53.49,64.62,403.2,0.16,0
2025-10-02T13:26:00,57.8,65.98,383.2,0.234,0
2025-10-02T13:27:00,54.2,66.96,395.0,0.139,0
2025-10-02T13:28:00,52.64,57.87,412.8,0.068,0
2025-10-02T13:29:00,52.65,66.69,437.0,0.109,0
2025-10-02T13:30:00,48.26,65.23,419.5,0.229,0
2025-10-02T13:31:00,53.48,64.69,399.4,0.237,0
2025-10-02T13:32:00,52.54,64.72,437.5,0.219,0
2025-10-02T13:33:00,50.35,58.76,430.8,0.155,0
2025-10-02T13:34:00,58.15,63.69,425.8,0.163,0
2025-10-02T13:35:00,54.7,60.24,405.7,0.205,0
2025-10-02T13:36:00,50.26,61.32,422.4,0.189,0
2025-10-02T13:37:00,53.14,64.6,395.7,0.275,0
2025-10-02T13:38:00,57.55,63.71,418.0,0.207,0
2025-10-02T13:39:00,52.09,64.22,426.8,0.2,0
2025-10-02T13:40:00,46.41,61.21,368.0,0.167,0
2025-10-02T13:41:00,53.76,63.14,437.2,0.271,0
2025-10-02T13:42:00,53.96,63.87,386.5,0.111,0
2025-10-02T13:43:00,58.2,62.68,419.2,0.231,0
2025-10-02T13:44:00,56.31,62.14,416.7,0.228,0
2025-10-02T13:45:00,54.97,64.78,418.2,0.274,0
2025-10-02T13:46:00,54.17,64.8,419.1,0.214,0
2025-10-02T13:47:00,58.98,62.82,437.7,0.217,0
2025-10-02T13:48:00,52.56,61.6,398.7,0.23,0
2025-10-02T13:49:00,56.14,63.11,424.4,0.227,0
2025-10-02T13:50:00,57.8,64.39,423.3,0.257,0
2025-10-02T13:51:00,49.56,62.79,420.0,0.146,0
2025-10-02T13:52:00,58.93,63.54,404.7,0.231,0
2025-10-02T13:53:00,57.18,66.54,377.7,0.217,0
2025-10-02T13:54:00,54.51,64.16,427.0,0.176,0
2025-10-02T13:55:00,57.58,61.86,371.2,0.257,0
2025-10-02T13:56:00,58.7,61.34,416.9,0.215,0
2025-10-02T13:57:00,57.81,61.56,453.3,0.116,0
2025-10-02T13:58:00,56.85,62.43,422.8,0.236,0
2025-10-02T13:59:00,57.09,62.04,378.9,0.211,0
2025-10-02T14:00:00,55.27,60.79,406.6,0.26,0
2025-10-02T14:01:00,48.38,59.28,411.8,0.256,0
2025-10-02T14:02:00,48.18,60.4,411.6,0.149,0
2025-10-02T14:03:00,51.84,59.92,367.8,0.188,0
2025-10-02T14:04:00,55.85,61.77,392.6,0.143,0
2025-10-02T14:05:00,53.19,64.17,402.5,0.29,0
2025-10-02T14:06:00,54.43,61.97,420.8,0.252,0
2025-10-02T14:07:00,52.31,62.6,380.2,0.165,0
2025-10-02T14:08:00,52.63,63.76,408.0,0.291,0
2025-10-02T14:09:00,52.13,59.47,406.0,0.24,0
2025-10-02T14:10:00,57.36,58.54,412.7,0.232,0
2025-10-02T14:11:00,54.1,63.76,395.1,0.091,0
2025-10-02T14:12:00,54.77,63.47,414.0,0.232,0
2025-10-02T14:13:00,51.15,61.92,397.0,0.305,0
2025-10-02T14:14:00,88.94,60.88,466.0,8.062,1
2025-10-02T14:15:00,53.74,62.08,406.7,0.169,0
2025-10-02T14:16:00,50.38,59.49,396.8,0.274,0
2025-10-02T14:17:00,50.04,62.33,387.9,0.107,0
2025-10-02T14:18:00,57.69,60.39,418.5,0.19,0
2025-10-02T14:19:00,53.37,62.9,377.7,0.301,0
2025-10-02T14:20:00,50.51,66.19,437.4,0.19,0
2025-10-02T14:21:00,53.48,61.27,411.1,0.201,0
2025-10-02T14:22:00,53.32,65.88,367.0,0.232,0
2025-10-02T14:23:00,51.09,63.24,425.0,0.216,0
2025-10-02T14:24:00,59.83,61.11,421.6,0.231,0
2025-10-02T14:25:00,53.62,62.53,406.2,0.22,0
2025-10-02T14:26:00,50.9,56.12,433.5,0.224,0
2025-10-02T14:27:00,53.52,62.66,439.0,0.189,0
2025-10-02T14:28:00,54.68,64.63,414.1,0.247,0
2025-10-02T14:29:00,87.98,63.18,410.0,3.535,1
2025-10-02T14:30:00,54.36,63.47,432.3,0.186,0
2025-10-02T14:31:00,51.41,61.1,382.8,0.078,0
2025-10-02T14:32:00,54.45,60.37,412.7,0.27,0
2025-10-02T14:33:00,53.98,63.08,390.4,0.2,0
2025-10-02T14:34:00,53.67,61.9,391.8,0.215,0
2025-10-02T14:35:00,46.81,59.36,378.8,0.212,0
2025-10-02T14:36:00,57.94,57.89,397.7,0.227,0
2025-10-02T14:37:00,48.09,59.39,425.2,0.27,0
2025-10-02T14:38:00,54.02,62.68,390.5,0.24,0
2025-10-02T14:39:00,55.93,61.12,385.8,0.176,0
2025-10-02T14:40:00,52.96,62.13,402.8,0.28,0
2025-10-02T14:41:00,51.72,59.94,392.9,0.217,0
2025-10-02T14:42:00,56.98,61.89,383.5,0.235,0
2025-10-02T14:43:00,52.14,63.93,365.2,0.245,0
2025-10-02T14:44:00,52.2,64.07,412.5,0.322,0
2025-10-02T14:45:00,80.56,61.96,398.3,5.713,1
2025-10-02T14:46:00,52.66,62.56,395.6,0.241,0
2025-10-02T14:47:00,86.23,61.1,536.0,6.37,1
2025-10-02T14:48:00,50.9,58.38,396.5,0.17,0
2025-10-02T14:49:00,53.12,59.62,409.6,0.193,0
2025-10-02T14:50:00,50.65,63.88,407.4,0.171,0
2025-10-02T14:51:00,53.8,61.98,417.5,0.19,0
2025-10-02T14:52:00,58.05,65.11,364.6,0.196,0
2025-10-02T14:53:00,50.79,62.27,377.4,0.158,0
2025-10-02T14:54:00,50.76,61.06,407.7,0.197,0
2025-10-02T14:55:00,48.99,57.26,412.6,0.169,0
2025-10-02T14:56:00,49.23,62.63,387.3,0.145,0
2025-10-02T14:57:00,55.09,60.89,417.5,0.173,0
2025-10-02T14:58:00,55.33,64.31,383.8,0.353,0
2025-10-02T14:59:00,47.16,65.25,428.7,0.255,0
2025-10-02T15:00:00,53.92,60.89,446.7,0.339,0
2025-10-02T15:01:00,48.13,58.77,417.8,0.283,0
2025-10-02T15:02:00,48.88,59.6,394.9,0.237,0
2025-10-02T15:03:00,51.67,62.89,358.7,0.254,0
2025-10-02T15:04:00,51.6,63.0,378.2,0.16,0
2025-10-02T15:05:00,52.62,62.0,358.9,0.261,0
2025-10-02T15:06:00,47.93,63.44,386.3,0.214,0
2025-10-02T15:07:00,52.85,59.76,380.2,0.254,0
2025-10-02T15:08:00,52.03,56.61,380.1,0.151,0
2025-10-02T15:09:00,52.37,60.16,378.8,0.173,0
2025-10-02T15:10:00,51.48,58.69,383.9,0.158,0
2025-10-02T15:11:00,49.42,60.59,347.1,0.226,0
2025-10-02T15:12:00,50.4,62.03,362.6,0.179,0
2025-10-02T15:13:00,52.2,62.63,366.4,0.216,0
2025-10-02T15:14:00,47.82,62.33,390.9,0.241,0
2025-10-02T15:15:00,53.81,59.81,381.8,0.211,0
2025-10-02T15:16:00,49.78,61.48,357.5,0.211,0
2025-10-02T15:17:00,50.21,57.84,390.7,0.206,0
2025-10-02T15:18:00,47.59,59.09,387.2,0.246,0
2025-10-02T15:19:00,47.67,62.14,388.7,0.27,0
2025-10-02T15:20:00,55.63,60.72,404.1,0.061,0
2025-10-02T15:21:00,49.61,58.51,381.8,0.278,0
2025-10-02T15:22:00,49.94,61.55,360.0,0.152,0
2025-10-02T15:23:00,51.77,61.77,378.0,0.18,0
2025-10-02T15:24:00,54.41,59.41,383.0,0.264,0
2025-10-02T15:25:00,48.17,63.05,349.7,0.135,0
2025-10-02T15:26:00,48.78,58.46,405.8,0.157,0
2025-10-02T15:27:00,50.08,61.54,371.6,0.187,0
2025-10-02T15:28:00,51.75,64.84,378.3,0.228,0
2025-10-02T15:29:00,46.42,66.38,378.0,0.184,0
2025-10-02T15:30:00,53.28,62.16,367.7,0.192,0
2025-10-02T15:31:00,45.38,61.91,378.2,0.165,0
2025-10-02T15:32:00,52.77,60.93,433.3,0.222,0
2025-10-02T15:33:00,55.55,55.56,420.9,0.258,0
2025-10-02T15:34:00,48.99,57.27,353.4,0.27,0
2025-10-02T15:35:00,48.17,60.68,389.1,0.217,0
2025-10-02T15:36:00,48.7,60.46,376.9,0.196,0
2025-10-02T15:37:00,49.77,59.66,374.2,0.196,0
2025-10-02T15:38:00,52.27,65.15,429.9,0.136,0
2025-10-02T15:39:00,50.13,59.96,415.1,0.187,0
2025-10-02T15:40:00,51.52,61.38,357.7,0.296,0
2025-10-02T15:41:00,48.09,63.89,409.9,0.204,0
2025-10-02T15:42:00,56.59,62.71,348.7,0.062,0
2025-10-02T15:43:00,49.47,59.94,342.7,0.216,0
2025-10-02T15:44:00,48.46,58.96,382.9,0.206,0
2025-10-02T15:45:00,51.12,61.46,416.5,0.228,0
2025-10-02T15:46:00,48.78,57.09,394.6,0.294,0
2025-10-02T15:47:00,51.96,59.49,377.4,0.258,0
2025-10-02T15:48:00,50.35,63.87,398.8,0.062,0
2025-10-02T15:49:00,48.61,62.47,361.9,0.166,0
2025-10-02T15:50:00,43.62,58.57,363.3,0.208,0
2025-10-02T15:51:00,49.06,62.71,406.3,0.204,0
2025-10-02T15:52:00,49.92,64.78,393.4,0.188,0
2025-10-02T15:53:00,49.61,60.71,377.6,0.259,0
2025-10-02T15:54:00,49.6,60.34,364.0,0.155,0
2025-10-02T15:55:00,44.22,58.75,406.3,0.156,0
2025-10-02T15:56:00,50.6,58.46,379.7,0.153,0
2025-10-02T15:57:00,50.2,58.02,369.1,0.17,0
2025-10-02T15:58:00,48.78,58.86,366.7,0.218,0
2025-10-02T15:59:00,46.28,57.74,394.7,0.268,0
2025-10-02T16:00:00,44.62,56.76,357.7,0.204,0
2025-10-02T16:01:00,43.31,58.63,386.2,0.167,0
2025-10-02T16:02:00,44.35,61.87,388.6,0.276,0
2025-10-02T16:03:00,43.09,59.88,296.4,0.156,0
2025-10-02T16:04:00,51.21,60.05,362.1,0.236,0
2025-10-02T16:05:00,45.04,58.7,350.6,0.227,0
2025-10-02T16:06:00,52.94,63.1,358.2,0.153,0
2025-10-02T16:07:00,53.73,58.36,393.4,0.257,0
2025-10-02T16:08:00,50.72,58.8,357.6,0.203,0
2025-10-02T16:09:00,47.94,63.12,366.8,0.302,0
2025-10-02T16:10:00,49.15,56.03,383.9,0.173,0
2025-10-02T16:11:00,47.32,60.46,373.4,0.225,0
2025-10-02T16:12:00,47.66,58.79,336.2,0.199,0
2025-10-02T16:13:00,46.79,57.72,359.5,0.17,0
2025-10-02T16:14:00,46.99,59.82,367.9,0.227,0
2025-10-02T16:15:00,44.38,63.89,345.9,0.235,0
2025-10-02T16:16:00,48.65,59.38,372.2,0.168,0
2025-10-02T16:17:00,49.5,62.02,380.0,0.193,0
2025-10-02T16:18:00,45.53,59.32,352.8,0.242,0
2025-10-02T16:19:00,47.85,58.16,335.4,0.253,0
2025-10-02T16:20:00,51.54,58.37,352.5,0.173,0
2025-10-02T16:21:00,52.01,54.47,396.7,0.209,0
2025-10-02T16:22:00,51.08,60.25,391.7,0.254,0
2025-10-02T16:23:00,47.12,60.09,326.8,0.193,0
2025-10-02T16:24:00,47.07,58.01,351.3,0.221,0
2025-10-02T16:25:00,45.03,58.63,396.7,0.143,0
2025-10-02T16:26:00,43.18,58.79,348.8,0.249,0
2025-10-02T16:27:00,44.64,60.03,395.9,0.08,0
2025-10-02T16:28:00,49.11,57.67,372.7,0.216,0
2025-10-02T16:29:00,47.95,55.76,389.9,0.156,0
2025-10-02T16:30:00,50.74,59.78,340.6,0.289,0
2025-10-02T16:31:00,42.48,58.18,356.5,0.14,0
2025-10-02T16:32:00,52.63,57.96,306.9,0.136,0
2025-10-02T16:33:00,47.96,56.49,355.5,0.223,0
2025-10-02T16:34:00,48.77,58.09,407.3,0.112,0
2025-10-02T16:35:00,44.23,58.25,354.8,0.222,0
2025-10-02T16:36:00,52.86,57.63,382.4,0.182,0
2025-10-02T16:37:00,50.43,59.8,304.8,0.122,0
2025-10-02T16:38:00,46.99,58.48,373.2,0.194,0
2025-10-02T16:39:00,46.15,57.99,339.6,0.212,0
2025-10-02T16:40:00,46.64,59.44,346.0,0.072,0
2025-10-02T16:41:00,44.59,60.42,380.2,0.264,0
2025-10-02T16:42:00,92.23,60.18,524.7,3.578,1
2025-10-02T16:43:00,48.81,61.29,348.7,0.085,0
2025-10-02T16:44:00,50.24,61.59,349.0,0.213,0
2025-10-02T16:45:00,48.05,58.85,352.1,0.141,0
2025-10-02T16:46:00,45.26,59.23,365.7,0.181,0
2025-10-02T16:47:00,47.23,59.64,379.2,0.285,0
2025-10-02T16:48:00,48.98,58.45,365.9,0.193,0
2025-10-02T16:49:00,43.55,58.43,372.8,0.184,0
2025-10-02T16:50:00,42.56,57.46,359.8,0.372,0
2025-10-02T16:51:00,45.43,59.25,378.5,0.156,0
2025-10-02T16:52:00,51.22,56.78,357.9,0.17,0
2025-10-02T16:53:00,47.2,58.12,368.4,0.21,0
2025-10-02T16:54:00,47.96,55.6,353.5,0.155,0
2025-10-02T16:55:00,48.75,60.17,345.5,0.214,0
2025-10-02T16:56:00,50.01,56.16,348.3,0.259,0
2025-10-02T16:57:00,43.98,58.26,382.2,0.279,0
2025-10-02T16:58:00,47.73,58.14,363.4,0.283,0
2025-10-02T16:59:00,42.34,55.87,347.2,0.216,0
2025-10-02T17:00:00,42.95,58.93,334.6,0.157,0
2025-10-02T17:01:00,43.36,56.84,291.0,0.193,0
2025-10-02T17:02:00,46.43,54.77,336.7,0.2,0
2025-10-02T17:03:00,45.51,60.25,323.0,0.271,0
2025-10-02T17:04:00,48.0,57.37,323.8,0.234,0
2025-10-02T17:05:00,42.48,56.05,329.1,0.181,0
2025-10-02T17:06:00,49.12,54.09,392.3,0.147,0
2025-10-02T17:07:00,40.54,56.04,284.3,0.174,0
2025-10-02T17:08:00,42.03,57.6,310.7,0.188,0
2025-10-02T17:09:00,47.57,55.76,352.6,0.23,0
2025-10-02T17:10:00,38.49,56.22,320.6,0.15,0
2025-10-02T17:11:00,49.4,55.37,324.5,0.201,0
2025-10-02T17:12:00,41.43,58.24,319.5,0.228,0
2025-10-02T17:13:00,41.76,55.11,300.8,0.235,0
2025-10-02T17:14:00,45.13,58.41,303.4,0.173,0
2025-10-02T17:15:00,43.81,55.19,333.8,0.134,0
2025-10-02T17:16:00,46.85,59.06,359.2,0.099,0
2025-10-02T17:17:00,45.65,54.68,331.5,0.242,0
2025-10-02T17:18:00,43.38,59.35,327.4,0.197,0
2025-10-02T17:19:00,45.54,60.46,332.9,0.179,0
2025-10-02T17:20:00,45.68,56.97,339.3,0.137,0
2025-10-02T17:21:00,43.77,56.17,334.9,0.121,0
2025-10-02T17:22:00,46.21,56.48,307.3,0.214,0
2025-10-02T17:23:00,42.88,56.76,345.8,0.152,0
2025-10-02T17:24:00,41.94,57.05,302.1,0.233,0
2025-10-02T17:25:00,45.19,58.47,358.6,0.186,0
2025-10-02T17:26:00,42.13,56.11,357.2,0.233,0
2025-10-02T17:27:00,46.75,59.4,338.4,0.196,0
2025-10-02T17:28:00,44.53,57.61,335.1,0.201,0
2025-10-02T17:29:00,44.29,56.89,334.7,0.213,0
2025-10-02T17:30:00,43.02,58.24,334.8,0.178,0
2025-10-02T17:31:00,46.59,59.36,340.2,0.224,0
2025-10-02T17:32:00,43.54,59.25,291.6,0.043,0
2025-10-02T17:33:00,47.2,59.05,320.3,0.139,0
2025-10-02T17:34:00,44.34,56.42,307.1,0.182,0
2025-10-02T17:35:00,44.29,55.62,311.1,0.245,0
2025-10-02T17:36:00,52.57,59.48,320.5,0.208,0
2025-10-02T17:37:00,50.45,57.49,347.5,0.25,0
2025-10-02T17:38:00,44.34,54.41,324.6,0.273,0
2025-10-02T17:39:00,44.46,58.46,308.1,0.236,0
2025-10-02T17:40:00,41.89,56.22,329.3,0.172,0
2025-10-02T17:41:00,47.81,57.23,311.4,0.174,0
2025-10-02T17:42:00,44.67,58.34,313.6,0.174,0
2025-10-02T17:43:00,46.78,55.92,330.8,0.182,0
2025-10-02T17:44:00,45.76,57.51,338.5,0.246,0
2025-10-02T17:45:00,46.21,56.39,328.5,0.218,0
2025-10-02T17:46:00,44.68,54.61,352.8,0.157,0
2025-10-02T17:47:00,38.77,58.75,320.6,0.208,0
2025-10-02T17:48:00,44.19,56.41,343.0,0.264,0
2025-10-02T17:49:00,39.62,57.69,307.7,0.232,0
2025-10-02T17:50:00,36.99,59.9,314.8,0.179,0
2025-10-02T17:51:00,47.2,56.74,299.0,0.247,0
2025-10-02T17:52:00,44.55,60.01,325.4,0.245,0
2025-10-02T17:53:00,39.56,60.44,291.0,0.209,0
2025-10-02T17:54:00,43.23,57.37,357.4,0.118,0
2025-10-02T17:55:00,36.12,58.23,318.1,0.228,0
2025-10-02T17:56:00,48.6,55.31,299.2,0.186,0
2025-10-02T17:57:00,43.18,56.23,306.9,0.119,0
2025-10-02T17:58:00,40.01,58.34,336.3,0.233,0
2025-10-02T17:59:00,45.35,57.03,319.0,0.149,0
2025-10-02T18:00:00,41.35,56.45,296.2,0.175,0
2025-10-02T18:01:00,36.34,52.7,338.1,0.197,0
2025-10-02T18:02:00,36.19,54.01,274.5,0.178,0
2025-10-02T18:03:00,40.33,57.96,321.2,0.146,0
2025-10-02T18:04:00,42.21,54.6,266.6,0.158,0
2025-10-02T18:05:00,43.59,55.02,305.5,0.169,0
2025-10-02T18:06:00,43.28,54.76,274.0,0.182,0
2025-10-02T18:07:00,33.83,56.18,294.4,0.151,0
2025-10-02T18:08:00,39.7,55.62,293.9,0.201,0
2025-10-02T18:09:00,44.4,50.58,303.9,0.229,0
2025-10-02T18:10:00,38.42,55.34,304.1,0.173,0
2025-10-02T18:11:00,39.4,57.86,317.4,0.239,0
2025-10-02T18:12:00,41.96,55.14,334.2,0.242,0
2025-10-02T18:13:00,40.32,59.29,310.8,0.251,0
2025-10-02T18:14:00,39.11,54.56,312.2,0.209,0
2025-10-02T18:15:00,42.04,54.0,327.1,0.221,0
2025-10-02T18:16:00,45.23,52.19,306.9,0.115,0
2025-10-02T18:17:00,41.44,53.3,299.4,0.192,0
2025-10-02T18:18:00,31.87,56.96,304.9,0.146,0
2025-10-02T18:19:00,36.43,53.58,314.3,0.202,0
2025-10-02T18:20:00,38.07,50.74,276.7,0.139,0
2025-10-02T18:21:00,41.4,56.22,270.8,0.159,0
2025-10-02T18:22:00,39.08,53.3,295.2,0.228,0
2025-10-02T18:23:00,38.73,54.54,302.3,0.197,0
2025-10-02T18:24:00,35.96,58.87,299.0,0.211,0
2025-10-02T18:25:00,36.0,57.56,289.2,0.153,0
2025-10-02T18:26:00,38.88,53.38,309.9,0.268,0
2025-10-02T18:27:00,41.7,55.35,292.1,0.209,0
2025-10-02T18:28:00,38.01,56.02,300.1,0.118,0
2025-10-02T18:29:00,32.29,51.42,254.6,0.11,0
2025-10-02T18:30:00,40.49,56.75,301.1,0.229,0
2025-10-02T18:31:00,34.52,54.98,300.8,0.186,0
2025-10-02T18:32:00,38.47,53.8,339.6,0.204,0
2025-10-02T18:33:00,39.94,56.7,313.9,0.085,0
2025-10-02T18:34:00,43.39,51.87,293.3,0.203,0
2025-10-02T18:35:00,40.94,55.77,311.6,0.233,0
2025-10-02T18:36:00,38.34,58.78,301.2,0.26,0
2025-10-02T18:37:00,44.81,55.31,295.2,0.197,0
2025-10-02T18:38:00,40.39,54.11,325.5,0.184,0
2025-10-02T18:39:00,40.18,55.48,291.2,0.124,0
2025-10-02T18:40:00,43.83,55.56,293.5,0.243,0
2025-10-02T18:41:00,38.62,54.6,289.9,0.124,0
2025-10-02T18:42:00,43.27,54.35,296.0,0.186,0
2025-10-02T18:43:00,39.02,57.02,290.2,0.198,0
2025-10-02T18:44:00,42.15,55.51,296.2,0.194,0
2025-10-02T18:45:00,41.77,51.98,291.4,0.221,0
2025-10-02T18:46:00,40.84,54.4,278.0,0.231,0
2025-10-02T18:47:00,41.63,58.55,272.3,0.143,0
2025-10-02T18:48:00,38.18,52.28,295.3,0.238,0
2025-10-02T18:49:00,41.5,52.5,292.3,0.306,0
2025-10-02T18:50:00,44.33,54.61,298.3,0.154,0
2025-10-02T18:51:00,35.55,55.38,280.0,0.235,0
2025-10-02T18:52:00,37.9,56.52,299.5,0.171,0
2025-10-02T18:53:00,37.9,53.22,302.9,0.193,0
2025-10-02T18:54:00,42.46,52.07,285.5,0.248,0
2025-10-02T18:55:00,41.23,55.03,305.5,0.3,0
2025-10-02T18:56:00,39.15,57.49,290.6,0.132,0
2025-10-02T18:57:00,39.74,55.27,305.4,0.153,0
2025-10-02T18:58:00,40.93,57.25,310.5,0.236,0
2025-10-02T18:59:00,41.34,57.28,295.5,0.221,0
2025-10-02T19:00:00,39.0,53.68,267.1,0.217,0
2025-10-02T19:01:00,31.84,54.04,267.8,0.249,0
2025-10-02T19:02:00,33.96,51.3,277.2,0.285,0
2025-10-02T19:03:00,36.49,56.82,252.9,0.241,0
2025-10-02T19:04:00,36.22,54.41,279.9,0.289,0
2025-10-02T19:05:00,33.86,56.2,260.6,0.263,0
2025-10-02T19:06:00,39.16,51.63,239.0,0.152,0
2025-10-02T19:07:00,31.4,53.13,243.1,0.211,0
2025-10-02T19:08:00,66.09,54.09,324.2,6.104,1
2025-10-02T19:09:00,42.59,52.63,301.6,0.239,0
2025-10-02T19:10:00,35.93,47.98,248.3,0.248,0
2025-10-02T19:11:00,37.49,49.89,276.7,0.159,0
2025-10-02T19:12:00,29.85,50.01,256.5,0.262,0
2025-10-02T19:13:00,36.41,49.84,276.0,0.223,0
2025-10-02T19:14:00,35.67,52.51,263.5,0.179,0
2025-10-02T19:15:00,35.47,55.41,259.3,0.081,0
2025-10-02T19:16:00,41.21,54.95,231.1,0.14,0
2025-10-02T19:17:00,38.06,54.31,273.1,0.254,0
2025-10-02T19:18:00,40.23,49.68,299.5,0.39,0
2025-10-02T19:19:00,31.53,55.62,299.7,0.173,0
2025-10-02T19:20:00,32.6,50.45,256.8,0.248,0
2025-10-02T19:21:00,39.09,55.89,257.7,0.273,0
2025-10-02T19:22:00,35.52,51.34,294.3,0.239,0
2025-10-02T19:23:00,37.06,55.07,226.9,0.203,0
2025-10-02T19:24:00,33.14,53.78,260.4,0.185,0
2025-10-02T19:25:00,30.47,50.05,257.9,0.18,0
2025-10-02T19:26:00,36.73,51.57,265.4,0.21,0
2025-10-02T19:27:00,37.24,56.6,262.0,0.115,0
2025-10-02T19:28:00,36.15,53.47,266.2,0.195,0
2025-10-02T19:29:00,36.37,51.84,245.9,0.224,0
2025-10-02T19:30:00,37.35,55.55,274.3,0.225,0
2025-10-02T19:31:00,42.02,51.28,288.9,0.242,0
2025-10-02T19:32:00,38.36,53.22,266.6,0.192,0
2025-10-02T19:33:00,35.5,54.73,279.3,0.191,0
2025-10-02T19:34:00,33.56,53.23,257.8,0.26,0
2025-10-02T19:35:00,35.34,53.23,241.6,0.27,0
2025-10-02T19:36:00,38.23,53.5,271.6,0.246,0
2025-10-02T19:37:00,33.84,50.13,279.7,0.208,0
2025-10-02T19:38:00,39.87,50.45,282.5,0.269,0
2025-10-02T19:39:00,35.16,51.67,289.5,0.119,0
2025-10-02T19:40:00,35.01,48.17,291.5,0.155,0
2025-10-02T19:41:00,33.29,55.3,283.0,0.243,0
2025-10-02T19:42:00,39.85,54.55,256.7,0.215,0
2025-10-02T19:43:00,35.18,55.34,256.2,0.202,0
2025-10-02T19:44:00,36.45,48.72,255.5,0.305,0
2025-10-02T19:45:00,37.87,52.48,273.6,0.217,0
2025-10-02T19:46:00,35.83,52.31,250.7,0.21,0
2025-10-02T19:47:00,40.71,53.85,285.1,0.189,0
2025-10-02T19:48:00,35.97,51.22,307.1,0.062,0
2025-10-02T19:49:00,34.46,53.14,250.2,0.182,0
2025-10-02T19:50:00,34.77,46.76,282.8,0.113,0
2025-10-02T19:51:00,35.37,52.09,242.9,0.292,0
2025-10-02T19:52:00,37.74,55.0,245.9,0.239,0
2025-10-02T19:53:00,35.69,57.04,236.1,0.227,0
2025-10-02T19:54:00,39.7,52.63,239.8,0.154,0
2025-10-02T19:55:00,41.39,53.95,257.5,0.122,0
2025-10-02T19:56:00,38.0,56.83,238.3,0.107,0
2025-10-02T19:57:00,36.8,52.42,281.8,0.255,0
2025-10-02T19:58:00,35.24,53.44,274.8,0.187,0
2025-10-02T19:59:00,36.62,56.04,256.7,0.18,0
2025-10-02T20:00:00,32.7,53.46,235.6,0.262,0
2025-10-02T20:01:00,35.87,53.12,236.4,0.322,0
2025-10-02T20:02:00,32.13,54.17,255.7,0.172,0
2025-10-02T20:03:00,63.64,56.58,188.5,6.336,1
2025-10-02T20:04:00,29.86,52.05,231.5,0.225,0
2025-10-02T20:05:00,32.15,50.59,251.4,0.174,0
2025-10-02T20:06:00,33.4,53.93,218.1,0.237,0
2025-10-02T20:07:00,31.23,50.96,260.9,0.194,0
2025-10-02T20:08:00,33.93,49.63,245.4,0.149,0
2025-10-02T20:09:00,30.33,50.27,258.2,0.344,0
2025-10-02T20:10:00,27.14,51.65,231.8,0.163,0
2025-10-02T20:11:00,30.8,50.36,240.8,0.133,0
2025-10-02T20:12:00,33.81,45.83,187.5,0.217,0
2025-10-02T20:13:00,35.82,51.24,213.2,0.289,0
2025-10-02T20:14:00,34.23,50.71,237.5,0.206,0
2025-10-02T20:15:00,32.31,50.5,243.7,0.253,0
2025-10-02T20:16:00,32.52,51.19,230.7,0.126,0
2025-10-02T20:17:00,37.9,49.25,274.3,0.164,0
2025-10-02T20:18:00,32.03,50.02,228.4,0.163,0
2025-10-02T20:19:00,67.28,51.76,293.4,3.236,1
2025-10-02T20:20:00,36.3,55.41,229.8,0.255,0
2025-10-02T20:21:00,32.82,50.85,235.3,0.234,0
2025-10-02T20:22:00,28.37,53.87,235.1,0.223,0
2025-10-02T20:23:00,33.98,51.59,214.1,0.191,0
2025-10-02T20:24:00,34.06,53.2,218.4,0.219,0
2025-10-02T20:25:00,32.79,51.24,272.7,0.235,0
2025-10-02T20:26:00,34.03,52.47,223.9,0.306,0
2025-10-02T20:27:00,32.22,50.17,253.8,0.209,0
2025-10-02T20:28:00,26.75,52.33,253.0,0.134,0
2025-10-02T20:29:00,38.52,49.97,257.1,0.227,0
2025-10-02T20:30:00,29.79,49.47,246.8,0.211,0
2025-10-02T20:31:00,30.33,49.56,212.1,0.213,0
2025-10-02T20:32:00,31.69,49.0,259.1,0.289,0
2025-10-02T20:33:00,33.04,52.25,216.9,0.161,0
2025-10-02T20:34:00,28.59,50.76,237.0,0.182,0
2025-10-02T20:35:00,32.13,52.96,267.3,0.268,0
2025-10-02T20:36:00,33.88,48.78,255.6,0.232,0
2025-10-02T20:37:00,36.92,53.11,259.9,0.2,0
2025-10-02T20:38:00,33.32,44.91,258.6,0.21,0
2025-10-02T20:39:00,32.49,52.72,285.0,0.191,0
2025-10-02T20:40:00,29.94,47.88,239.2,0.203,0
2025-10-02T20:41:00,29.76,46.17,220.8,0.218,0
2025-10-02T20:42:00,32.0,50.74,282.4,0.135,0
2025-10-02T20:43:00,35.1,51.07,260.8,0.268,0
2025-10-02T20:44:00,25.6,49.63,241.8,0.233,0
2025-10-02T20:45:00,30.6,51.4,269.3,0.16,0
2025-10-02T20:46:00,32.86,52.62,216.9,0.245,0
2025-10-02T20:47:00,33.67,50.75,246.6,0.246,0
2025-10-02T20:48:00,27.89,51.85,250.6,0.151,0
2025-10-02T20:49:00,33.2,48.18,255.9,0.198,0
2025-10-02T20:50:00,26.48,51.34,223.7,0.15,0
2025-10-02T20:51:00,34.63,51.79,203.1,0.207,0
2025-10-02T20:52:00,32.74,50.16,226.9,0.245,0
2025-10-02T20:53:00,26.72,50.45,233.1,0.154,0
2025-10-02T20:54:00,27.83,53.61,235.8,0.23,0
2025-10-02T20:55:00,32.48,54.64,234.2,0.165,0
2025-10-02T20:56:00,38.53,47.87,248.2,0.318,0
2025-10-02T20:57:00,35.14,50.99,244.8,0.196,0
2025-10-02T20:58:00,37.44,49.31,229.5,0.187,0
2025-10-02T20:59:00,38.14,49.59,243.3,0.245,0
2025-10-02T21:00:00,28.71,50.65,221.7,0.182,0
2025-10-02T21:01:00,26.59,50.6,238.0,0.14,0
2025-10-02T21:02:00,34.83,49.72,215.3,0.198,0
2025-10-02T21:03:00,28.65,45.34,174.5,0.174,0
2025-10-02T21:04:00,29.05,53.04,219.0,0.166,0
2025-10-02T21:05:00,24.84,50.58,201.1,0.226,0
2025-10-02T21:06:00,28.44,47.56,211.7,0.162,0
2025-10-02T21:07:00,30.44,51.04,207.6,0.211,0
2025-10-02T21:08:00,27.8,50.77,172.3,0.195,0
2025-10-02T21:09:00,28.94,50.37,250.6,0.255,0
2025-10-02T21:10:00,28.93,44.99,205.2,0.218,0
2025-10-02T21:11:00,25.25,51.36,233.6,0.227,0
2025-10-02T21:12:00,30.24,51.82,187.1,0.103,0
2025-10-02T21:13:00,56.82,50.05,227.0,5.895,1
2025-10-02T21:14:00,32.28,48.07,224.7,0.215,0
2025-10-02T21:15:00,34.35,48.93,216.9,0.246,0
2025-10-02T21:16:00,27.16,50.01,217.8,0.21,0
2025-10-02T21:17:00,37.59,48.49,192.9,0.252,0
2025-10-02T21:18:00,29.56,49.44,197.3,0.277,0
2025-10-02T21:19:00,29.74,51.62,202.4,0.192,0
2025-10-02T21:20:00,32.34,48.4,247.1,0.195,0
2025-10-02T21:21:00,33.41,47.84,203.0,0.211,0
2025-10-02T21:22:00,30.62,51.41,227.2,0.242,0
2025-10-02T21:23:00,26.46,47.96,193.7,0.151,0
2025-10-02T21:24:00,28.94,50.69,179.0,0.129,0
2025-10-02T21:25:00,26.89,49.47,209.9,0.192,0
2025-10-02T21:26:00,31.03,44.22,226.4,0.218,0
2025-10-02T21:27:00,23.4,46.09,223.3,0.216,0
2025-10-02T21:28:00,29.59,48.88,192.1,0.254,0
2025-10-02T21:29:00,29.89,50.04,216.8,0.14,0
2025-10-02T21:30:00,27.32,46.24,199.6,0.228,0
2025-10-02T21:31:00,34.01,50.93,191.2,0.215,0
2025-10-02T21:32:00,31.78,48.74,212.1,0.216,0
2025-10-02T21:33:00,29.86,48.78,225.0,0.233,0
2025-10-02T21:34:00,23.57,49.4,210.7,0.142,0
2025-10-02T21:35:00,28.51,50.99,212.4,0.268,0
2025-10-02T21:36:00,31.87,50.99,255.2,0.179,0
2025-10-02T21:37:00,31.64,47.59,184.3,0.202,0
2025-10-02T21:38:00,26.44,48.04,208.2,0.256,0
2025-10-02T21:39:00,28.47,48.57,208.8,0.206,0
2025-10-02T21:40:00,33.98,51.48,251.2,0.21,0
2025-10-02T21:41:00,31.96,48.84,233.5,0.259,0
2025-10-02T21:42:00,30.71,47.24,212.2,0.266,0
2025-10-02T21:43:00,29.28,50.17,216.2,0.235,0
2025-10-02T21:44:00,26.56,50.44,194.2,0.165,0
2025-10-02T21:45:00,26.84,47.86,221.9,0.178,0
2025-10-02T21:46:00,35.96,49.68,230.1,0.165,0
2025-10-02T21:47:00,22.98,47.59,229.8,0.174,0
2025-10-02T21:48:00,22.92,51.87,196.6,0.209,0
2025-10-02T21:49:00,24.28,52.36,184.1,0.243,0
2025-10-02T21:50:00,33.89,48.09,198.3,0.201,0
2025-10-02T21:51:00,31.07,46.24,242.3,0.225,0
2025-10-02T21:52:00,31.16,50.68,200.5,0.211,0
2025-10-02T21:53:00,31.31,51.15,250.5,0.207,0
2025-10-02T21:54:00,28.98,50.84,204.2,0.262,0
2025-10-02T21:55:00,25.09,50.69,182.4,0.16,0
2025-10-02T21:56:00,29.46,48.9,209.3,0.22,0
2025-10-02T21:57:00,32.9,53.23,208.8,0.224,0
2025-10-02T21:58:00,30.52,51.09,188.9,0.227,0
2025-10-02T21:59:00,26.65,46.3,242.4,0.186,0
2025-10-02T22:00:00,24.24,48.12,208.7,0.146,0
2025-10-02T22:01:00,28.96,45.27,212.7,0.164,0
2025-10-02T22:02:00,29.61,46.54,203.0,0.163,0
2025-10-02T22:03:00,29.29,46.05,222.3,0.184,0
2025-10-02T22:04:00,31.64,51.03,195.9,0.23,0
2025-10-02T22:05:00,26.22,45.51,229.4,0.226,0
2025-10-02T22:06:00,23.93,52.1,161.9,0.203,0
2025-10-02T22:07:00,25.24,51.22,183.6,0.129,0
2025-10-02T22:08:00,32.82,48.75,210.5,0.21,0
2025-10-02T22:09:00,25.66,48.07,186.2,0.212,0
2025-10-02T22:10:00,26.19,48.89,197.7,0.188,0
2025-10-02T22:11:00,29.4,46.8,212.2,0.186,0
2025-10-02T22:12:00,24.0,47.73,216.3,0.197,0
2025-10-02T22:13:00,61.21,47.99,249.3,6.877,1
2025-10-02T22:14:00,23.07,49.88,208.6,0.247,0
2025-10-02T22:15:00,30.47,45.43,168.1,0.253,0
2025-10-02T22:16:00,25.76,46.85,200.1,0.128,0
2025-10-02T22:17:00,26.77,50.09,198.9,0.162,0
2025-10-02T22:18:00,28.07,47.1,193.8,0.159,0
2025-10-02T22:19:00,23.89,50.86,183.4,0.162,0
2025-10-02T22:20:00,27.76,46.85,212.1,0.154,0
2025-10-02T22:21:00,61.17,47.01,172.4,5.924,1
2025-10-02T22:22:00,21.3,47.96,220.1,0.252,0
2025-10-02T22:23:00,29.9,49.19,211.3,0.24,0
2025-10-02T22:24:00,25.48,48.44,209.8,0.199,0
2025-10-02T22:25:00,23.44,46.25,222.8,0.27,0
2025-10-02T22:26:00,29.77,49.13,182.5,0.167,0
2025-10-02T22:27:00,24.94,51.48,229.7,0.162,0
2025-10-02T22:28:00,23.77,49.26,186.6,0.222,0
2025-10-02T22:29:00,28.34,48.9,137.0,0.284,0
2025-10-02T22:30:00,31.39,47.43,169.3,0.112,0
2025-10-02T22:31:00,70.46,45.82,281.7,3.264,1
2025-10-02T22:32:00,31.53,49.56,186.2,0.211,0
2025-10-02T22:33:00,27.11,52.37,177.0,0.243,0
2025-10-02T22:34:00,27.21,46.21,181.7,0.197,0
2025-10-02T22:35:00,28.81,49.07,190.7,0.275,0
2025-10-02T22:36:00,31.59,52.49,190.8,0.184,0
2025-10-02T22:37:00,27.25,45.33,220.1,0.185,0
2025-10-02T22:38:00,28.31,48.14,171.4,0.214,0
2025-10-02T22:39:00,28.05,48.4,211.8,0.227,0
2025-10-02T22:40:00,27.18,47.48,185.5,0.183,0
2025-10-02T22:41:00,26.03,49.43,192.0,0.234,0
2025-10-02T22:42:00,23.76,46.68,193.9,0.16,0
2025-10-02T22:43:00,24.67,47.32,201.2,0.25,0
2025-10-02T22:44:00,23.14,46.22,220.2,0.217,0
2025-10-02T22:45:00,70.76,45.53,427.3,5.601,1
2025-10-02T22:46:00,31.71,46.99,221.1,0.236,0
2025-10-02T22:47:00,25.6,48.55,194.0,0.216,0
2025-10-02T22:48:00,28.89,48.89,198.9,0.159,0
2025-10-02T22:49:00,29.83,45.94,215.6,0.095,0
2025-10-02T22:50:00,30.77,53.99,211.4,0.178,0
2025-10-02T22:51:00,28.85,48.81,202.2,0.182,0
2025-10-02T22:52:00,27.88,51.45,212.5,0.242,0
2025-10-02T22:53:00,21.43,46.64,226.7,0.217,0
2025-10-02T22:54:00,24.83,47.87,202.3,0.149,0
2025-10-02T22:55:00,53.22,44.71,69.4,5.908,1
2025-10-02T22:56:00,25.85,47.33,196.7,0.19,0
2025-10-02T22:57:00,28.93,55.52,172.3,0.21,0
2025-10-02T22:58:00,25.34,53.29,194.5,0.213,0
2025-10-02T22:59:00,24.29,50.07,235.7,0.244,0
2025-10-02T23:00:00,25.27,41.31,212.9,0.225,0
2025-10-02T23:01:00,26.86,49.13,198.3,0.308,0
2025-10-02T23:02:00,26.62,45.94,157.5,0.151,0
2025-10-02T23:03:00,25.37,48.11,169.9,0.163,0
2025-10-02T23:04:00,24.39,48.86,203.1,0.247,0
2025-10-02T23:05:00,26.11,49.12,215.4,0.194,0
2025-10-02T23:06:00,29.48,43.35,166.8,0.278,0
2025-10-02T23:07:00,19.38,45.83,170.3,0.137,0
2025-10-02T23:08:00,24.16,47.53,216.1,0.204,0
2025-10-02T23:09:00,31.24,43.51,183.7,0.233,0
2025-10-02T23:10:00,26.88,47.4,199.1,0.219,0
2025-10-02T23:11:00,27.04,50.15,186.2,0.106,0
2025-10-02T23:12:00,25.66,43.71,181.7,0.157,0
2025-10-02T23:13:00,26.53,45.93,182.2,0.206,0
2025-10-02T23:14:00,27.96,48.7,187.9,0.223,0
2025-10-02T23:15:00,21.91,51.7,182.1,0.134,0
2025-10-02T23:16:00,22.27,44.33,193.2,0.258,0
2025-10-02T23:17:00,26.32,48.57,195.3,0.087,0
2025-10-02T23:18:00,26.36,48.38,177.4,0.245,0
2025-10-02T23:19:00,22.07,46.9,175.3,0.178,0
2025-10-02T23:20:00,24.48,47.54,175.1,0.261,0
2025-10-02T23:21:00,69.66,48.04,351.5,6.845,1
2025-10-02T23:22:00,23.37,50.39,200.9,0.144,0
2025-10-02T23:23:00,25.07,49.19,160.0,0.225,0
2025-10-02T23:24:00,25.62,47.69,175.9,0.214,0
2025-10-02T23:25:00,31.24,47.72,187.4,0.259,0
2025-10-02T23:26:00,29.16,47.92,188.8,0.165,0
2025-10-02T23:27:00,24.9,44.74,169.1,0.247,0
2025-10-02T23:28:00,20.99,48.53,183.9,0.117,0
2025-10-02T23:29:00,26.64,48.25,176.7,0.262,0
2025-10-02T23:30:00,24.88,48.32,171.0,0.193,0
2025-10-02T23:31:00,28.11,48.0,183.4,0.105,0
2025-10-02T23:32:00,31.28,45.83,167.5,0.183,0
2025-10-02T23:33:00,25.12,46.62,175.5,0.171,0
2025-10-02T23:34:00,23.28,45.95,194.7,0.21,0
2025-10-02T23:35:00,21.52,49.51,182.9,0.197,0
2025-10-02T23:36:00,23.7,46.39,238.3,0.349,0
2025-10-02T23:37:00,23.75,45.46,198.4,0.197,0
2025-10-02T23:38:00,22.79,44.79,189.0,0.179,0
2025-10-02T23:39:00,23.12,47.53,191.7,0.22,0
2025-10-02T23:40:00,24.06,47.74,192.9,0.204,0
2025-10-02T23:41:00,23.83,45.81,186.1,0.186,0
2025-10-02T23:42:00,26.41,47.0,197.6,0.246,0
2025-10-02T23:43:00,30.73,48.86,190.8,0.136,0
2025-10-02T23:44:00,22.2,46.45,168.1,0.182,0
2025-10-02T23:45:00,23.33,47.09,154.2,0.156,0
2025-10-02T23:46:00,23.82,49.51,179.4,0.17,0
2025-10-02T23:47:00,22.88,48.4,150.6,0.19,0
2025-10-02T23:48:00,26.92,49.39,205.3,0.205,0
2025-10-02T23:49:00,26.41,49.08,205.9,0.158,0
2025-10-02T23:50:00,23.19,45.45,205.6,0.201,0
2025-10-02T23:51:00,28.25,42.41,208.0,0.206,0
2025-10-02T23:52:00,20.29,48.52,161.0,0.224,0
2025-10-02T23:53:00,28.21,45.33,175.0,0.196,0
2025-10-02T23:54:00,27.39,50.48,179.0,0.176,0
2025-10-02T23:55:00,29.61,44.51,170.5,0.233,0
2025-10-02T23:56:00,18.44,49.94,209.3,0.115,0
2025-10-02T23:57:00,31.23,50.25,174.1,0.23,0
2025-10-02T23:58:00,23.86,48.09,196.6,0.195,0
2025-10-02T23:59:00,21.13,49.6,191.6,0.148,0
2025-10-03T00:00:00,28.43,49.75,180.7,0.165,0
2025-10-03T00:01:00,27.21,45.82,183.9,0.282,0
2025-10-03T00:02:00,24.78,47.12,166.0,0.27,0
2025-10-03T00:03:00,19.89,47.4,174.0,0.221,0
2025-10-03T00:04:00,23.38,44.48,196.1,0.174,0
2025-10-03T00:05:00,19.36,48.16,172.8,0.233,0
2025-10-03T00:06:00,27.22,44.05,194.2,0.285,0
2025-10-03T00:07:00,22.25,50.02,170.3,0.135,0
2025-10-03T00:08:00,31.04,47.02,161.7,0.281,0
2025-10-03T00:09:00,28.03,44.45,174.5,0.108,0
2025-10-03T00:10:00,30.4,45.01,160.4,0.301,0
2025-10-03T00:11:00,27.42,50.68,132.5,0.164,0
2025-10-03T00:12:00,26.56,47.46,207.0,0.139,0
2025-10-03T00:13:00,24.54,46.55,195.0,0.184,0
2025-10-03T00:14:00,21.59,47.19,148.2,0.206,0
2025-10-03T00:15:00,25.75,45.3,145.6,0.263,0
2025-10-03T00:16:00,24.28,43.48,163.7,0.221,0
2025-10-03T00:17:00,26.07,45.99,173.2,0.146,0
2025-10-03T00:18:00,23.3,42.62,161.0,0.229,0
2025-10-03T00:19:00,25.68,48.67,186.4,0.268,0
2025-10-03T00:20:00,24.6,43.68,204.1,0.189,0
2025-10-03T00:21:00,21.64,46.58,170.7,0.236,0
2025-10-03T00:22:00,21.75,46.88,151.6,0.178,0
2025-10-03T00:23:00,17.02,43.93,168.9,0.263,0
2025-10-03T00:24:00,21.83,47.67,184.9,0.341,0
2025-10-03T00:25:00,26.19,44.86,170.3,0.235,0
2025-10-03T00:26:00,22.99,49.26,154.6,0.237,0
2025-10-03T00:27:00,58.99,46.81,318.1,4.608,1
2025-10-03T00:28:00,24.57,47.56,189.7,0.238,0
2025-10-03T00:29:00,23.41,43.37,204.5,0.182,0
2025-10-03T00:30:00,23.58,45.39,170.3,0.181,0
2025-10-03T00:31:00,25.17,50.01,198.1,0.184,0
2025-10-03T00:32:00,21.66,44.43,170.1,0.231,0
2025-10-03T00:33:00,23.7,49.18,162.5,0.154,0
2025-10-03T00:34:00,23.79,48.13,144.5,0.259,0
2025-10-03T00:35:00,26.72,47.45,183.1,0.287,0
2025-10-03T00:36:00,27.68,50.05,204.3,0.131,0
2025-10-03T00:37:00,25.98,45.59,190.0,0.189,0
2025-10-03T00:38:00,23.13,50.49,182.2,0.139,0
2025-10-03T00:39:00,23.95,49.57,210.6,0.223,0
2025-10-03T00:40:00,21.77,47.6,163.2,0.175,0
2025-10-03T00:41:00,25.78,49.25,168.0,0.123,0
2025-10-03T00:42:00,70.92,49.12,233.5,7.342,1
2025-10-03T00:43:00,29.02,44.79,172.7,0.166,0
2025-10-03T00:44:00,26.0,47.6,165.9,0.131,0
2025-10-03T00:45:00,22.89,48.28,202.7,0.132,0
2025-10-03T00:46:00,32.45,47.3,149.4,0.246,0
2025-10-03T00:47:00,20.16,46.14,174.2,0.124,0
2025-10-03T00:48:00,25.87,46.66,191.0,0.142,0
2025-10-03T00:49:00,25.92,50.47,180.9,0.162,0
2025-10-03T00:50:00,19.87,49.01,182.1,0.248,0
2025-10-03T00:51:00,26.62,47.24,193.8,0.249,0
2025-10-03T00:52:00,30.27,49.75,164.0,0.155,0
2025-10-03T00:53:00,19.27,49.18,159.0,0.227,0
2025-10-03T00:54:00,20.26,49.32,208.6,0.233,0
2025-10-03T00:55:00,24.81,47.84,211.0,0.128,0
2025-10-03T00:56:00,23.54,47.01,137.5,0.186,0
2025-10-03T00:57:00,33.88,47.07,205.3,0.179,0
2025-10-03T00:58:00,50.28,44.27,319.5,6.595,1
2025-10-03T00:59:00,24.2,48.04,177.8,0.236,0
2025-10-03T01:00:00,24.55,51.64,198.5,0.204,0
2025-10-03T01:01:00,24.33,47.54,171.8,0.226,0
2025-10-03T01:02:00,25.79,50.12,174.6,0.154,0
2025-10-03T01:03:00,24.11,47.06,186.8,0.314,0
2025-10-03T01:04:00,27.22,46.96,189.0,0.202,0
2025-10-03T01:05:00,27.41,46.31,173.8,0.238,0
2025-10-03T01:06:00,24.39,49.39,174.8,0.167,0
2025-10-03T01:07:00,23.03,44.89,205.4,0.201,0
2025-10-03T01:08:00,21.77,45.61,197.4,0.195,0
2025-10-03T01:09:00,29.35,50.7,149.2,0.148,0
2025-10-03T01:10:00,22.99,49.93,181.0,0.259,0
2025-10-03T01:11:00,25.88,45.79,184.8,0.137,0
2025-10-03T01:12:00,28.54,48.65,207.7,0.239,0
2025-10-03T01:13:00,23.13,48.7,165.9,0.155,0
2025-10-03T01:14:00,28.01,44.73,180.2,0.214,0
2025-10-03T01:15:00,26.28,50.35,161.2,0.119,0
2025-10-03T01:16:00,22.79,47.48,175.7,0.232,0
2025-10-03T01:17:00,21.87,47.97,202.9,0.243,0
2025-10-03T01:18:00,27.45,48.55,181.5,0.263,0
2025-10-03T01:19:00,28.47,47.06,188.8,0.194,0
2025-10-03T01:20:00,28.12,46.0,164.4,0.25,0
2025-10-03T01:21:00,25.67,51.7,169.5,0.154,0
2025-10-03T01:22:00,26.9,44.13,180.7,0.242,0
2025-10-03T01:23:00,28.45,47.99,206.3,0.249,0
2025-10-03T01:24:00,24.54,48.52,184.0,0.236,0
2025-10-03T01:25:00,21.89,47.98,163.3,0.312,0
2025-10-03T01:26:00,27.69,49.92,249.3,0.201,0
2025-10-03T01:27:00,26.23,49.34,213.1,0.154,0
2025-10-03T01:28:00,23.77,46.63,168.8,0.146,0
2025-10-03T01:29:00,28.95,48.13,199.6,0.178,0
2025-10-03T01:30:00,30.39,49.77,196.9,0.173,0
2025-10-03T01:31:00,25.31,45.15,188.6,0.189,0
2025-10-03T01:32:00,29.68,49.78,183.0,0.164,0
2025-10-03T01:33:00,21.64,47.09,161.7,0.232,0
2025-10-03T01:34:00,24.3,49.01,198.7,0.26,0
2025-10-03T01:35:00,26.05,49.91,174.3,0.22,0
2025-10-03T01:36:00,30.33,48.03,194.9,0.23,0
2025-10-03T01:37:00,26.79,49.77,170.1,0.206,0
2025-10-03T01:38:00,20.81,43.49,166.3,0.274,0
2025-10-03T01:39:00,24.77,47.04,176.6,0.249,0
2025-10-03T01:40:00,30.05,49.45,203.7,0.241,0
2025-10-03T01:41:00,22.56,46.94,181.9,0.255,0
2025-10-03T01:42:00,28.64,46.52,207.1,0.259,0
2025-10-03T01:43:00,25.32,43.82,205.5,0.172,0
2025-10-03T01:44:00,26.93,43.72,150.7,0.135,0
2025-10-03T01:45:00,23.39,48.57,208.6,0.103,0
2025-10-03T01:46:00,30.23,45.62,178.0,0.157,0
2025-10-03T01:47:00,24.38,50.22,170.3,0.208,0
2025-10-03T01:48:00,26.23,46.06,195.8,0.254,0
2025-10-03T01:49:00,23.84,48.03,200.2,0.151,0
2025-10-03T01:50:00,61.24,47.35,357.3,7.032,1
2025-10-03T01:51:00,31.78,46.13,192.6,0.181,0
2025-10-03T01:52:00,29.8,47.0,195.3,0.173,0
2025-10-03T01:53:00,28.13,48.7,215.3,0.196,0
2025-10-03T01:54:00,24.69,48.54,169.2,0.218,0
2025-10-03T01:55:00,22.75,46.39,166.9,0.171,0
2025-10-03T01:56:00,19.76,47.61,205.0,0.159,0
2025-10-03T01:57:00,24.94,48.4,179.8,0.225,0
2025-10-03T01:58:00,29.23,45.83,186.2,0.226,0
2025-10-03T01:59:00,24.01,46.77,217.5,0.196,0
2025-10-03T02:00:00,32.23,47.71,239.3,0.148,0
2025-10-03T02:01:00,24.88,50.11,188.7,0.178,0
2025-10-03T02:02:00,28.1,42.91,150.2,0.218,0
2025-10-03T02:03:00,28.59,47.32,174.0,0.249,0
2025-10-03T02:04:00,27.76,47.19,194.1,0.19,0
2025-10-03T02:05:00,30.41,48.84,216.7,0.252,0
2025-10-03T02:06:00,27.98,46.43,206.1,0.199,0
2025-10-03T02:07:00,23.46,48.07,198.7,0.19,0
2025-10-03T02:08:00,27.1,50.2,208.8,0.133,0
2025-10-03T02:09:00,23.11,50.29,187.1,0.192,0
2025-10-03T02:10:00,30.28,48.41,198.0,0.242,0
2025-10-03T02:11:00,27.84,47.45,205.1,0.214,0
2025-10-03T02:12:00,20.64,49.9,193.8,0.161,0
2025-10-03T02:13:00,21.59,46.95,201.5,0.284,0
2025-10-03T02:14:00,34.23,46.75,212.7,0.28,0
2025-10-03T02:15:00,24.25,49.64,215.1,0.168,0
2025-10-03T02:16:00,26.34,48.09,196.6,0.177,0
2025-10-03T02:17:00,30.89,48.19,195.1,0.276,0
2025-10-03T02:18:00,26.9,44.37,206.0,0.198,0
2025-10-03T02:19:00,20.16,48.52,185.2,0.221,0
2025-10-03T02:20:00,26.52,48.81,203.9,0.148,0
2025-10-03T02:21:00,29.17,49.18,224.7,0.265,0
2025-10-03T02:22:00,26.25,47.67,177.6,0.218,0
2025-10-03T02:23:00,27.76,53.82,184.6,0.253,0
2025-10-03T02:24:00,26.44,48.64,239.0,0.227,0
2025-10-03T02:25:00,25.8,47.37,202.2,0.241,0
2025-10-03T02:26:00,25.68,49.44,178.5,0.285,0
2025-10-03T02:27:00,29.58,48.06,226.8,0.236,0
2025-10-03T02:28:00,28.2,46.31,199.7,0.179,0
2025-10-03T02:29:00,25.64,45.65,179.3,0.163,0
2025-10-03T02:30:00,22.95,48.5,206.4,0.163,0
2025-10-03T02:31:00,25.59,48.85,195.4,0.195,0
2025-10-03T02:32:00,28.75,48.44,195.4,0.147,0
2025-10-03T02:33:00,20.09,48.41,184.6,0.162,0
2025-10-03T02:34:00,27.06,48.96,192.5,0.11,0
2025-10-03T02:35:00,23.39,49.9,200.0,0.238,0
2025-10-03T02:36:00,31.3,44.19,166.3,0.175,0
2025-10-03T02:37:00,21.53,50.83,194.7,0.082,0
2025-10-03T02:38:00,21.28,50.39,229.2,0.159,0
2025-10-03T02:39:00,60.24,51.22,206.8,4.206,1
2025-10-03T02:40:00,24.85,45.44,230.5,0.121,0
2025-10-03T02:41:00,25.44,49.88,195.2,0.296,0
2025-10-03T02:42:00,24.77,45.6,191.7,0.239,0
2025-10-03T02:43:00,34.78,51.46,204.5,0.227,0
2025-10-03T02:44:00,28.49,47.46,218.3,0.178,0
2025-10-03T02:45:00,24.92,47.66,179.2,0.144,0
2025-10-03T02:46:00,32.25,46.15,181.3,0.128,0
2025-10-03T02:47:00,28.84,46.08,243.6,0.154,0
2025-10-03T02:48:00,28.0,50.75,176.0,0.185,0
2025-10-03T02:49:00,27.82,50.08,168.2,0.154,0
2025-10-03T02:50:00,28.65,48.9,161.9,0.209,0
2025-10-03T02:51:00,26.85,46.63,183.3,0.292,0
2025-10-03T02:52:00,29.06,45.94,218.3,0.209,0
2025-10-03T02:53:00,29.06,49.44,173.5,0.205,0
2025-10-03T02:54:00,22.17,50.85,187.3,0.28,0
2025-10-03T02:55:00,22.71,46.41,199.1,0.186,0
2025-10-03T02:56:00,31.43,52.36,182.9,0.292,0
2025-10-03T02:57:00,30.72,47.86,204.2,0.309,0
2025-10-03T02:58:00,26.49,45.99,199.4,0.271,0
2025-10-03T02:59:00,26.63,44.93,216.7,0.221,0
2025-10-03T03:00:00,25.04,48.71,213.9,0.198,0
2025-10-03T03:01:00,28.7,51.38,212.3,0.232,0
2025-10-03T03:02:00,23.2,49.58,225.7,0.325,0
2025-10-03T03:03:00,34.35,46.82,216.0,0.089,0
2025-10-03T03:04:00,27.47,47.95,223.1,0.235,0
2025-10-03T03:05:00,30.33,50.04,236.0,0.124,0
2025-10-03T03:06:00,29.47,49.5,158.7,0.171,0
2025-10-03T03:07:00,26.53,48.34,211.5,0.134,0
2025-10-03T03:08:00,77.14,52.76,200.4,7.057,1
2025-10-03T03:09:00,33.22,48.12,209.4,0.199,0
2025-10-03T03:10:00,27.06,50.82,193.3,0.28,0
2025-10-03T03:11:00,31.27,50.21,227.6,0.148,0
2025-10-03T03:12:00,35.53,45.29,205.7,0.214,0
2025-10-03T03:13:00,34.05,51.97,210.9,0.157,0
2025-10-03T03:14:00,34.98,44.04,225.4,0.249,0
2025-10-03T03:15:00,25.95,50.2,195.4,0.214,0
2025-10-03T03:16:00,27.4,50.37,185.0,0.244,0
2025-10-03T03:17:00,27.24,49.59,217.5,0.197,0
2025-10-03T03:18:00,34.0,48.63,218.1,0.281,0
2025-10-03T03:19:00,30.56,49.87,230.9,0.211,0
2025-10-03T03:20:00,35.58,48.58,187.0,0.177,0
2025-10-03T03:21:00,30.5,47.57,206.8,0.172,0
2025-10-03T03:22:00,29.07,51.37,207.4,0.265,0
2025-10-03T03:23:00,27.75,51.84,224.9,0.115,0
2025-10-03T03:24:00,28.91,49.02,241.5,0.166,0
2025-10-03T03:25:00,31.83,50.62,203.6,0.292,0
2025-10-03T03:26:00,33.7,53.76,218.1,0.226,0
2025-10-03T03:27:00,22.5,51.23,256.9,0.231,0
2025-10-03T03:28:00,28.69,50.39,213.8,0.188,0
2025-10-03T03:29:00,31.81,50.26,253.8,0.196,0
2025-10-03T03:30:00,26.8,47.11,223.5,0.108,0
2025-10-03T03:31:00,31.98,48.72,229.6,0.188,0
2025-10-03T03:32:00,28.85,48.84,254.5,0.103,0
2025-10-03T03:33:00,29.22,51.79,235.7,0.218,0
2025-10-03T03:34:00,29.98,50.45,203.7,0.237,0
2025-10-03T03:35:00,28.88,50.03,200.6,0.155,0
2025-10-03T03:36:00,26.44,53.19,219.0,0.137,0
2025-10-03T03:37:00,31.32,47.63,192.7,0.232,0
2025-10-03T03:38:00,28.14,49.36,246.0,0.157,0
2025-10-03T03:39:00,30.46,52.21,195.5,0.186,0
2025-10-03T03:40:00,29.87,51.37,222.2,0.206,0
2025-10-03T03:41:00,31.58,49.59,221.1,0.244,0
2025-10-03T03:42:00,34.07,49.17,226.1,0.142,0
2025-10-03T03:43:00,29.13,49.15,208.1,0.22,0
2025-10-03T03:44:00,27.29,50.95,244.8,0.309,0
2025-10-03T03:45:00,31.24,50.83,209.8,0.229,0
2025-10-03T03:46:00,28.98,49.47,224.8,0.192,0
2025-10-03T03:47:00,33.15,49.14,215.4,0.195,0
2025-10-03T03:48:00,30.62,46.37,226.7,0.227,0
2025-10-03T03:49:00,30.51,46.58,200.0,0.252,0
2025-10-03T03:50:00,29.12,51.81,247.0,0.204,0
2025-10-03T03:51:00,31.04,51.18,189.9,0.158,0
2025-10-03T03:52:00,27.01,52.28,193.1,0.267,0
2025-10-03T03:53:00,23.7,47.46,225.5,0.253,0
2025-10-03T03:54:00,34.22,50.65,219.1,0.228,0
2025-10-03T03:55:00,30.23,46.27,204.2,0.251,0
2025-10-03T03:56:00,28.55,49.37,203.4,0.322,0
2025-10-03T03:57:00,28.12,46.69,188.0,0.215,0
2025-10-03T03:58:00,24.71,47.74,210.7,0.234,0
2025-10-03T03:59:00,30.22,47.06,237.5,0.202,0
2025-10-03T04:00:00,34.45,53.26,234.6,0.261,0
2025-10-03T04:01:00,31.62,52.08,185.8,0.246,0
2025-10-03T04:02:00,31.8,52.32,205.4,0.215,0
2025-10-03T04:03:00,30.68,50.25,207.4,0.183,0
2025-10-03T04:04:00,40.38,51.64,188.1,0.196,0
2025-10-03T04:05:00,31.49,52.05,271.0,0.166,0
2025-10-03T04:06:00,35.02,51.19,232.2,0.21,0
2025-10-03T04:07:00,30.51,51.25,191.4,0.18,0
2025-10-03T04:08:00,33.61,49.47,242.5,0.257,0
2025-10-03T04:09:00,32.78,51.76,241.8,0.194,0
2025-10-03T04:10:00,36.39,50.73,257.0,0.202,0
2025-10-03T04:11:00,31.95,50.24,217.7,0.214,0
2025-10-03T04:12:00,34.27,52.26,200.1,0.273,0
2025-10-03T04:13:00,32.98,50.75,228.8,0.206,0
2025-10-03T04:14:00,31.33,53.98,227.1,0.174,0
2025-10-03T04:15:00,30.79,47.16,236.8,0.18,0
2025-10-03T04:16:00,38.4,49.85,234.3,0.178,0
2025-10-03T04:17:00,27.66,51.13,252.4,0.184,0
2025-10-03T04:18:00,38.32,49.37,259.0,0.228,0
2025-10-03T04:19:00,29.76,49.4,244.9,0.2,0
2025-10-03T04:20:00,36.75,55.26,226.6,0.18,0
2025-10-03T04:21:00,35.45,49.82,253.3,0.189,0
2025-10-03T04:22:00,34.67,50.94,229.0,0.11,0
2025-10-03T04:23:00,32.18,52.96,258.0,0.239,0
2025-10-03T04:24:00,30.7,54.95,237.8,0.256,0
2025-10-03T04:25:00,35.21,46.58,227.7,0.239,0
2025-10-03T04:26:00,34.02,47.62,235.6,0.299,0
2025-10-03T04:27:00,30.24,50.01,238.8,0.181,0
2025-10-03T04:28:00,28.08,52.66,224.0,0.175,0
2025-10-03T04:29:00,30.88,50.98,238.4,0.271,0
2025-10-03T04:30:00,35.71,49.8,234.6,0.228,0
2025-10-03T04:31:00,31.21,51.66,221.4,0.32,0
2025-10-03T04:32:00,38.73,48.45,224.7,0.076,0
2025-10-03T04:33:00,30.96,51.65,210.3,0.094,0
2025-10-03T04:34:00,35.7,50.64,203.6,0.0,0
2025-10-03T04:35:00,36.23,47.82,201.8,0.165,0
2025-10-03T04:36:00,33.96,49.1,248.1,0.291,0
2025-10-03T04:37:00,30.28,49.3,237.0,0.296,0
2025-10-03T04:38:00,29.82,47.75,275.1,0.215,0
2025-10-03T04:39:00,33.1,51.48,250.3,0.171,0
2025-10-03T04:40:00,34.28,50.44,233.0,0.201,0
2025-10-03T04:41:00,34.56,49.36,243.1,0.172,0
2025-10-03T04:42:00,34.24,47.98,256.5,0.209,0
2025-10-03T04:43:00,34.24,48.98,231.5,0.149,0
2025-10-03T04:44:00,32.07,52.31,257.5,0.154,0
2025-10-03T04:45:00,31.74,52.74,228.4,0.197,0
2025-10-03T04:46:00,30.75,52.6,236.0,0.211,0
2025-10-03T04:47:00,30.87,54.14,258.4,0.183,0
2025-10-03T04:48:00,29.3,46.72,211.8,0.185,0
2025-10-03T04:49:00,31.24,53.03,228.8,0.16,0
2025-10-03T04:50:00,33.69,49.72,230.9,0.196,0
2025-10-03T04:51:00,27.53,49.23,252.6,0.284,0
2025-10-03T04:52:00,32.99,50.34,228.9,0.197,0
2025-10-03T04:53:00,31.55,49.7,282.5,0.193,0
2025-10-03T04:54:00,33.58,54.37,218.9,0.284,0
2025-10-03T04:55:00,34.19,49.51,225.3,0.177,0
2025-10-03T04:56:00,35.15,51.69,223.8,0.253,0
2025-10-03T04:57:00,25.11,51.2,258.3,0.267,0
2025-10-03T04:58:00,33.14,52.75,223.7,0.241,0
2025-10-03T04:59:00,33.89,47.58,212.3,0.25,0
2025-10-03T05:00:00,41.61,53.74,290.3,0.153,0
2025-10-03T05:01:00,43.18,49.9,263.1,0.192,0
2025-10-03T05:02:00,37.1,55.07,257.6,0.179,0
2025-10-03T05:03:00,31.59,53.03,232.6,0.186,0
2025-10-03T05:04:00,38.79,52.62,244.0,0.221,0
2025-10-03T05:05:00,40.88,51.67,288.2,0.189,0
2025-10-03T05:06:00,34.73,52.81,267.5,0.273,0
2025-10-03T05:07:00,38.62,53.63,248.4,0.197,0
2025-10-03T05:08:00,37.34,54.45,284.2,0.214,0
2025-10-03T05:09:00,39.26,50.96,251.3,0.201,0
2025-10-03T05:10:00,32.99,56.12,277.2,0.17,0
2025-10-03T05:11:00,30.51,57.26,269.5,0.214,0
2025-10-03T05:12:00,40.02,51.94,266.6,0.142,0
2025-10-03T05:13:00,32.82,53.98,248.2,0.128,0
2025-10-03T05:14:00,32.5,50.07,276.1,0.229,0
2025-10-03T05:15:00,39.17,53.81,270.0,0.263,0
2025-10-03T05:16:00,37.27,52.41,291.8,0.089,0
2025-10-03T05:17:00,37.54,50.33,272.7,0.26,0
2025-10-03T05:18:00,35.69,53.66,286.5,0.294,0
2025-10-03T05:19:00,38.32,51.27,260.7,0.254,0
2025-10-03T05:20:00,36.92,52.84,273.5,0.233,0
2025-10-03T05:21:00,34.95,53.58,237.1,0.134,0
2025-10-03T05:22:00,34.26,54.93,269.1,0.215,0
2025-10-03T05:23:00,32.28,55.26,234.7,0.255,0
2025-10-03T05:24:00,35.39,54.08,271.8,0.171,0
2025-10-03T05:25:00,31.24,52.82,252.7,0.193,0
2025-10-03T05:26:00,34.33,53.05,245.8,0.183,0
2025-10-03T05:27:00,39.52,53.52,265.0,0.154,0
2025-10-03T05:28:00,35.85,56.15,275.8,0.141,0
2025-10-03T05:29:00,33.67,53.99,288.4,0.203,0
2025-10-03T05:30:00,36.56,50.83,243.2,0.223,0
2025-10-03T05:31:00,30.36,52.4,274.6,0.214,0
2025-10-03T05:32:00,33.87,51.68,228.4,0.259,0
2025-10-03T05:33:00,37.95,52.78,262.3,0.235,0
2025-10-03T05:34:00,33.27,51.22,299.4,0.246,0
2025-10-03T05:35:00,36.45,54.57,307.3,0.207,0
2025-10-03T05:36:00,39.06,56.47,259.1,0.152,0
2025-10-03T05:37:00,38.76,52.43,266.8,0.129,0
2025-10-03T05:38:00,39.19,52.59,268.2,0.236,0
2025-10-03T05:39:00,29.51,54.33,266.6,0.154,0
2025-10-03T05:40:00,37.96,49.42,263.1,0.235,0
2025-10-03T05:41:00,37.42,50.82,255.2,0.133,0
2025-10-03T05:42:00,35.47,52.81,261.2,0.168,0
2025-10-03T05:43:00,32.16,51.39,253.8,0.11,0
2025-10-03T05:44:00,40.99,51.08,268.1,0.283,0
2025-10-03T05:45:00,36.19,50.38,261.0,0.19,0
2025-10-03T05:46:00,37.06,53.59,298.5,0.119,0
2025-10-03T05:47:00,32.36,53.66,266.1,0.18,0
2025-10-03T05:48:00,37.57,53.12,265.9,0.156,0
2025-10-03T05:49:00,32.92,52.1,232.5,0.19,0
2025-10-03T05:50:00,36.5,50.28,276.0,0.184,0
2025-10-03T05:51:00,36.84,53.0,247.7,0.185,0
2025-10-03T05:52:00,37.24,54.04,288.8,0.159,0
2025-10-03T05:53:00,33.21,52.04,261.1,0.201,0
2025-10-03T05:54:00,31.97,51.3,276.4,0.186,0
2025-10-03T05:55:00,36.42,54.14,275.7,0.247,0
2025-10-03T05:56:00,32.11,51.18,223.4,0.201,0
2025-10-03T05:57:00,39.2,55.11,304.2,0.172,0
2025-10-03T05:58:00,35.08,53.45,267.7,0.222,0
2025-10-03T05:59:00,36.74,50.6,247.8,0.258,0
2025-10-03T06:00:00,41.87,54.26,304.5,0.233,0
2025-10-03T06:01:00,41.5,54.11,304.7,0.194,0
2025-10-03T06:02:00,37.92,55.37,288.3,0.18,0
2025-10-03T06:03:00,39.91,52.91,334.6,0.139,0
2025-10-03T06:04:00,40.11,55.29,295.3,0.216,0
2025-10-03T06:05:00,42.49,56.58,297.8,0.314,0
2025-10-03T06:06:00,37.72,56.96,306.1,0.209,0
2025-10-03T06:07:00,42.45,56.0,301.1,0.234,0
2025-10-03T06:08:00,41.3,59.58,301.8,0.272,0
2025-10-03T06:09:00,45.77,53.22,251.9,0.192,0
2025-10-03T06:10:00,42.91,53.53,307.0,0.209,0
2025-10-03T06:11:00,43.03,54.49,333.2,0.13,0
2025-10-03T06:12:00,40.3,51.53,292.9,0.168,0
2025-10-03T06:13:00,38.83,56.38,281.5,0.193,0
2025-10-03T06:14:00,39.36,56.0,294.5,0.273,0
2025-10-03T06:15:00,44.77,52.49,283.8,0.211,0
2025-10-03T06:16:00,44.23,52.63,303.3,0.234,0
2025-10-03T06:17:00,42.27,54.43,273.3,0.253,0
2025-10-03T06:18:00,39.9,54.64,296.1,0.207,0
2025-10-03T06:19:00,38.77,58.57,300.3,0.176,0
2025-10-03T06:20:00,41.24,52.08,290.7,0.213,0
2025-10-03T06:21:00,37.97,56.9,277.0,0.117,0
2025-10-03T06:22:00,36.54,54.16,295.0,0.189,0
2025-10-03T06:23:00,36.94,54.42,309.7,0.173,0
2025-10-03T06:24:00,39.95,57.91,303.0,0.178,0
2025-10-03T06:25:00,37.92,52.03,301.5,0.17,0
2025-10-03T06:26:00,34.03,56.27,312.7,0.29,0
2025-10-03T06:27:00,38.58,54.23,289.0,0.239,0
2025-10-03T06:28:00,41.45,56.83,283.2,0.245,0
2025-10-03T06:29:00,42.15,55.28,320.3,0.229,0
2025-10-03T06:30:00,69.97,51.86,408.6,6.485,1
2025-10-03T06:31:00,36.5,56.92,283.5,0.213,0
2025-10-03T06:32:00,38.7,55.41,297.3,0.17,0
2025-10-03T06:33:00,44.93,53.38,305.3,0.171,0
2025-10-03T06:34:00,42.14,55.11,295.3,0.274,0
2025-10-03T06:35:00,83.94,57.29,205.0,4.779,1
2025-10-03T06:36:00,42.23,52.13,309.8,0.1,0
2025-10-03T06:37:00,35.19,56.51,285.1,0.201,0
2025-10-03T06:38:00,35.3,56.29,324.5,0.136,0
2025-10-03T06:39:00,76.03,54.3,228.0,4.279,1
2025-10-03T06:40:00,41.58,53.82,288.5,0.132,0
2025-10-03T06:41:00,41.85,55.65,308.9,0.156,0
2025-10-03T06:42:00,39.2,55.01,291.6,0.116,0
2025-10-03T06:43:00,38.15,57.8,336.7,0.162,0
2025-10-03T06:44:00,43.61,54.31,275.9,0.174,0
2025-10-03T06:45:00,37.24,56.49,305.9,0.138,0
2025-10-03T06:46:00,41.19,54.85,308.2,0.241,0
2025-10-03T06:47:00,37.03,55.42,306.4,0.167,0
2025-10-03T06:48:00,43.58,56.23,325.3,0.175,0
2025-10-03T06:49:00,41.25,58.52,295.4,0.315,0
2025-10-03T06:50:00,76.33,56.9,468.0,5.578,1
2025-10-03T06:51:00,42.64,56.19,283.4,0.256,0
2025-10-03T06:52:00,38.56,57.09,294.4,0.196,0
2025-10-03T06:53:00,39.96,56.61,290.0,0.231,0
2025-10-03T06:54:00,39.12,53.66,307.7,0.194,0
2025-10-03T06:55:00,39.35,52.12,294.4,0.238,0
2025-10-03T06:56:00,36.13,57.54,309.6,0.184,0
2025-10-03T06:57:00,40.41,57.57,322.5,0.157,0
2025-10-03T06:58:00,38.69,56.38,281.8,0.188,0
2025-10-03T06:59:00,39.96,56.37,292.4,0.185,0
2025-10-03T07:00:00,47.75,58.71,339.8,0.233,0
2025-10-03T07:01:00,40.55,56.77,319.7,0.253,0
2025-10-03T07:02:00,42.84,57.91,343.6,0.271,0
2025-10-03T07:03:00,45.8,56.47,326.6,0.152,0
2025-10-03T07:04:00,43.35,55.35,335.0,0.254,0
2025-10-03T07:05:00,51.39,60.0,315.8,0.228,0
2025-10-03T07:06:00,45.03,58.09,353.8,0.227,0
2025-10-03T07:07:00,45.26,55.81,342.2,0.122,0
2025-10-03T07:08:00,44.54,58.34,353.9,0.14,0
2025-10-03T07:09:00,43.97,58.26,316.3,0.162,0
2025-10-03T07:10:00,45.17,55.67,327.7,0.258,0
2025-10-03T07:11:00,44.43,55.81,348.9,0.151,0
2025-10-03T07:12:00,46.6,56.69,337.9,0.072,0
2025-10-03T07:13:00,47.11,56.84,336.9,0.106,0
2025-10-03T07:14:00,37.43,58.38,334.4,0.158,0
2025-10-03T07:15:00,82.61,58.4,397.4,6.252,1
2025-10-03T07:16:00,44.46,57.73,355.1,0.217,0
2025-10-03T07:17:00,44.89,59.32,309.4,0.253,0
2025-10-03T07:18:00,40.76,56.86,345.7,0.303,0
2025-10-03T07:19:00,46.11,56.73,361.6,0.212,0
2025-10-03T07:20:00,42.42,58.44,339.8,0.14,0
2025-10-03T07:21:00,43.0,54.72,341.9,0.142,0
2025-10-03T07:22:00,47.31,57.23,350.1,0.167,0
2025-10-03T07:23:00,37.06,56.17,345.5,0.219,0
2025-10-03T07:24:00,49.48,53.12,337.0,0.238,0
2025-10-03T07:25:00,40.16,55.14,329.8,0.294,0
2025-10-03T07:26:00,41.02,57.1,326.1,0.204,0
2025-10-03T07:27:00,46.31,56.74,298.2,0.312,0
2025-10-03T07:28:00,48.94,59.29,307.7,0.243,0
2025-10-03T07:29:00,45.36,58.08,333.7,0.138,0
2025-10-03T07:30:00,43.39,54.48,325.5,0.17,0
2025-10-03T07:31:00,38.57,58.55,336.7,0.286,0
2025-10-03T07:32:00,43.75,56.12,356.1,0.266,0
2025-10-03T07:33:00,47.81,57.45,318.8,0.112,0
2025-10-03T07:34:00,41.56,55.99,345.2,0.182,0
2025-10-03T07:35:00,46.89,58.76,321.7,0.144,0
2025-10-03T07:36:00,47.97,57.86,363.6,0.222,0
2025-10-03T07:37:00,46.74,54.83,332.2,0.159,0
2025-10-03T07:38:00,40.64,55.77,302.3,0.264,0
2025-10-03T07:39:00,39.98,56.16,344.4,0.054,0
2025-10-03T07:40:00,46.26,56.67,301.2,0.232,0
2025-10-03T07:41:00,42.48,58.51,308.6,0.189,0
2025-10-03T07:42:00,43.74,57.36,347.9,0.181,0
2025-10-03T07:43:00,42.87,56.38,339.5,0.244,0
2025-10-03T07:44:00,47.93,59.15,319.6,0.201,0
2025-10-03T07:45:00,41.46,53.62,318.4,0.214,0
2025-10-03T07:46:00,40.78,55.76,346.1,0.199,0
2025-10-03T07:47:00,39.34,56.5,332.6,0.24,0
2025-10-03T07:48:00,46.08,54.9,328.2,0.247,0
2025-10-03T07:49:00,49.48,57.61,333.1,0.157,0
2025-10-03T07:50:00,46.01,56.41,317.8,0.094,0
2025-10-03T07:51:00,44.44,55.36,342.1,0.196,0
2025-10-03T07:52:00,42.97,55.33,293.1,0.227,0
2025-10-03T07:53:00,44.52,59.81,333.2,0.255,0
2025-10-03T07:54:00,40.99,54.88,364.7,0.226,0
2025-10-03T07:55:00,42.24,60.41,315.7,0.3,0
2025-10-03T07:56:00,43.05,55.09,323.8,0.226,0
2025-10-03T07:57:00,48.16,55.77,346.8,0.178,0
2025-10-03T07:58:00,32.8,58.04,299.5,0.147,0
2025-10-03T07:59:00,40.93,58.29,332.1,0.25,0
2025-10-03T08:00:00,51.13,57.69,355.2,0.157,0
2025-10-03T08:01:00,48.47,58.54,372.2,0.195,0
2025-10-03T08:02:00,50.52,59.29,359.0,0.163,0
2025-10-03T08:03:00,47.67,57.91,362.6,0.166,0
2025-10-03T08:04:00,52.62,60.11,342.2,0.262,0
2025-10-03T08:05:00,44.53,59.0,372.7,0.242,0
2025-10-03T08:06:00,54.96,60.14,340.4,0.276,0
2025-10-03T08:07:00,43.89,57.63,381.3,0.19,0
2025-10-03T08:08:00,44.86,59.19,371.0,0.199,0
2025-10-03T08:09:00,47.43,57.76,364.4,0.191,0
2025-10-03T08:10:00,52.45,58.2,386.9,0.162,0
2025-10-03T08:11:00,53.24,56.46,351.6,0.223,0
2025-10-03T08:12:00,52.66,61.64,310.4,0.259,0
2025-10-03T08:13:00,43.57,59.73,338.4,0.257,0
2025-10-03T08:14:00,53.67,59.78,342.7,0.19,0
2025-10-03T08:15:00,49.53,60.03,320.6,0.204,0
2025-10-03T08:16:00,43.42,59.68,377.6,0.18,0
2025-10-03T08:17:00,45.93,58.74,361.0,0.273,0
2025-10-03T08:18:00,47.57,59.1,397.9,0.183,0
2025-10-03T08:19:00,44.31,58.18,419.9,0.17,0
2025-10-03T08:20:00,44.87,56.66,373.0,0.184,0
2025-10-03T08:21:00,45.08,58.26,337.7,0.165,0
2025-10-03T08:22:00,44.52,59.48,358.6,0.199,0
2025-10-03T08:23:00,53.56,59.73,382.6,0.138,0
2025-10-03T08:24:00,46.21,58.25,336.3,0.185,0
2025-10-03T08:25:00,52.46,62.16,298.3,0.104,0
2025-10-03T08:26:00,46.69,55.35,374.7,0.198,0
2025-10-03T08:27:00,51.13,57.06,380.9,0.244,0
2025-10-03T08:28:00,47.93,58.1,356.5,0.15,0
2025-10-03T08:29:00,47.38,62.58,409.1,0.157,0
2025-10-03T08:30:00,50.62,57.11,355.7,0.209,0
2025-10-03T08:31:00,45.46,58.69,352.0,0.196,0
2025-10-03T08:32:00,50.28,56.33,372.5,0.199,0
2025-10-03T08:33:00,53.73,57.79,353.8,0.181,0
2025-10-03T08:34:00,43.98,58.19,356.7,0.234,0
2025-10-03T08:35:00,47.66,64.12,366.6,0.23,0
2025-10-03T08:36:00,48.04,59.38,340.1,0.24,0
2025-10-03T08:37:00,52.01,55.71,395.8,0.208,0
2025-10-03T08:38:00,43.18,56.63,378.1,0.243,0
2025-10-03T08:39:00,43.89,60.55,362.0,0.153,0
2025-10-03T08:40:00,47.28,58.6,380.6,0.175,0
2025-10-03T08:41:00,49.83,60.93,333.0,0.227,0
2025-10-03T08:42:00,46.64,61.43,364.2,0.127,0
2025-10-03T08:43:00,50.3,58.27,322.3,0.091,0
2025-10-03T08:44:00,46.04,60.19,336.5,0.197,0
2025-10-03T08:45:00,43.06,56.54,372.0,0.262,0
2025-10-03T08:46:00,48.88,62.83,382.6,0.266,0
2025-10-03T08:47:00,49.35,57.99,350.3,0.13,0
2025-10-03T08:48:00,47.82,57.42,335.1,0.224,0
2025-10-03T08:49:00,45.14,60.01,353.8,0.184,0
2025-10-03T08:50:00,43.8,60.77,356.8,0.215,0
2025-10-03T08:51:00,47.01,59.69,407.1,0.233,0
2025-10-03T08:52:00,48.2,59.56,340.1,0.181,0
2025-10-03T08:53:00,81.53,58.37,379.8,3.199,1
2025-10-03T08:54:00,42.88,61.56,348.9,0.195,0
2025-10-03T08:55:00,48.43,57.69,344.6,0.174,0
2025-10-03T08:56:00,44.71,61.06,348.4,0.235,0
2025-10-03T08:57:00,52.29,54.56,362.4,0.116,0
2025-10-03T08:58:00,82.14,56.04,335.9,6.732,1
2025-10-03T08:59:00,49.46,58.77,335.5,0.124,0
2025-10-03T09:00:00,46.94,62.78,399.5,0.246,0
2025-10-03T09:01:00,51.22,58.22,435.7,0.248,0
2025-10-03T09:02:00,54.68,57.11,366.5,0.172,0
2025-10-03T09:03:00,48.71,60.67,418.8,0.201,0
2025-10-03T09:04:00,49.79,58.25,394.3,0.162,0
2025-10-03T09:05:00,51.98,56.6,362.0,0.178,0
2025-10-03T09:06:00,48.19,62.01,409.0,0.228,0
2025-10-03T09:07:00,47.8,63.14,381.3,0.124,0
2025-10-03T09:08:00,46.77,61.57,387.9,0.193,0
2025-10-03T09:09:00,52.49,63.97,398.5,0.252,0
2025-10-03T09:10:00,49.5,58.68,381.3,0.261,0
2025-10-03T09:11:00,53.03,58.78,375.3,0.089,0
2025-10-03T09:12:00,46.8,58.35,404.5,0.243,0
2025-10-03T09:13:00,49.34,60.66,379.4,0.259,0
2025-10-03T09:14:00,58.69,59.96,358.6,0.137,0
2025-10-03T09:15:00,52.47,61.84,373.4,0.142,0
2025-10-03T09:16:00,51.55,63.64,405.1,0.18,0
2025-10-03T09:17:00,54.51,58.66,373.3,0.145,0
2025-10-03T09:18:00,50.15,61.25,396.0,0.13,0
2025-10-03T09:19:00,53.72,59.84,377.0,0.205,0
2025-10-03T09:20:00,52.26,57.72,362.6,0.174,0
2025-10-03T09:21:00,52.59,55.29,398.2,0.221,0
2025-10-03T09:22:00,48.67,57.41,398.3,0.239,0
2025-10-03T09:23:00,54.45,61.03,396.8,0.251,0
2025-10-03T09:24:00,56.53,63.21,384.6,0.152,0
2025-10-03T09:25:00,49.38,58.7,407.4,0.199,0
2025-10-03T09:26:00,49.71,61.62,373.0,0.219,0
2025-10-03T09:27:00,50.63,63.87,403.6,0.141,0
2025-10-03T09:28:00,55.33,61.76,340.6,0.28,0
2025-10-03T09:29:00,46.17,58.04,377.5,0.247,0
2025-10-03T09:30:00,100,61.17,495.4,5.699,1
2025-10-03T09:31:00,49.86,62.03,364.9,0.213,0
2025-10-03T09:32:00,50.93,61.09,396.0,0.203,0
2025-10-03T09:33:00,52.84,58.1,377.6,0.193,0
2025-10-03T09:34:00,56.67,59.37,400.0,0.172,0
2025-10-03T09:35:00,50.6,63.53,358.8,0.186,0
2025-10-03T09:36:00,50.88,62.28,367.7,0.195,0
2025-10-03T09:37:00,46.74,60.72,373.3,0.236,0
2025-10-03T09:38:00,47.13,58.33,377.9,0.182,0
2025-10-03T09:39:00,47.57,58.23,411.8,0.155,0
2025-10-03T09:40:00,48.78,59.64,367.8,0.178,0
2025-10-03T09:41:00,51.95,65.58,401.6,0.191,0
2025-10-03T09:42:00,55.73,62.21,380.5,0.297,0
2025-10-03T09:43:00,46.03,60.4,349.0,0.138,0
2025-10-03T09:44:00,47.65,60.91,367.3,0.233,0
2025-10-03T09:45:00,53.12,60.97,381.8,0.177,0
2025-10-03T09:46:00,46.86,63.97,387.6,0.286,0
2025-10-03T09:47:00,48.83,62.95,392.4,0.082,0
2025-10-03T09:48:00,55.56,58.05,398.2,0.194,0
2025-10-03T09:49:00,47.51,58.84,405.8,0.239,0
2025-10-03T09:50:00,48.77,60.34,369.3,0.302,0
2025-10-03T09:51:00,52.74,61.47,374.1,0.187,0
2025-10-03T09:52:00,46.2,60.96,382.6,0.232,0
2025-10-03T09:53:00,52.2,62.99,354.2,0.261,0
2025-10-03T09:54:00,48.22,60.36,391.8,0.221,0
2025-10-03T09:55:00,46.47,60.32,381.5,0.182,0
2025-10-03T09:56:00,52.76,60.06,402.1,0.278,0
2025-10-03T09:57:00,48.97,59.32,395.3,0.194,0
2025-10-03T09:58:00,51.71,61.4,377.5,0.114,0
2025-10-03T09:59:00,52.32,60.61,380.6,0.236,0
2025-10-03T10:00:00,52.61,61.75,416.6,0.114,0
2025-10-03T10:01:00,52.04,61.07,401.4,0.226,0
2025-10-03T10:02:00,49.24,59.98,407.5,0.117,0
2025-10-03T10:03:00,54.16,63.67,376.8,0.212,0
2025-10-03T10:04:00,52.99,63.67,400.3,0.182,0
2025-10-03T10:05:00,55.68,63.03,412.9,0.177,0
2025-10-03T10:06:00,53.37,62.87,371.2,0.131,0
2025-10-03T10:07:00,55.29,61.04,386.5,0.109,0
2025-10-03T10:08:00,52.69,60.31,395.1,0.217,0
2025-10-03T10:09:00,52.26,63.89,415.5,0.158,0
2025-10-03T10:10:00,48.48,60.08,364.5,0.233,0
2025-10-03T10:11:00,53.44,61.92,413.4,0.144,0
2025-10-03T10:12:00,53.7,62.66,406.6,0.149,0
2025-10-03T10:13:00,55.29,59.7,410.6,0.263,0
2025-10-03T10:14:00,56.47,62.66,393.4,0.181,0
2025-10-03T10:15:00,50.27,63.74,395.3,0.249,0
2025-10-03T10:16:00,50.51,63.45,403.1,0.251,0
2025-10-03T10:17:00,59.81,60.79,425.0,0.268,0
2025-10-03T10:18:00,49.53,57.78,398.0,0.31,0
2025-10-03T10:19:00,51.58,59.91,396.1,0.081,0
2025-10-03T10:20:00,57.2,62.41,443.2,0.242,0
2025-10-03T10:21:00,54.59,61.9,397.4,0.208,0
2025-10-03T10:22:00,54.08,62.57,407.2,0.228,0
2025-10-03T10:23:00,57.08,60.44,397.3,0.149,0
2025-10-03T10:24:00,53.43,62.7,417.7,0.222,0
2025-10-03T10:25:00,56.48,63.03,386.9,0.2,0
2025-10-03T10:26:00,48.18,64.16,401.7,0.122,0
2025-10-03T10:27:00,55.44,64.95,423.0,0.229,0
2025-10-03T10:28:00,53.34,62.53,395.5,0.262,0
2025-10-03T10:29:00,54.67,59.3,417.8,0.192,0
2025-10-03T10:30:00,51.99,62.82,399.4,0.258,0
2025-10-03T10:31:00,51.64,65.28,397.9,0.088,0
2025-10-03T10:32:00,49.47,60.6,419.8,0.179,0
2025-10-03T10:33:00,47.86,61.78,407.4,0.16,0
2025-10-03T10:34:00,51.27,62.28,367.1,0.283,0
2025-10-03T10:35:00,56.1,64.16,376.9,0.212,0
2025-10-03T10:36:00,49.75,61.6,383.5,0.175,0
2025-10-03T10:37:00,54.47,61.86,421.5,0.215,0
2025-10-03T10:38:00,57.86,62.63,405.0,0.195,0
2025-10-03T10:39:00,53.69,63.83,412.0,0.199,0
2025-10-03T10:40:00,51.01,61.7,387.6,0.267,0
2025-10-03T10:41:00,92.63,58.96,494.3,7.206,1
2025-10-03T10:42:00,50.54,60.69,424.8,0.216,0
2025-10-03T10:43:00,51.57,65.2,367.6,0.146,0
2025-10-03T10:44:00,51.74,57.31,422.8,0.267,0
2025-10-03T10:45:00,51.54,61.61,360.5,0.2,0
2025-10-03T10:46:00,57.71,60.45,422.4,0.22,0
2025-10-03T10:47:00,52.36,59.65,384.7,0.214,0
2025-10-03T10:48:00,50.93,63.72,394.2,0.184,0
2025-10-03T10:49:00,50.32,60.01,379.7,0.204,0
2025-10-03T10:50:00,55.51,61.9,387.4,0.192,0
2025-10-03T10:51:00,51.92,63.9,421.3,0.214,0
2025-10-03T10:52:00,49.14,59.63,420.7,0.214,0
2025-10-03T10:53:00,46.65,62.99,433.0,0.166,0
2025-10-03T10:54:00,48.83,61.92,425.2,0.26,0
2025-10-03T10:55:00,50.94,61.44,383.9,0.196,0
2025-10-03T10:56:00,47.93,61.44,402.8,0.259,0
2025-10-03T10:57:00,51.84,63.85,415.3,0.204,0
2025-10-03T10:58:00,51.31,59.54,401.9,0.179,0
2025-10-03T10:59:00,54.45,61.45,415.7,0.257,0
2025-10-03T11:00:00,58.61,59.9,397.0,0.173,0
2025-10-03T11:01:00,55.94,62.65,382.2,0.209,0
2025-10-03T11:02:00,59.01,64.8,445.7,0.164,0
2025-10-03T11:03:00,55.82,62.06,446.8,0.208,0
2025-10-03T11:04:00,55.18,60.32,420.9,0.206,0
2025-10-03T11:05:00,54.67,60.89,417.7,0.151,0
2025-10-03T11:06:00,52.71,59.91,409.4,0.178,0
2025-10-03T11:07:00,55.45,59.45,397.6,0.151,0
2025-10-03T11:08:00,62.51,62.58,414.2,0.273,0
2025-10-03T11:09:00,52.05,63.01,408.9,0.223,0
2025-10-03T11:10:00,43.15,61.83,429.0,0.338,0
2025-10-03T11:11:00,53.13,62.44,437.4,0.224,0
2025-10-03T11:12:00,53.02,61.64,441.3,0.166,0
2025-10-03T11:13:00,57.4,60.4,420.0,0.247,0
2025-10-03T11:14:00,56.86,61.47,433.0,0.089,0
2025-10-03T11:15:00,50.41,60.2,444.1,0.236,0
2025-10-03T11:16:00,51.14,65.91,393.6,0.277,0
2025-10-03T11:17:00,50.55,61.78,422.0,0.214,0
2025-10-03T11:18:00,50.59,63.92,462.2,0.171,0
2025-10-03T11:19:00,54.1,61.76,424.3,0.209,0
2025-10-03T11:20:00,53.56,60.39,391.1,0.167,0
2025-10-03T11:21:00,48.0,63.37,446.8,0.216,0
2025-10-03T11:22:00,52.66,62.46,422.4,0.208,0
2025-10-03T11:23:00,56.15,62.54,400.0,0.215,0
2025-10-03T11:24:00,55.07,64.7,426.8,0.197,0
2025-10-03T11:25:00,55.41,60.59,406.8,0.141,0
2025-10-03T11:26:00,59.27,63.82,428.4,0.134,0
2025-10-03T11:27:00,58.39,63.64,415.7,0.181,0
2025-10-03T11:28:00,56.33,60.01,388.8,0.263,0
2025-10-03T11:29:00,54.79,64.23,430.5,0.124,0
2025-10-03T11:30:00,62.7,62.42,399.7,0.173,0
2025-10-03T11:31:00,57.48,62.89,408.2,0.209,0
2025-10-03T11:32:00,57.78,60.25,409.9,0.218,0
2025-10-03T11:33:00,58.69,60.81,403.5,0.131,0
2025-10-03T11:34:00,54.3,62.68,410.3,0.229,0
2025-10-03T11:35:00,53.98,60.59,401.6,0.28,0
2025-10-03T11:36:00,51.52,58.88,424.5,0.25,0
2025-10-03T11:37:00,54.01,59.41,433.9,0.209,0
2025-10-03T11:38:00,56.16,60.24,416.5,0.278,0
2025-10-03T11:39:00,56.59,61.33,434.9,0.207,0
2025-10-03T11:40:00,53.76,61.0,425.2,0.167,0
2025-10-03T11:41:00,57.87,61.64,450.3,0.219,0
2025-10-03T11:42:00,57.71,65.14,430.6,0.224,0
2025-10-03T11:43:00,56.88,65.11,439.5,0.195,0
2025-10-03T11:44:00,54.34,63.77,408.5,0.291,0
2025-10-03T11:45:00,50.99,66.04,400.3,0.168,0
2025-10-03T11:46:00,55.75,63.77,398.7,0.161,0
2025-10-03T11:47:00,56.27,59.93,430.5,0.271,0
2025-10-03T11:48:00,56.57,63.67,398.2,0.239,0
2025-10-03T11:49:00,52.53,61.27,438.7,0.196,0
2025-10-03T11:50:00,55.94,60.18,411.5,0.182,0
2025-10-03T11:51:00,61.1,61.81,428.0,0.217,0
2025-10-03T11:52:00,55.54,64.1,437.6,0.238,0
2025-10-03T11:53:00,51.58,65.99,433.4,0.152,0
2025-10-03T11:54:00,54.41,65.48,414.8,0.197,0
2025-10-03T11:55:00,54.25,65.14,421.6,0.145,0
2025-10-03T11:56:00,91.79,62.46,512.9,8.101,1
2025-10-03T11:57:00,57.1,65.04,435.9,0.23,0
2025-10-03T11:58:00,57.98,63.13,424.8,0.195,0
2025-10-03T11:59:00,56.31,59.07,390.3,0.186,0
2025-10-03T12:00:00,51.13,58.09,412.3,0.17,0
2025-10-03T12:01:00,50.56,63.18,424.4,0.162,0
2025-10-03T12:02:00,59.28,64.81,422.9,0.201,0
2025-10-03T12:03:00,57.94,57.72,418.1,0.246,0
2025-10-03T12:04:00,56.33,63.98,428.5,0.124,0
2025-10-03T12:05:00,55.31,61.67,444.2,0.188,0
2025-10-03T12:06:00,55.77,61.58,453.6,0.209,0
2025-10-03T12:07:00,60.74,62.79,393.5,0.312,0
2025-10-03T12:08:00,52.64,62.55,442.4,0.16,0
2025-10-03T12:09:00,54.04,64.56,397.8,0.304,0
2025-10-03T12:10:00,51.54,60.64,445.1,0.226,0
2025-10-03T12:11:00,61.05,65.26,416.3,0.2,0
2025-10-03T12:12:00,50.29,65.04,425.2,0.198,0
2025-10-03T12:13:00,52.48,63.1,415.5,0.154,0
2025-10-03T12:14:00,50.59,64.84,400.9,0.187,0
2025-10-03T12:15:00,46.28,65.31,426.0,0.216,0
2025-10-03T12:16:00,55.74,62.58,402.4,0.268,0
2025-10-03T12:17:00,50.7,61.97,438.2,0.152,0
2025-10-03T12:18:00,55.72,64.74,436.2,0.11,0
2025-10-03T12:19:00,55.78,68.51,438.7,0.217,0
2025-10-03T12:20:00,54.73,62.46,417.6,0.187,0
2025-10-03T12:21:00,50.22,64.21,430.3,0.268,0
2025-10-03T12:22:00,56.43,64.42,452.2,0.242,0
2025-10-03T12:23:00,56.6,61.02,415.5,0.196,0
2025-10-03T12:24:00,53.31,65.64,432.0,0.159,0
2025-10-03T12:25:00,55.46,59.4,437.2,0.173,0
2025-10-03T12:26:00,50.97,62.92,402.5,0.117,0
2025-10-03T12:27:00,54.93,66.45,426.1,0.106,0
2025-10-03T12:28:00,50.23,65.29,410.8,0.219,0
2025-10-03T12:29:00,54.79,62.53,407.5,0.246,0
2025-10-03T12:30:00,50.29,63.87,435.9,0.219,0
2025-10-03T12:31:00,52.18,61.24,416.0,0.246,0
2025-10-03T12:32:00,52.54,63.18,410.3,0.205,0
2025-10-03T12:33:00,59.06,61.95,458.5,0.202,0
2025-10-03T12:34:00,57.36,63.36,418.5,0.199,0
2025-10-03T12:35:00,54.66,63.15,397.4,0.074,0
2025-10-03T12:36:00,55.81,63.84,407.1,0.237,0
2025-10-03T12:37:00,59.98,62.2,414.1,0.269,0
2025-10-03T12:38:00,55.7,61.59,451.2,0.178,0
2025-10-03T12:39:00,51.02,61.82,461.6,0.215,0
2025-10-03T12:40:00,55.91,64.79,413.8,0.114,0
2025-10-03T12:41:00,48.27,66.97,438.4,0.219,0
2025-10-03T12:42:00,54.35,60.62,412.8,0.206,0
2025-10-03T12:43:00,54.37,63.66,428.4,0.196,0
2025-10-03T12:44:00,53.73,60.65,394.1,0.25,0
2025-10-03T12:45:00,54.06,61.01,458.3,0.179,0
2025-10-03T12:46:00,57.53,61.64,413.9,0.224,0
2025-10-03T12:47:00,57.06,63.32,396.9,0.249,0
2025-10-03T12:48:00,52.17,58.22,457.9,0.166,0
2025-10-03T12:49:00,58.86,63.73,382.1,0.305,0
2025-10-03T12:50:00,57.3,62.46,406.1,0.127,0
2025-10-03T12:51:00,55.81,59.21,446.2,0.264,0
2025-10-03T12:52:00,56.81,60.61,412.6,0.187,0
2025-10-03T12:53:00,54.37,64.4,434.0,0.184,0
2025-10-03T12:54:00,57.34,61.08,428.8,0.178,0
2025-10-03T12:55:00,49.56,65.03,406.0,0.171,0
2025-10-03T12:56:00,57.93,64.62,458.9,0.248,0
2025-10-03T12:57:00,53.75,64.79,374.9,0.216,0
2025-10-03T12:58:00,52.74,64.99,379.5,0.19,0
2025-10-03T12:59:00,52.79,60.42,404.9,0.239,0
2025-10-03T13:00:00,60.25,66.05,411.4,0.178,0
2025-10-03T13:01:00,51.87,63.84,420.1,0.159,0
2025-10-03T13:02:00,55.38,59.81,421.0,0.222,0
2025-10-03T13:03:00,52.28,61.53,439.3,0.176,0
2025-10-03T13:04:00,56.77,66.16,428.0,0.197,0
2025-10-03T13:05:00,51.9,63.02,407.9,0.188,0
2025-10-03T13:06:00,55.69,63.27,396.9,0.274,0
2025-10-03T13:07:00,56.57,65.04,466.8,0.188,0
2025-10-03T13:08:00,54.08,61.93,427.5,0.166,0
2025-10-03T13:09:00,57.3,61.6,413.1,0.216,0
2025-10-03T13:10:00,52.36,60.06,431.6,0.223,0
2025-10-03T13:11:00,55.3,63.53,421.3,0.298,0
2025-10-03T13:12:00,52.44,61.61,395.5,0.295,0
2025-10-03T13:13:00,59.92,65.93,408.7,0.323,0
2025-10-03T13:14:00,56.63,63.76,441.1,0.124,0
2025-10-03T13:15:00,51.31,62.33,389.4,0.298,0
2025-10-03T13:16:00,57.58,64.4,403.6,0.231,0
2025-10-03T13:17:00,52.79,60.8,427.2,0.185,0
2025-10-03T13:18:00,55.93,62.56,415.1,0.159,0
2025-10-03T13:19:00,59.01,61.68,409.9,0.231,0
2025-10-03T13:20:00,54.53,61.05,434.0,0.211,0
2025-10-03T13:21:00,52.76,65.95,402.1,0.206,0
2025-10-03T13:22:00,57.55,65.12,430.3,0.194,0
2025-10-03T13:23:00,52.52,62.01,433.9,0.238,0
2025-10-03T13:24:00,52.98,60.58,423.4,0.308,0
2025-10-03T13:25:00,55.82,59.33,415.3,0.235,0
2025-10-03T13:26:00,90.6,62.49,484.4,7.876,1
2025-10-03T13:27:00,81.42,61.64,375.4,5.632,1
2025-10-03T13:28:00,53.21,61.96,381.3,0.276,0
2025-10-03T13:29:00,54.69,62.72,467.8,0.175,0
2025-10-03T13:30:00,62.72,62.6,379.2,0.199,0
2025-10-03T13:31:00,55.25,61.62,437.5,0.134,0
2025-10-03T13:32:00,54.93,60.97,432.3,0.095,0
2025-10-03T13:33:00,53.6,61.39,390.2,0.246,0
2025-10-03T13:34:00,52.95,62.4,438.7,0.205,0
2025-10-03T13:35:00,56.15,62.68,432.0,0.195,0
2025-10-03T13:36:00,49.85,64.57,390.0,0.169,0
2025-10-03T13:37:00,58.83,65.97,441.8,0.224,0
2025-10-03T13:38:00,51.94,60.74,406.5,0.115,0
2025-10-03T13:39:00,56.43,63.86,406.3,0.175,0
2025-10-03T13:40:00,51.81,63.12,387.5,0.106,0
2025-10-03T13:41:00,55.18,61.35,446.8,0.138,0
2025-10-03T13:42:00,57.6,62.94,415.9,0.206,0
2025-10-03T13:43:00,56.0,60.64,400.7,0.155,0
2025-10-03T13:44:00,61.53,62.26,366.8,0.243,0
2025-10-03T13:45:00,53.18,63.21,421.4,0.199,0
2025-10-03T13:46:00,52.3,65.62,410.9,0.211,0
2025-10-03T13:47:00,58.42,63.19,443.0,0.17,0
2025-10-03T13:48:00,50.98,61.72,412.0,0.195,0
2025-10-03T13:49:00,50.83,63.24,441.2,0.154,0
2025-10-03T13:50:00,58.58,62.47,437.7,0.227,0
2025-10-03T13:51:00,51.16,64.34,433.1,0.132,0
2025-10-03T13:52:00,53.17,62.3,380.8,0.148,0
2025-10-03T13:53:00,55.62,62.6,405.0,0.177,0
2025-10-03T13:54:00,54.77,65.18,433.3,0.305,0
2025-10-03T13:55:00,52.66,62.63,403.1,0.19,0
2025-10-03T13:56:00,55.34,61.87,433.4,0.257,0
2025-10-03T13:57:00,55.82,63.58,454.7,0.224,0
2025-10-03T13:58:00,56.68,63.44,450.4,0.214,0
2025-10-03T13:59:00,46.11,61.54,439.2,0.169,0
2025-10-03T14:00:00,52.99,61.7,437.7,0.175,0
2025-10-03T14:01:00,56.85,64.48,414.5,0.084,0
2025-10-03T14:02:00,48.7,64.84,377.4,0.234,0
2025-10-03T14:03:00,54.05,64.41,423.9,0.067,0
2025-10-03T14:04:00,51.25,63.82,404.6,0.203,0
2025-10-03T14:05:00,52.82,59.85,417.2,0.239,0
2025-10-03T14:06:00,52.2,61.41,402.9,0.216,0
2025-10-03T14:07:00,56.97,60.46,411.7,0.219,0
2025-10-03T14:08:00,56.41,63.33,412.9,0.205,0
2025-10-03T14:09:00,50.85,62.96,434.7,0.225,0
2025-10-03T14:10:00,86.36,61.05,415.6,5.867,1
2025-10-03T14:11:00,52.4,59.78,391.6,0.206,0
2025-10-03T14:12:00,53.37,64.03,390.9,0.153,0
2025-10-03T14:13:00,53.01,60.85,424.5,0.11,0
2025-10-03T14:14:00,54.63,64.24,427.2,0.214,0
2025-10-03T14:15:00,53.45,60.67,403.9,0.18,0
2025-10-03T14:16:00,50.44,62.85,385.9,0.205,0
2025-10-03T14:17:00,52.88,61.79,388.9,0.219,0
2025-10-03T14:18:00,55.54,58.89,440.8,0.133,0
2025-10-03T14:19:00,57.67,62.31,436.4,0.126,0
2025-10-03T14:20:00,55.52,63.55,413.4,0.235,0
2025-10-03T14:21:00,57.24,57.57,416.1,0.141,0
2025-10-03T14:22:00,55.68,60.84,391.9,0.229,0
2025-10-03T14:23:00,54.05,60.32,370.7,0.254,0
2025-10-03T14:24:00,57.03,62.61,423.3,0.234,0
2025-10-03T14:25:00,53.69,59.38,371.7,0.225,0
2025-10-03T14:26:00,48.97,63.47,432.2,0.3,0
2025-10-03T14:27:00,51.26,60.32,412.5,0.215,0
2025-10-03T14:28:00,55.16,63.89,437.8,0.197,0
2025-10-03T14:29:00,51.17,62.29,428.9,0.217,0
2025-10-03T14:30:00,51.87,60.38,398.1,0.27,0
2025-10-03T14:31:00,48.09,62.98,427.5,0.209,0
2025-10-03T14:32:00,58.12,62.47,396.1,0.208,0
2025-10-03T14:33:00,55.85,61.66,420.6,0.245,0
2025-10-03T14:34:00,57.17,61.48,396.2,0.203,0
2025-10-03T14:35:00,54.61,61.93,387.2,0.204,0
2025-10-03T14:36:00,52.61,61.38,430.1,0.175,0
2025-10-03T14:37:00,60.26,63.09,393.1,0.226,0
2025-10-03T14:38:00,50.97,62.1,436.7,0.261,0
2025-10-03T14:39:00,57.44,61.35,363.3,0.246,0
2025-10-03T14:40:00,47.22,63.06,369.3,0.178,0
2025-10-03T14:41:00,78.26,66.77,353.1,3.401,1
2025-10-03T14:42:00,50.11,61.14,364.7,0.155,0
2025-10-03T14:43:00,58.9,63.64,455.4,0.184,0
2025-10-03T14:44:00,51.64,61.67,448.3,0.145,0
2025-10-03T14:45:00,53.43,62.52,392.0,0.221,0
2025-10-03T14:46:00,49.97,64.91,393.7,0.216,0
2025-10-03T14:47:00,51.81,62.0,387.6,0.208,0
2025-10-03T14:48:00,62.83,57.05,361.8,0.207,0
2025-10-03T14:49:00,55.34,60.13,397.9,0.241,0
2025-10-03T14:50:00,57.65,58.52,417.3,0.183,0
2025-10-03T14:51:00,51.4,59.49,396.3,0.232,0
2025-10-03T14:52:00,53.26,60.81,395.6,0.239,0
2025-10-03T14:53:00,53.04,61.55,385.7,0.276,0
2025-10-03T14:54:00,45.71,64.14,434.7,0.188,0
2025-10-03T14:55:00,77.6,60.5,590.4,5.786,1
2025-10-03T14:56:00,50.13,63.37,422.7,0.251,0
2025-10-03T14:57:00,53.99,61.86,405.5,0.256,0
2025-10-03T14:58:00,57.13,60.32,393.6,0.183,0
2025-10-03T14:59:00,48.43,61.93,423.6,0.2,0
2025-10-03T15:00:00,47.64,61.98,390.7,0.141,0
2025-10-03T15:01:00,46.72,60.92,410.1,0.22,0
2025-10-03T15:02:00,47.82,58.31,385.3,0.179,0
2025-10-03T15:03:00,50.04,63.46,399.5,0.169,0
2025-10-03T15:04:00,52.88,60.81,343.6,0.173,0
2025-10-03T15:05:00,56.63,57.45,379.3,0.317,0
2025-10-03T15:06:00,48.82,60.03,398.4,0.228,0
2025-10-03T15:07:00,49.98,59.56,354.3,0.305,0
2025-10-03T15:08:00,55.66,53.14,389.6,0.211,0
2025-10-03T15:09:00,51.63,59.06,396.0,0.128,0
2025-10-03T15:10:00,48.66,57.38,360.0,0.196,0
2025-10-03T15:11:00,51.57,60.98,401.6,0.053,0
2025-10-03T15:12:00,52.84,58.98,419.5,0.269,0
2025-10-03T15:13:00,46.52,58.99,390.1,0.316,0
2025-10-03T15:14:00,48.49,59.48,340.3,0.148,0
2025-10-03T15:15:00,51.55,63.69,379.0,0.144,0
2025-10-03T15:16:00,48.61,60.39,378.6,0.24,0
2025-10-03T15:17:00,54.32,64.21,377.7,0.227,0
2025-10-03T15:18:00,49.48,60.77,374.5,0.21,0
2025-10-03T15:19:00,52.13,61.75,390.8,0.196,0
2025-10-03T15:20:00,52.81,57.6,395.5,0.233,0
2025-10-03T15:21:00,49.83,56.21,374.3,0.193,0
2025-10-03T15:22:00,45.1,58.88,383.9,0.277,0
2025-10-03T15:23:00,52.57,60.68,370.5,0.202,0
2025-10-03T15:24:00,49.62,59.73,336.5,0.091,0
2025-10-03T15:25:00,50.63,61.58,350.3,0.213,0
2025-10-03T15:26:00,49.55,62.28,360.8,0.183,0
2025-10-03T15:27:00,55.19,58.75,384.2,0.179,0
2025-10-03T15:28:00,55.02,64.19,388.7,0.221,0
2025-10-03T15:29:00,47.36,60.75,381.4,0.137,0
2025-10-03T15:30:00,52.08,59.7,377.4,0.197,0
2025-10-03T15:31:00,51.76,63.12,382.4,0.18,0
2025-10-03T15:32:00,46.5,60.6,391.0,0.243,0
2025-10-03T15:33:00,49.49,59.67,372.9,0.174,0
2025-10-03T15:34:00,55.99,60.87,399.1,0.192,0
2025-10-03T15:35:00,50.79,59.48,425.5,0.174,0
2025-10-03T15:36:00,50.93,63.88,376.7,0.217,0
2025-10-03T15:37:00,56.16,57.69,353.7,0.226,0
2025-10-03T15:38:00,53.12,60.58,357.7,0.209,0
2025-10-03T15:39:00,55.14,58.92,367.0,0.191,0
2025-10-03T15:40:00,50.19,55.48,380.2,0.255,0
2025-10-03T15:41:00,45.13,62.62,352.3,0.206,0
2025-10-03T15:42:00,55.29,58.53,361.7,0.369,0
2025-10-03T15:43:00,51.95,57.76,374.7,0.21,0
2025-10-03T15:44:00,47.96,62.84,398.5,0.165,0
2025-10-03T15:45:00,45.29,58.22,387.3,0.196,0
2025-10-03T15:46:00,48.81,65.28,402.5,0.22,0
2025-10-03T15:47:00,49.9,60.24,407.6,0.233,0
2025-10-03T15:48:00,56.75,60.88,397.2,0.15,0
2025-10-03T15:49:00,45.4,58.54,389.3,0.209,0
2025-10-03T15:50:00,49.44,63.14,383.8,0.14,0
2025-10-03T15:51:00,53.41,60.03,361.9,0.219,0
2025-10-03T15:52:00,46.61,59.93,399.9,0.268,0
2025-10-03T15:53:00,53.37,60.0,423.6,0.257,0
2025-10-03T15:54:00,54.87,59.89,371.2,0.248,0
2025-10-03T15:55:00,51.77,59.9,382.4,0.221,0
2025-10-03T15:56:00,50.21,62.26,355.6,0.089,0
2025-10-03T15:57:00,47.48,60.33,368.6,0.181,0
2025-10-03T15:58:00,77.63,64.95,224.4,7.814,1
2025-10-03T15:59:00,48.99,60.04,400.0,0.243,0
2025-10-03T16:00:00,47.03,58.87,374.4,0.351,0
2025-10-03T16:01:00,44.87,58.77,357.8,0.212,0
2025-10-03T16:02:00,49.14,57.44,390.0,0.099,0
2025-10-03T16:03:00,46.68,61.07,370.6,0.225,0
2025-10-03T16:04:00,53.21,59.95,341.3,0.2,0
2025-10-03T16:05:00,44.99,59.5,343.8,0.236,0
2025-10-03T16:06:00,45.23,60.65,383.1,0.13,0
2025-10-03T16:07:00,40.24,59.97,396.1,0.235,0
2025-10-03T16:08:00,53.21,59.64,347.1,0.26,0
2025-10-03T16:09:00,44.88,56.64,349.1,0.236,0
2025-10-03T16:10:00,47.67,58.93,352.7,0.258,0
2025-10-03T16:11:00,45.68,61.28,380.8,0.126,0
2025-10-03T16:12:00,53.25,55.03,367.8,0.225,0
2025-10-03T16:13:00,49.39,59.88,396.8,0.198,0
2025-10-03T16:14:00,39.39,62.57,359.5,0.286,0
2025-10-03T16:15:00,41.18,61.15,348.6,0.156,0
2025-10-03T16:16:00,53.27,56.1,349.9,0.196,0
2025-10-03T16:17:00,48.52,60.48,377.2,0.261,0
2025-10-03T16:18:00,52.96,59.49,367.9,0.144,0
2025-10-03T16:19:00,48.16,59.32,368.3,0.219,0
2025-10-03T16:20:00,46.45,58.26,374.6,0.13,0
2025-10-03T16:21:00,47.15,60.96,387.1,0.191,0
2025-10-03T16:22:00,43.96,60.04,350.9,0.142,0
2025-10-03T16:23:00,45.98,56.86,331.3,0.073,0
2025-10-03T16:24:00,45.38,62.08,364.6,0.245,0
2025-10-03T16:25:00,47.99,57.62,373.2,0.141,0
2025-10-03T16:26:00,46.84,57.81,356.7,0.109,0
2025-10-03T16:27:00,48.08,57.28,379.7,0.234,0
2025-10-03T16:28:00,42.97,62.41,380.9,0.135,0
2025-10-03T16:29:00,49.68,60.94,389.3,0.244,0
2025-10-03T16:30:00,49.74,59.91,340.6,0.191,0
2025-10-03T16:31:00,52.4,59.76,352.6,0.169,0
2025-10-03T16:32:00,81.12,59.86,207.7,3.417,1
2025-10-03T16:33:00,49.09,56.52,358.9,0.241,0
2025-10-03T16:34:00,43.81,60.26,372.8,0.26,0
2025-10-03T16:35:00,51.02,56.18,362.8,0.134,0
2025-10-03T16:36:00,50.96,57.24,344.8,0.172,0
2025-10-03T16:37:00,52.48,61.82,340.4,0.211,0
2025-10-03T16:38:00,44.84,59.17,341.0,0.234,0
2025-10-03T16:39:00,47.29,58.44,360.5,0.121,0
2025-10-03T16:40:00,46.58,59.82,376.3,0.194,0
2025-10-03T16:41:00,51.74,57.44,354.8,0.258,0
2025-10-03T16:42:00,46.91,61.6,386.4,0.193,0
2025-10-03T16:43:00,45.32,59.5,365.1,0.182,0
2025-10-03T16:44:00,40.89,55.08,383.0,0.308,0
2025-10-03T16:45:00,50.02,59.52,386.3,0.279,0
2025-10-03T16:46:00,48.21,58.61,323.5,0.238,0
2025-10-03T16:47:00,45.26,61.33,369.4,0.174,0
2025-10-03T16:48:00,51.27,59.66,356.4,0.188,0
2025-10-03T16:49:00,43.38,59.61,399.7,0.23,0
2025-10-03T16:50:00,44.35,57.06,340.7,0.247,0
2025-10-03T16:51:00,47.24,56.6,378.4,0.216,0
2025-10-03T16:52:00,48.43,58.49,329.6,0.229,0
2025-10-03T16:53:00,49.5,59.2,347.0,0.22,0
2025-10-03T16:54:00,48.99,63.81,354.1,0.167,0
2025-10-03T16:55:00,45.95,58.41,369.1,0.184,0
2025-10-03T16:56:00,41.76,58.81,369.3,0.214,0
2025-10-03T16:57:00,47.44,60.51,346.0,0.278,0
2025-10-03T16:58:00,50.14,61.28,360.5,0.202,0
2025-10-03T16:59:00,44.86,60.51,360.8,0.228,0
2025-10-03T17:00:00,46.72,58.61,337.5,0.156,0
2025-10-03T17:01:00,43.24,59.94,376.8,0.257,0
2025-10-03T17:02:00,48.24,56.32,304.3,0.218,0
2025-10-03T17:03:00,46.55,55.56,324.6,0.228,0
2025-10-03T17:04:00,43.52,56.26,326.3,0.19,0
2025-10-03T17:05:00,44.46,59.22,351.9,0.136,0
2025-10-03T17:06:00,42.45,55.35,345.5,0.197,0
2025-10-03T17:07:00,40.4,57.51,317.4,0.161,0
2025-10-03T17:08:00,42.25,55.99,338.5,0.27,0
2025-10-03T17:09:00,45.57,58.87,349.3,0.175,0
2025-10-03T17:10:00,43.13,56.59,303.4,0.288,0
2025-10-03T17:11:00,45.72,58.47,332.1,0.214,0
2025-10-03T17:12:00,43.38,56.79,326.5,0.138,0
2025-10-03T17:13:00,44.17,59.89,373.6,0.199,0
2025-10-03T17:14:00,46.7,57.32,332.4,0.149,0
2025-10-03T17:15:00,42.55,55.13,337.7,0.281,0
2025-10-03T17:16:00,41.17,56.82,304.7,0.181,0
2025-10-03T17:17:00,42.76,54.65,350.6,0.13,0
2025-10-03T17:18:00,49.51,59.7,316.0,0.212,0
2025-10-03T17:19:00,45.82,59.54,359.3,0.225,0
2025-10-03T17:20:00,43.33,54.63,333.7,0.166,0
2025-10-03T17:21:00,41.61,56.5,372.3,0.148,0
2025-10-03T17:22:00,46.5,57.28,327.8,0.139,0
2025-10-03T17:23:00,38.92,55.78,361.9,0.105,0
2025-10-03T17:24:00,43.73,53.32,330.2,0.32,0
2025-10-03T17:25:00,42.74,57.31,355.4,0.145,0
2025-10-03T17:26:00,41.49,59.75,333.5,0.231,0
2025-10-03T17:27:00,41.11,58.54,331.8,0.241,0
2025-10-03T17:28:00,45.79,57.47,337.2,0.256,0
2025-10-03T17:29:00,36.69,57.52,321.6,0.203,0
2025-10-03T17:30:00,42.8,56.56,333.2,0.122,0
2025-10-03T17:31:00,51.56,55.83,324.0,0.222,0
2025-10-03T17:32:00,42.51,60.63,347.0,0.242,0
2025-10-03T17:33:00,45.16,55.23,333.8,0.206,0
2025-10-03T17:34:00,41.67,58.48,329.0,0.154,0
2025-10-03T17:35:00,44.19,57.24,304.6,0.238,0
2025-10-03T17:36:00,45.0,56.81,342.5,0.224,0
2025-10-03T17:37:00,45.25,57.89,348.4,0.194,0
2025-10-03T17:38:00,46.51,55.79,336.4,0.118,0
2025-10-03T17:39:00,40.31,55.75,356.2,0.233,0
2025-10-03T17:40:00,47.68,54.77,303.5,0.204,0
2025-10-03T17:41:00,44.03,58.24,317.2,0.176,0
2025-10-03T17:42:00,42.94,52.87,370.8,0.302,0
2025-10-03T17:43:00,39.81,58.39,363.6,0.148,0
2025-10-03T17:44:00,40.67,55.24,355.9,0.203,0
2025-10-03T17:45:00,45.91,56.16,326.6,0.187,0
2025-10-03T17:46:00,44.26,57.73,321.8,0.272,0
2025-10-03T17:47:00,43.1,59.07,343.8,0.202,0
2025-10-03T17:48:00,45.77,56.73,314.8,0.14,0
2025-10-03T17:49:00,44.57,53.5,331.7,0.177,0
2025-10-03T17:50:00,39.63,52.89,330.4,0.191,0
2025-10-03T17:51:00,45.47,57.9,306.1,0.245,0
2025-10-03T17:52:00,43.57,60.36,320.1,0.24,0
2025-10-03T17:53:00,43.02,60.38,355.2,0.206,0
2025-10-03T17:54:00,42.6,55.85,302.3,0.21,0
2025-10-03T17:55:00,46.18,58.87,328.0,0.193,0
2025-10-03T17:56:00,44.5,59.09,344.9,0.201,0
2025-10-03T17:57:00,46.03,52.14,338.3,0.186,0
2025-10-03T17:58:00,40.56,56.1,347.8,0.242,0
2025-10-03T17:59:00,40.65,57.35,317.0,0.26,0
2025-10-03T18:00:00,37.64,54.04,291.4,0.142,0
2025-10-03T18:01:00,38.89,55.51,301.2,0.157,0
2025-10-03T18:02:00,38.6,56.04,299.0,0.19,0
2025-10-03T18:03:00,38.81,54.51,297.8,0.149,0
2025-10-03T18:04:00,39.52,56.1,286.5,0.258,0
2025-10-03T18:05:00,38.19,52.97,299.6,0.116,0
2025-10-03T18:06:00,45.86,56.16,307.3,0.224,0
2025-10-03T18:07:00,38.98,53.01,289.9,0.215,0
2025-10-03T18:08:00,39.66,52.2,304.4,0.192,0
2025-10-03T18:09:00,40.55,52.75,258.1,0.298,0
2025-10-03T18:10:00,40.79,54.82,299.4,0.16,0
2025-10-03T18:11:00,42.7,51.19,305.7,0.139,0
2025-10-03T18:12:00,43.69,56.64,292.2,0.291,0
2025-10-03T18:13:00,40.81,56.47,283.1,0.191,0
2025-10-03T18:14:00,38.29,55.05,296.1,0.198,0
2025-10-03T18:15:00,37.04,53.57,324.2,0.207,0
2025-10-03T18:16:00,38.34,56.13,318.1,0.115,0
2025-10-03T18:17:00,37.95,55.3,321.0,0.247,0
2025-10-03T18:18:00,39.11,54.08,272.8,0.224,0
2025-10-03T18:19:00,38.49,57.47,327.0,0.149,0
2025-10-03T18:20:00,41.21,55.21,301.5,0.211,0
2025-10-03T18:21:00,39.37,54.55,321.7,0.188,0
2025-10-03T18:22:00,41.57,57.78,328.3,0.17,0
2025-10-03T18:23:00,42.43,54.3,281.6,0.236,0
2025-10-03T18:24:00,42.48,53.46,314.5,0.226,0
2025-10-03T18:25:00,76.73,54.58,367.7,7.622,1
2025-10-03T18:26:00,44.31,53.76,300.7,0.298,0
2025-10-03T18:27:00,42.25,56.32,341.4,0.212,0
2025-10-03T18:28:00,41.31,54.19,326.5,0.234,0
2025-10-03T18:29:00,37.5,54.66,284.7,0.235,0
2025-10-03T18:30:00,34.17,53.82,283.1,0.184,0
2025-10-03T18:31:00,35.55,54.79,318.8,0.207,0
2025-10-03T18:32:00,38.56,60.24,269.0,0.169,0
2025-10-03T18:33:00,41.42,53.41,314.6,0.24,0
2025-10-03T18:34:00,33.7,56.27,289.5,0.221,0
2025-10-03T18:35:00,37.63,57.14,305.0,0.163,0
2025-10-03T18:36:00,43.34,56.89,340.9,0.249,0
2025-10-03T18:37:00,43.08,52.18,301.5,0.06,0
2025-10-03T18:38:00,38.85,52.46,325.1,0.2,0
2025-10-03T18:39:00,39.15,56.52,304.2,0.207,0
2025-10-03T18:40:00,40.65,55.15,291.7,0.256,0
2025-10-03T18:41:00,44.18,58.58,312.4,0.154,0
2025-10-03T18:42:00,39.49,54.86,319.2,0.249,0
2025-10-03T18:43:00,43.61,53.68,285.1,0.11,0
2025-10-03T18:44:00,36.43,56.63,310.0,0.219,0
2025-10-03T18:45:00,40.64,52.24,317.0,0.294,0
2025-10-03T18:46:00,40.78,56.71,305.2,0.133,0
2025-10-03T18:47:00,39.63,51.5,294.2,0.119,0
2025-10-03T18:48:00,44.73,54.11,272.5,0.195,0
2025-10-03T18:49:00,37.46,57.44,314.2,0.136,0
2025-10-03T18:50:00,37.61,56.34,316.8,0.196,0
2025-10-03T18:51:00,40.7,55.2,287.5,0.242,0
2025-10-03T18:52:00,47.09,56.25,306.4,0.174,0
2025-10-03T18:53:00,39.76,54.07,301.7,0.236,0
2025-10-03T18:54:00,39.68,51.41,297.2,0.209,0
2025-10-03T18:55:00,39.12,55.66,291.1,0.286,0
2025-10-03T18:56:00,39.05,56.97,332.6,0.073,0
2025-10-03T18:57:00,44.71,56.95,315.8,0.162,0
2025-10-03T18:58:00,37.59,51.7,337.0,0.189,0
2025-10-03T18:59:00,43.61,59.19,319.9,0.144,0
2025-10-03T19:00:00,38.95,54.75,300.4,0.18,0
2025-10-03T19:01:00,33.32,51.66,281.5,0.153,0
2025-10-03T19:02:00,32.97,53.77,298.3,0.195,0
2025-10-03T19:03:00,39.25,53.07,271.9,0.251,0
2025-10-03T19:04:00,33.67,53.97,275.5,0.159,0
2025-10-03T19:05:00,32.64,51.52,279.1,0.1,0
2025-10-03T19:06:00,35.96,53.48,263.2,0.192,0
2025-10-03T19:07:00,38.62,51.78,255.9,0.223,0
2025-10-03T19:08:00,75.58,52.77,385.9,7.12,1
2025-10-03T19:09:00,37.34,50.64,279.8,0.218,0
2025-10-03T19:10:00,38.74,55.0,231.2,0.264,0
2025-10-03T19:11:00,35.17,53.74,241.6,0.18,0
2025-10-03T19:12:00,34.45,53.06,254.2,0.274,0
2025-10-03T19:13:00,38.34,54.03,221.4,0.19,0
2025-10-03T19:14:00,36.61,51.81,269.9,0.125,0
2025-10-03T19:15:00,33.06,54.17,273.5,0.227,0
2025-10-03T19:16:00,38.83,52.97,253.1,0.196,0
2025-10-03T19:17:00,38.75,51.53,246.3,0.25,0
2025-10-03T19:18:00,40.2,55.51,306.1,0.14,0
2025-10-03T19:19:00,38.27,51.84,259.2,0.233,0
2025-10-03T19:20:00,34.98,52.09,260.3,0.262,0
2025-10-03T19:21:00,32.67,51.06,254.9,0.291,0
2025-10-03T19:22:00,34.16,51.95,253.2,0.181,0
2025-10-03T19:23:00,39.15,52.15,276.5,0.248,0
2025-10-03T19:24:00,35.58,51.6,263.2,0.146,0
2025-10-03T19:25:00,28.92,50.22,257.5,0.181,0
2025-10-03T19:26:00,38.75,55.16,274.9,0.19,0
2025-10-03T19:27:00,38.89,54.54,274.9,0.175,0
2025-10-03T19:28:00,33.11,54.39,231.2,0.13,0
2025-10-03T19:29:00,40.05,52.6,302.8,0.176,0
2025-10-03T19:30:00,33.97,51.97,281.2,0.246,0
2025-10-03T19:31:00,43.08,52.98,281.7,0.326,0
2025-10-03T19:32:00,35.95,54.94,290.1,0.235,0
2025-10-03T19:33:00,38.23,52.95,230.1,0.255,0
2025-10-03T19:34:00,37.63,51.03,257.6,0.241,0
2025-10-03T19:35:00,34.35,55.41,270.6,0.096,0
2025-10-03T19:36:00,34.64,52.37,227.9,0.188,0
2025-10-03T19:37:00,36.43,53.04,268.7,0.249,0
2025-10-03T19:38:00,29.43,56.61,231.4,0.159,0
2025-10-03T19:39:00,36.21,55.42,300.3,0.202,0
2025-10-03T19:40:00,35.32,50.58,276.3,0.172,0
2025-10-03T19:41:00,39.17,52.68,267.2,0.198,0
2025-10-03T19:42:00,31.54,54.58,267.4,0.122,0
2025-10-03T19:43:00,38.84,53.16,235.4,0.129,0
2025-10-03T19:44:00,37.09,49.32,238.1,0.205,0
2025-10-03T19:45:00,33.17,49.62,304.2,0.234,0
2025-10-03T19:46:00,33.73,51.92,231.0,0.184,0
2025-10-03T19:47:00,31.1,52.86,244.1,0.186,0
2025-10-03T19:48:00,37.34,52.8,235.5,0.238,0
2025-10-03T19:49:00,36.61,51.08,283.8,0.276,0
2025-10-03T19:50:00,35.56,49.63,268.4,0.046,0
2025-10-03T19:51:00,37.28,53.27,258.2,0.164,0
2025-10-03T19:52:00,38.03,52.15,223.6,0.267,0
2025-10-03T19:53:00,34.49,52.15,275.7,0.152,0
2025-10-03T19:54:00,34.1,54.39,230.5,0.254,0
2025-10-03T19:55:00,35.46,52.58,278.9,0.238,0
2025-10-03T19:56:00,34.56,54.48,265.9,0.204,0
2025-10-03T19:57:00,33.55,57.8,291.4,0.164,0
2025-10-03T19:58:00,35.88,52.23,296.0,0.197,0
2025-10-03T19:59:00,34.91,50.4,280.1,0.146,0
2025-10-03T20:00:00,33.67,52.49,226.8,0.229,0
2025-10-03T20:01:00,30.4,49.83,209.9,0.216,0
2025-10-03T20:02:00,32.88,51.69,227.9,0.118,0
2025-10-03T20:03:00,31.87,51.67,215.4,0.271,0
2025-10-03T20:04:00,31.06,49.41,242.8,0.195,0
2025-10-03T20:05:00,31.36,54.13,219.6,0.189,0
2025-10-03T20:06:00,28.31,51.75,228.5,0.167,0
2025-10-03T20:07:00,40.7,49.06,214.8,0.23,0
2025-10-03T20:08:00,34.37,51.99,203.5,0.155,0
2025-10-03T20:09:00,33.95,48.58,262.1,0.1,0
2025-10-03T20:10:00,31.81,51.39,246.1,0.142,0
2025-10-03T20:11:00,35.23,52.23,247.2,0.171,0
2025-10-03T20:12:00,36.18,48.54,245.7,0.252,0
2025-10-03T20:13:00,31.39,51.32,261.0,0.164,0
2025-10-03T20:14:00,31.95,50.35,232.8,0.223,0
2025-10-03T20:15:00,33.06,47.56,273.5,0.21,0
2025-10-03T20:16:00,39.01,51.46,263.1,0.238,0
2025-10-03T20:17:00,37.8,52.18,217.6,0.278,0
2025-10-03T20:18:00,28.44,51.41,232.2,0.21,0
2025-10-03T20:19:00,31.65,50.5,225.1,0.205,0
2025-10-03T20:20:00,30.67,49.97,237.2,0.21,0
2025-10-03T20:21:00,35.08,44.96,220.6,0.212,0
2025-10-03T20:22:00,29.62,49.21,259.3,0.226,0
2025-10-03T20:23:00,30.88,53.53,249.9,0.197,0
2025-10-03T20:24:00,30.69,53.06,234.1,0.239,0
2025-10-03T20:25:00,30.32,48.86,266.9,0.243,0
2025-10-03T20:26:00,35.05,51.94,268.7,0.168,0
2025-10-03T20:27:00,32.04,51.97,252.9,0.211,0
2025-10-03T20:28:00,36.92,51.76,241.7,0.201,0
2025-10-03T20:29:00,32.87,46.9,238.8,0.227,0
2025-10-03T20:30:00,32.7,49.46,231.7,0.134,0
2025-10-03T20:31:00,34.25,50.79,228.8,0.167,0
2025-10-03T20:32:00,32.94,49.99,236.3,0.252,0
2025-10-03T20:33:00,29.25,47.74,252.5,0.136,0
2025-10-03T20:34:00,31.21,49.6,236.4,0.17,0
2025-10-03T20:35:00,32.99,47.73,213.5,0.213,0
2025-10-03T20:36:00,31.85,50.3,219.5,0.198,0
2025-10-03T20:37:00,37.69,53.02,287.6,0.159,0
2025-10-03T20:38:00,31.95,52.1,248.6,0.124,0
2025-10-03T20:39:00,31.83,49.55,241.5,0.183,0
2025-10-03T20:40:00,27.02,53.04,229.8,0.197,0
2025-10-03T20:41:00,32.37,50.54,246.7,0.222,0
2025-10-03T20:42:00,28.69,50.19,259.8,0.172,0
2025-10-03T20:43:00,29.9,46.29,261.7,0.171,0
2025-10-03T20:44:00,33.91,51.74,247.1,0.253,0
2025-10-03T20:45:00,35.4,52.47,269.6,0.127,0
2025-10-03T20:46:00,34.15,49.02,232.2,0.2,0
2025-10-03T20:47:00,32.05,51.16,262.0,0.138,0
2025-10-03T20:48:00,32.71,51.74,228.1,0.183,0
2025-10-03T20:49:00,31.7,49.16,258.3,0.108,0
2025-10-03T20:50:00,35.85,51.52,239.5,0.154,0
2025-10-03T20:51:00,34.81,52.78,259.8,0.199,0
2025-10-03T20:52:00,30.76,50.6,198.2,0.191,0
2025-10-03T20:53:00,31.07,48.07,214.5,0.234,0
2025-10-03T20:54:00,30.26,52.03,237.1,0.201,0
2025-10-03T20:55:00,30.38,49.85,236.0,0.119,0
2025-10-03T20:56:00,31.2,50.75,275.6,0.224,0
2025-10-03T20:57:00,32.14,48.98,244.7,0.1,0
2025-10-03T20:58:00,34.41,52.77,242.2,0.204,0
2025-10-03T20:59:00,38.34,53.39,242.3,0.19,0
2025-10-03T21:00:00,29.2,48.52,228.9,0.206,0
2025-10-03T21:01:00,30.65,50.12,210.5,0.146,0
2025-10-03T21:02:00,30.59,49.97,196.9,0.239,0
2025-10-03T21:03:00,31.69,46.5,210.2,0.128,0
2025-10-03T21:04:00,27.6,48.58,231.7,0.173,0
2025-10-03T21:05:00,28.9,46.16,219.1,0.211,0
2025-10-03T21:06:00,26.83,49.03,210.9,0.283,0
2025-10-03T21:07:00,30.57,51.45,244.2,0.259,0
2025-10-03T21:08:00,31.4,48.4,192.1,0.194,0
2025-10-03T21:09:00,25.82,50.9,236.1,0.186,0
2025-10-03T21:10:00,28.72,47.84,177.1,0.072,0
2025-10-03T21:11:00,30.19,50.01,231.8,0.18,0
2025-10-03T21:12:00,27.06,49.21,202.9,0.182,0
2025-10-03T21:13:00,33.9,47.07,229.4,0.188,0
2025-10-03T21:14:00,28.36,49.7,203.7,0.197,0
2025-10-03T21:15:00,30.53,50.59,225.3,0.275,0
2025-10-03T21:16:00,28.03,51.77,178.2,0.153,0
2025-10-03T21:17:00,27.19,48.9,238.2,0.304,0
2025-10-03T21:18:00,30.0,52.95,220.1,0.228,0
2025-10-03T21:19:00,35.29,47.89,213.0,0.16,0
2025-10-03T21:20:00,28.37,48.44,233.0,0.175,0
2025-10-03T21:21:00,36.37,49.59,214.6,0.302,0
2025-10-03T21:22:00,32.39,49.59,171.8,0.229,0
2025-10-03T21:23:00,31.98,50.39,247.3,0.196,0
2025-10-03T21:24:00,28.94,53.91,227.9,0.239,0
2025-10-03T21:25:00,24.71,47.1,213.4,0.134,0
2025-10-03T21:26:00,29.42,47.64,250.3,0.268,0
2025-10-03T21:27:00,30.33,51.78,199.6,0.22,0
2025-10-03T21:28:00,29.15,47.79,233.1,0.221,0
2025-10-03T21:29:00,30.78,48.36,263.9,0.234,0
2025-10-03T21:30:00,28.48,53.04,195.6,0.207,0
2025-10-03T21:31:00,29.28,49.27,236.7,0.188,0
2025-10-03T21:32:00,30.95,46.64,245.4,0.21,0
2025-10-03T21:33:00,24.21,48.9,224.3,0.215,0
2025-10-03T21:34:00,33.31,49.18,183.6,0.168,0
2025-10-03T21:35:00,31.59,49.21,279.6,0.197,0
2025-10-03T21:36:00,34.07,49.41,217.0,0.215,0
2025-10-03T21:37:00,30.46,48.87,177.6,0.178,0
2025-10-03T21:38:00,35.41,47.5,227.2,0.221,0
2025-10-03T21:39:00,31.15,51.39,209.2,0.185,0
2025-10-03T21:40:00,36.04,44.83,207.0,0.201,0
2025-10-03T21:41:00,33.58,50.41,213.7,0.149,0
2025-10-03T21:42:00,31.82,49.31,190.5,0.187,0
2025-10-03T21:43:00,31.34,52.6,168.4,0.194,0
2025-10-03T21:44:00,26.1,51.64,221.5,0.134,0
2025-10-03T21:45:00,28.2,47.25,187.8,0.3,0
2025-10-03T21:46:00,29.32,49.23,192.2,0.188,0
2025-10-03T21:47:00,29.35,52.06,198.9,0.124,0
2025-10-03T21:48:00,65.07,49.38,146.5,7.351,1
2025-10-03T21:49:00,28.23,48.27,244.5,0.183,0
2025-10-03T21:50:00,29.27,49.89,198.2,0.106,0
2025-10-03T21:51:00,31.03,48.87,164.7,0.301,0
2025-10-03T21:52:00,32.25,48.86,230.2,0.267,0
2025-10-03T21:53:00,30.3,45.95,261.8,0.193,0
2025-10-03T21:54:00,27.73,51.35,233.1,0.225,0
2025-10-03T21:55:00,26.11,52.28,233.8,0.222,0
2025-10-03T21:56:00,27.11,51.97,178.8,0.15,0
2025-10-03T21:57:00,30.18,45.1,239.9,0.174,0
2025-10-03T21:58:00,29.94,52.14,206.5,0.174,0
2025-10-03T21:59:00,29.0,49.2,211.3,0.271,0
2025-10-03T22:00:00,23.99,46.49,199.6,0.198,0
2025-10-03T22:01:00,25.93,51.71,181.7,0.237,0
2025-10-03T22:02:00,32.47,47.49,213.8,0.156,0
2025-10-03T22:03:00,25.96,48.62,193.2,0.204,0
2025-10-03T22:04:00,26.57,48.26,178.1,0.182,0
2025-10-03T22:05:00,31.74,45.1,178.0,0.247,0
2025-10-03T22:06:00,29.39,47.94,194.3,0.229,0
2025-10-03T22:07:00,24.86,47.87,224.4,0.124,0
2025-10-03T22:08:00,24.47,47.15,219.6,0.097,0
2025-10-03T22:09:00,26.97,48.68,203.2,0.26,0
2025-10-03T22:10:00,20.93,47.77,180.4,0.246,0
2025-10-03T22:11:00,28.9,45.78,177.4,0.211,0
2025-10-03T22:12:00,26.3,48.23,242.7,0.113,0
2025-10-03T22:13:00,24.28,50.36,204.5,0.22,0
2025-10-03T22:14:00,27.21,50.44,189.4,0.136,0
2025-10-03T22:15:00,28.58,46.53,216.3,0.285,0
2025-10-03T22:16:00,30.97,49.55,229.5,0.236,0
2025-10-03T22:17:00,22.43,46.57,166.4,0.1,0
2025-10-03T22:18:00,28.26,51.37,222.7,0.179,0
2025-10-03T22:19:00,24.99,47.58,155.1,0.23,0
2025-10-03T22:20:00,31.3,47.59,186.4,0.181,0
2025-10-03T22:21:00,30.43,46.24,225.5,0.155,0
2025-10-03T22:22:00,26.14,49.57,203.1,0.219,0
2025-10-03T22:23:00,25.47,48.89,191.7,0.237,0
2025-10-03T22:24:00,19.63,46.23,142.5,0.178,0
2025-10-03T22:25:00,23.63,47.13,211.2,0.25,0
2025-10-03T22:26:00,29.95,48.09,217.4,0.222,0
2025-10-03T22:27:00,31.48,51.35,179.0,0.213,0
2025-10-03T22:28:00,29.57,49.37,185.3,0.191,0
2025-10-03T22:29:00,30.4,51.32,169.2,0.125,0
2025-10-03T22:30:00,24.08,47.1,185.2,0.253,0
2025-10-03T22:31:00,30.21,47.39,202.1,0.297,0
2025-10-03T22:32:00,29.48,51.87,216.1,0.163,0
2025-10-03T22:33:00,31.38,48.35,154.6,0.173,0
2025-10-03T22:34:00,30.27,45.91,180.1,0.085,0
2025-10-03T22:35:00,30.99,47.96,195.8,0.295,0
2025-10-03T22:36:00,27.02,50.35,212.6,0.274,0
2025-10-03T22:37:00,26.18,46.68,213.0,0.247,0
2025-10-03T22:38:00,26.94,52.49,182.7,0.16,0
2025-10-03T22:39:00,28.6,51.31,214.3,0.248,0
2025-10-03T22:40:00,21.15,51.47,224.3,0.194,0
2025-10-03T22:41:00,27.61,51.68,182.9,0.236,0
2025-10-03T22:42:00,26.22,48.93,188.0,0.244,0
2025-10-03T22:43:00,32.18,48.97,205.1,0.182,0
2025-10-03T22:44:00,25.56,44.8,204.2,0.156,0
2025-10-03T22:45:00,29.23,45.17,175.2,0.218,0
2025-10-03T22:46:00,28.06,48.88,173.0,0.165,0
2025-10-03T22:47:00,60.18,49.67,323.0,6.488,1
2025-10-03T22:48:00,31.4,45.27,207.0,0.178,0
2025-10-03T22:49:00,28.93,50.74,196.4,0.311,0
2025-10-03T22:50:00,28.36,43.49,187.9,0.308,0
2025-10-03T22:51:00,29.61,45.47,190.5,0.195,0
2025-10-03T22:52:00,25.68,47.05,176.3,0.2,0
2025-10-03T22:53:00,26.75,48.5,235.7,0.197,0
2025-10-03T22:54:00,26.24,47.25,208.0,0.158,0
2025-10-03T22:55:00,22.65,45.59,190.0,0.184,0
2025-10-03T22:56:00,22.68,51.2,226.7,0.149,0
2025-10-03T22:57:00,27.99,46.36,161.7,0.098,0
2025-10-03T22:58:00,27.66,45.44,229.2,0.229,0
2025-10-03T22:59:00,28.96,54.11,187.1,0.116,0
2025-10-03T23:00:00,26.87,48.61,196.3,0.101,0
2025-10-03T23:01:00,26.24,46.36,168.3,0.277,0
2025-10-03T23:02:00,29.31,51.89,165.3,0.122,0
2025-10-03T23:03:00,27.63,44.98,176.3,0.246,0
2025-10-03T23:04:00,33.22,46.84,171.4,0.17,0
2025-10-03T23:05:00,25.13,46.11,179.7,0.188,0
2025-10-03T23:06:00,18.82,46.69,197.5,0.148,0
2025-10-03T23:07:00,23.18,47.46,187.2,0.2,0
2025-10-03T23:08:00,69.22,49.76,169.2,4.738,1
2025-10-03T23:09:00,23.2,47.76,182.6,0.225,0
2025-10-03T23:10:00,25.44,45.26,188.7,0.19,0
2025-10-03T23:11:00,26.54,43.15,180.4,0.176,0
2025-10-03T23:12:00,22.67,48.09,182.4,0.126,0
2025-10-03T23:13:00,27.86,51.22,168.0,0.194,0
2025-10-03T23:14:00,24.27,45.87,153.2,0.221,0
2025-10-03T23:15:00,21.16,46.75,157.4,0.314,0
2025-10-03T23:16:00,27.82,44.65,201.3,0.218,0
2025-10-03T23:17:00,29.37,46.05,170.1,0.141,0
2025-10-03T23:18:00,23.34,47.12,199.7,0.195,0
2025-10-03T23:19:00,18.46,45.59,190.3,0.049,0
2025-10-03T23:20:00,24.38,46.49,194.0,0.24,0
2025-10-03T23:21:00,27.34,49.88,204.1,0.162,0
2025-10-03T23:22:00,23.46,48.68,176.8,0.178,0
2025-10-03T23:23:00,24.54,45.56,217.2,0.162,0
2025-10-03T23:24:00,21.78,47.98,139.6,0.082,0
2025-10-03T23:25:00,25.16,51.14,166.2,0.169,0
2025-10-03T23:26:00,22.55,47.54,145.7,0.18,0
2025-10-03T23:27:00,29.62,46.1,223.0,0.207,0
2025-10-03T23:28:00,27.7,45.87,164.9,0.209,0
2025-10-03T23:29:00,28.61,43.27,163.2,0.37,0
2025-10-03T23:30:00,21.71,46.48,197.7,0.252,0
2025-10-03T23:31:00,25.76,47.77,178.0,0.189,0
2025-10-03T23:32:00,22.6,44.72,167.3,0.286,0
2025-10-03T23:33:00,24.49,45.91,202.1,0.162,0
2025-10-03T23:34:00,24.43,48.99,146.0,0.217,0
2025-10-03T23:35:00,24.01,47.3,196.9,0.245,0
2025-10-03T23:36:00,23.96,50.94,190.5,0.202,0
2025-10-03T23:37:00,28.22,47.43,182.7,0.283,0
2025-10-03T23:38:00,28.19,48.8,206.8,0.179,0
2025-10-03T23:39:00,25.95,46.46,182.2,0.283,0
2025-10-03T23:40:00,22.44,47.15,205.2,0.227,0
2025-10-03T23:41:00,28.22,49.94,184.9,0.238,0
2025-10-03T23:42:00,22.09,46.45,183.3,0.149,0
2025-10-03T23:43:00,25.21,47.39,197.9,0.176,0
2025-10-03T23:44:00,25.96,43.45,173.1,0.102,0
2025-10-03T23:45:00,24.82,46.17,233.1,0.2,0
2025-10-03T23:46:00,23.59,46.49,162.6,0.153,0
2025-10-03T23:47:00,31.27,49.13,205.3,0.21,0
2025-10-03T23:48:00,25.58,48.95,187.4,0.15,0
2025-10-03T23:49:00,23.06,46.82,180.3,0.301,0
2025-10-03T23:50:00,26.21,45.77,211.2,0.178,0
2025-10-03T23:51:00,27.16,46.31,191.5,0.297,0
2025-10-03T23:52:00,75.04,48.54,287.4,3.742,1
2025-10-03T23:53:00,23.62,48.06,219.1,0.161,0
2025-10-03T23:54:00,27.95,49.21,200.2,0.248,0
2025-10-03T23:55:00,20.41,45.38,172.8,0.254,0
2025-10-03T23:56:00,22.54,45.04,176.1,0.254,0
2025-10-03T23:57:00,25.29,48.93,172.0,0.096,0
2025-10-03T23:58:00,24.56,46.05,192.4,0.202,0
2025-10-03T23:59:00,33.28,47.12,194.6,0.247,0
2025-10-04T00:00:00,26.82,42.9,193.9,0.234,0
2025-10-04T00:01:00,23.05,47.89,166.3,0.232,0
2025-10-04T00:02:00,24.35,45.17,161.9,0.188,0
2025-10-04T00:03:00,26.19,45.23,169.1,0.269,0
2025-10-04T00:04:00,24.1,48.27,159.5,0.202,0
2025-10-04T00:05:00,26.41,49.78,172.9,0.193,0
2025-10-04T00:06:00,27.44,47.57,189.9,0.26,0
2025-10-04T00:07:00,25.83,47.33,172.9,0.198,0
2025-10-04T00:08:00,21.76,45.03,169.1,0.19,0
2025-10-04T00:09:00,24.32,46.9,177.5,0.184,0
2025-10-04T00:10:00,19.71,48.01,152.5,0.144,0
2025-10-04T00:11:00,26.92,45.54,186.3,0.165,0
2025-10-04T00:12:00,29.63,49.11,168.3,0.133,0
2025-10-04T00:13:00,19.97,47.57,175.8,0.187,0
2025-10-04T00:14:00,28.08,44.68,199.3,0.193,0
2025-10-04T00:15:00,21.8,46.81,134.3,0.189,0
2025-10-04T00:16:00,22.75,49.34,172.1,0.161,0
2025-10-04T00:17:00,25.32,45.82,170.3,0.241,0
2025-10-04T00:18:00,24.69,47.07,177.4,0.335,0
2025-10-04T00:19:00,24.1,47.92,184.0,0.204,0
2025-10-04T00:20:00,21.05,47.42,159.8,0.296,0
2025-10-04T00:21:00,26.39,47.94,149.2,0.253,0
2025-10-04T00:22:00,26.69,47.85,146.0,0.244,0
2025-10-04T00:23:00,23.14,45.33,164.5,0.158,0
2025-10-04T00:24:00,22.93,47.85,171.9,0.208,0
2025-10-04T00:25:00,20.11,41.87,201.4,0.226,0
2025-10-04T00:26:00,24.92,46.79,203.4,0.209,0
2025-10-04T00:27:00,20.61,46.55,192.3,0.215,0
2025-10-04T00:28:00,21.59,52.06,199.9,0.131,0
2025-10-04T00:29:00,27.36,43.8,175.6,0.247,0
2025-10-04T00:30:00,29.65,46.92,210.9,0.181,0
2025-10-04T00:31:00,31.7,49.43,160.2,0.185,0
2025-10-04T00:32:00,24.07,47.48,170.4,0.127,0
2025-10-04T00:33:00,20.39,44.7,195.3,0.134,0
2025-10-04T00:34:00,24.11,45.66,173.5,0.243,0
2025-10-04T00:35:00,25.3,45.84,164.2,0.096,0
2025-10-04T00:36:00,26.65,49.61,186.1,0.226,0
2025-10-04T00:37:00,20.95,49.54,179.5,0.2,0
2025-10-04T00:38:00,24.37,48.08,198.5,0.252,0
2025-10-04T00:39:00,26.94,50.07,171.4,0.227,0
2025-10-04T00:40:00,24.12,49.26,160.9,0.27,0
2025-10-04T00:41:00,25.16,47.0,166.0,0.284,0
2025-10-04T00:42:00,21.12,51.44,151.9,0.187,0
2025-10-04T00:43:00,28.22,44.64,186.7,0.224,0
2025-10-04T00:44:00,18.91,51.64,166.8,0.218,0
2025-10-04T00:45:00,25.24,49.69,195.3,0.205,0
2025-10-04T00:46:00,29.97,49.29,155.1,0.255,0
2025-10-04T00:47:00,32.18,47.63,181.2,0.224,0
2025-10-04T00:48:00,27.8,45.92,184.1,0.157,0
2025-10-04T00:49:00,26.95,47.55,200.3,0.185,0
2025-10-04T00:50:00,28.94,48.32,167.0,0.187,0
2025-10-04T00:51:00,22.49,46.03,166.3,0.221,0
2025-10-04T00:52:00,27.87,44.83,170.6,0.194,0
2025-10-04T00:53:00,25.9,49.5,152.0,0.257,0
2025-10-04T00:54:00,26.01,46.83,169.1,0.15,0
2025-10-04T00:55:00,29.63,48.71,178.7,0.138,0
2025-10-04T00:56:00,23.0,44.75,163.2,0.287,0
2025-10-04T00:57:00,24.83,46.97,185.5,0.232,0
2025-10-04T00:58:00,28.27,49.8,189.5,0.261,0
2025-10-04T00:59:00,24.97,42.9,195.7,0.219,0
2025-10-04T01:00:00,27.73,44.59,205.4,0.184,0
2025-10-04T01:01:00,19.5,51.77,212.4,0.28,0
2025-10-04T01:02:00,19.71,45.43,183.5,0.086,0
2025-10-04T01:03:00,24.46,41.92,177.6,0.113,0
2025-10-04T01:04:00,31.67,45.42,176.9,0.211,0
2025-10-04T01:05:00,24.37,48.4,175.8,0.134,0
2025-10-04T01:06:00,27.5,47.01,206.3,0.154,0
2025-10-04T01:07:00,29.5,46.96,191.0,0.201,0
2025-10-04T01:08:00,26.47,47.2,214.0,0.227,0
2025-10-04T01:09:00,25.93,46.69,163.9,0.188,0
2025-10-04T01:10:00,30.95,45.16,163.0,0.123,0
2025-10-04T01:11:00,18.34,45.66,223.2,0.238,0
2025-10-04T01:12:00,24.66,49.61,206.9,0.156,0
2025-10-04T01:13:00,24.32,45.62,190.7,0.135,0
2025-10-04T01:14:00,26.2,48.11,173.4,0.212,0
2025-10-04T01:15:00,29.38,49.48,208.2,0.132,0
2025-10-04T01:16:00,24.53,45.51,175.8,0.219,0
2025-10-04T01:17:00,23.67,47.78,181.5,0.234,0
2025-10-04T01:18:00,31.93,41.45,172.6,0.197,0
2025-10-04T01:19:00,25.99,46.42,172.8,0.138,0
2025-10-04T01:20:00,30.54,49.97,160.3,0.192,0
2025-10-04T01:21:00,24.86,49.91,184.7,0.274,0
2025-10-04T01:22:00,30.28,46.76,150.7,0.204,0
2025-10-04T01:23:00,28.33,46.7,176.9,0.308,0
2025-10-04T01:24:00,26.99,48.71,182.8,0.211,0
2025-10-04T01:25:00,29.12,46.03,199.3,0.243,0
2025-10-04T01:26:00,26.67,48.65,163.3,0.201,0
2025-10-04T01:27:00,22.67,49.24,195.1,0.222,0
2025-10-04T01:28:00,25.54,47.5,185.0,0.072,0
2025-10-04T01:29:00,24.55,49.54,164.5,0.199,0
2025-10-04T01:30:00,25.63,47.1,164.3,0.233,0
2025-10-04T01:31:00,32.72,49.49,179.8,0.219,0
2025-10-04T01:32:00,27.98,48.0,201.6,0.208,0
2025-10-04T01:33:00,21.91,43.72,150.0,0.165,0
2025-10-04T01:34:00,28.22,50.54,190.4,0.149,0
2025-10-04T01:35:00,31.0,48.59,181.6,0.254,0
2025-10-04T01:36:00,29.31,44.31,208.9,0.229,0
2025-10-04T01:37:00,21.86,48.02,205.4,0.185,0
2025-10-04T01:38:00,21.93,48.24,229.6,0.205,0
2025-10-04T01:39:00,23.43,46.43,168.9,0.23,0
2025-10-04T01:40:00,26.8,50.79,193.3,0.171,0
2025-10-04T01:41:00,28.52,45.16,202.4,0.167,0
2025-10-04T01:42:00,23.55,48.6,207.8,0.178,0
2025-10-04T01:43:00,27.67,48.57,188.9,0.184,0
2025-10-04T01:44:00,24.06,48.62,136.8,0.18,0
2025-10-04T01:45:00,24.35,45.12,160.0,0.21,0
2025-10-04T01:46:00,26.31,45.54,199.8,0.223,0
2025-10-04T01:47:00,27.42,47.19,208.5,0.219,0
2025-10-04T01:48:00,23.45,46.46,181.1,0.149,0
2025-10-04T01:49:00,24.59,45.6,158.3,0.262,0
2025-10-04T01:50:00,26.74,45.26,194.8,0.178,0
2025-10-04T01:51:00,26.42,48.57,194.2,0.258,0
2025-10-04T01:52:00,27.58,49.08,205.9,0.169,0
2025-10-04T01:53:00,25.53,47.06,169.4,0.293,0
2025-10-04T01:54:00,27.56,45.1,197.7,0.209,0
2025-10-04T01:55:00,20.27,48.37,181.3,0.2,0
2025-10-04T01:56:00,31.86,47.44,172.2,0.159,0
2025-10-04T01:57:00,24.99,49.23,126.5,0.188,0
2025-10-04T01:58:00,28.4,43.59,155.9,0.12,0
2025-10-04T01:59:00,26.54,46.55,156.3,0.243,0
2025-10-04T02:00:00,28.2,50.74,180.5,0.205,0
2025-10-04T02:01:00,25.71,47.99,188.3,0.137,0
2025-10-04T02:02:00,27.07,48.52,135.2,0.161,0
2025-10-04T02:03:00,27.58,51.01,205.9,0.205,0
2025-10-04T02:04:00,29.76,52.23,170.2,0.162,0
2025-10-04T02:05:00,30.77,49.45,190.3,0.23,0
2025-10-04T02:06:00,30.96,46.11,186.6,0.225,0
2025-10-04T02:07:00,30.68,47.49,165.0,0.251,0
2025-10-04T02:08:00,22.53,52.49,209.8,0.182,0
2025-10-04T02:09:00,32.27,43.25,212.6,0.188,0
2025-10-04T02:10:00,27.73,49.23,195.6,0.242,0
2025-10-04T02:11:00,29.37,45.71,233.1,0.209,0
2025-10-04T02:12:00,27.49,46.59,223.7,0.181,0
2025-10-04T02:13:00,26.01,51.92,229.2,0.244,0
2025-10-04T02:14:00,24.45,49.18,219.1,0.209,0
2025-10-04T02:15:00,25.62,49.04,177.0,0.173,0
2025-10-04T02:16:00,27.26,49.29,227.5,0.212,0
2025-10-04T02:17:00,25.77,46.31,207.2,0.221,0
2025-10-04T02:18:00,25.27,50.36,238.2,0.262,0
2025-10-04T02:19:00,27.7,46.73,209.6,0.187,0
2025-10-04T02:20:00,30.4,46.37,227.3,0.264,0
2025-10-04T02:21:00,25.23,45.55,212.0,0.214,0
2025-10-04T02:22:00,27.58,51.65,206.9,0.228,0
2025-10-04T02:23:00,29.86,51.68,202.0,0.204,0
2025-10-04T02:24:00,26.25,49.65,210.1,0.259,0
2025-10-04T02:25:00,23.17,49.31,217.6,0.2,0
2025-10-04T02:26:00,32.19,48.91,208.7,0.205,0
2025-10-04T02:27:00,30.09,48.7,189.0,0.138,0
2025-10-04T02:28:00,21.4,49.87,194.7,0.249,0
2025-10-04T02:29:00,23.38,49.3,219.6,0.116,0
2025-10-04T02:30:00,29.83,48.35,213.7,0.182,0
2025-10-04T02:31:00,27.11,51.92,178.1,0.18,0
2025-10-04T02:32:00,26.74,49.58,189.3,0.201,0
2025-10-04T02:33:00,22.93,46.16,163.6,0.176,0
2025-10-04T02:34:00,28.03,46.86,180.7,0.256,0
2025-10-04T02:35:00,29.24,44.73,192.4,0.156,0
2025-10-04T02:36:00,27.77,49.41,186.0,0.173,0
2025-10-04T02:37:00,27.76,43.95,195.7,0.155,0
2025-10-04T02:38:00,31.16,47.17,217.4,0.231,0
2025-10-04T02:39:00,29.48,48.23,209.9,0.155,0
2025-10-04T02:40:00,29.06,46.27,183.7,0.193,0
2025-10-04T02:41:00,29.27,50.04,165.5,0.21,0
2025-10-04T02:42:00,32.62,46.1,202.1,0.176,0
2025-10-04T02:43:00,26.11,46.07,222.7,0.2,0
2025-10-04T02:44:00,28.82,48.25,197.9,0.235,0
2025-10-04T02:45:00,26.92,45.34,180.3,0.229,0
2025-10-04T02:46:00,23.49,51.52,169.6,0.25,0
2025-10-04T02:47:00,23.29,49.07,200.5,0.144,0
2025-10-04T02:48:00,26.04,51.0,198.1,0.241,0
2025-10-04T02:49:00,25.52,45.39,188.0,0.262,0
2025-10-04T02:50:00,27.85,50.89,199.4,0.209,0
2025-10-04T02:51:00,25.31,49.5,168.3,0.124,0
2025-10-04T02:52:00,30.6,50.47,151.8,0.167,0
2025-10-04T02:53:00,26.26,48.73,189.0,0.253,0
2025-10-04T02:54:00,24.2,50.76,219.9,0.173,0
2025-10-04T02:55:00,28.31,45.45,184.5,0.175,0
2025-10-04T02:56:00,26.47,47.1,173.0,0.164,0
2025-10-04T02:57:00,24.82,43.72,240.4,0.162,0
2025-10-04T02:58:00,29.58,50.76,191.2,0.14,0
2025-10-04T02:59:00,24.9,49.41,185.0,0.219,0
2025-10-04T03:00:00,22.52,46.65,164.1,0.19,0
2025-10-04T03:01:00,32.39,50.78,184.6,0.12,0
2025-10-04T03:02:00,29.57,47.82,202.6,0.24,0
2025-10-04T03:03:00,29.24,50.53,227.1,0.205,0
2025-10-04T03:04:00,30.94,47.97,195.7,0.215,0
2025-10-04T03:05:00,29.45,49.92,167.0,0.155,0
2025-10-04T03:06:00,28.26,48.68,194.9,0.229,0
2025-10-04T03:07:00,25.94,47.17,182.6,0.214,0
2025-10-04T03:08:00,36.62,48.77,205.6,0.155,0
2025-10-04T03:09:00,31.63,49.44,187.1,0.138,0
2025-10-04T03:10:00,27.19,45.22,221.9,0.143,0
2025-10-04T03:11:00,31.74,47.78,216.8,0.245,0
2025-10-04T03:12:00,29.75,49.28,206.1,0.178,0
2025-10-04T03:13:00,27.17,50.84,216.3,0.161,0
2025-10-04T03:14:00,32.04,49.91,210.5,0.225,0
2025-10-04T03:15:00,27.96,50.68,209.2,0.285,0
2025-10-04T03:16:00,27.49,46.51,230.5,0.114,0
2025-10-04T03:17:00,26.68,49.2,223.0,0.194,0
2025-10-04T03:18:00,31.8,50.56,250.8,0.124,0
2025-10-04T03:19:00,31.41,48.75,198.0,0.186,0
2025-10-04T03:20:00,30.72,48.56,207.1,0.198,0
2025-10-04T03:21:00,67.79,51.29,228.4,4.694,1
2025-10-04T03:22:00,29.68,48.88,203.8,0.207,0
2025-10-04T03:23:00,29.17,47.98,218.6,0.173,0
2025-10-04T03:24:00,30.91,51.15,229.9,0.183,0
2025-10-04T03:25:00,23.68,48.47,220.1,0.243,0
2025-10-04T03:26:00,34.02,48.15,196.4,0.2,0
2025-10-04T03:27:00,27.59,50.79,212.3,0.183,0
2025-10-04T03:28:00,34.07,55.77,226.6,0.244,0
2025-10-04T03:29:00,24.9,49.9,210.2,0.104,0
2025-10-04T03:30:00,33.65,48.84,209.5,0.158,0
2025-10-04T03:31:00,35.3,49.78,194.2,0.251,0
2025-10-04T03:32:00,27.34,48.56,211.8,0.167,0
2025-10-04T03:33:00,22.83,50.07,220.8,0.203,0
2025-10-04T03:34:00,28.1,49.33,204.6,0.193,0
2025-10-04T03:35:00,24.77,46.21,213.0,0.183,0
2025-10-04T03:36:00,31.26,48.82,249.3,0.156,0
2025-10-04T03:37:00,27.14,48.25,223.5,0.218,0
2025-10-04T03:38:00,33.22,47.29,180.8,0.252,0
2025-10-04T03:39:00,29.01,48.76,230.1,0.186,0
2025-10-04T03:40:00,26.89,50.84,207.1,0.166,0
2025-10-04T03:41:00,27.26,49.6,219.2,0.176,0
2025-10-04T03:42:00,28.98,52.77,213.0,0.273,0
2025-10-04T03:43:00,26.39,47.83,184.5,0.227,0
2025-10-04T03:44:00,30.5,49.52,181.4,0.195,0
2025-10-04T03:45:00,28.65,47.59,189.8,0.189,0
2025-10-04T03:46:00,29.02,48.94,193.6,0.193,0
2025-10-04T03:47:00,32.11,46.75,196.7,0.167,0
2025-10-04T03:48:00,28.04,48.1,204.0,0.211,0
2025-10-04T03:49:00,25.79,50.32,230.9,0.165,0
2025-10-04T03:50:00,32.6,50.07,198.3,0.247,0
2025-10-04T03:51:00,27.11,48.96,238.4,0.142,0
2025-10-04T03:52:00,31.53,47.8,237.2,0.236,0
2025-10-04T03:53:00,25.75,47.55,197.8,0.3,0
2025-10-04T03:54:00,34.32,49.9,233.2,0.248,0
2025-10-04T03:55:00,27.82,50.86,204.5,0.196,0
2025-10-04T03:56:00,27.74,48.27,237.5,0.197,0
2025-10-04T03:57:00,32.41,48.81,184.2,0.163,0
2025-10-04T03:58:00,27.64,45.02,266.2,0.143,0
2025-10-04T03:59:00,28.2,50.99,196.2,0.136,0
2025-10-04T04:00:00,34.7,51.68,212.2,0.247,0
2025-10-04T04:01:00,30.84,46.27,224.9,0.125,0
2025-10-04T04:02:00,31.59,47.0,233.8,0.162,0
2025-10-04T04:03:00,29.5,52.73,224.9,0.241,0
2025-10-04T04:04:00,27.27,48.57,244.8,0.184,0
2025-10-04T04:05:00,34.49,50.51,249.4,0.129,0
2025-10-04T04:06:00,35.44,54.68,224.7,0.241,0
2025-10-04T04:07:00,35.11,55.55,227.2,0.314,0
2025-10-04T04:08:00,31.99,48.86,238.9,0.195,0
2025-10-04T04:09:00,30.02,51.21,232.9,0.177,0
2025-10-04T04:10:00,36.31,52.38,272.3,0.27,0
2025-10-04T04:11:00,33.69,55.32,270.1,0.205,0
2025-10-04T04:12:00,33.7,48.35,253.5,0.286,0
2025-10-04T04:13:00,30.84,52.61,227.6,0.273,0
2025-10-04T04:14:00,33.26,48.72,220.0,0.219,0
2025-10-04T04:15:00,30.39,52.78,252.2,0.225,0
2025-10-04T04:16:00,31.68,51.17,218.0,0.207,0
2025-10-04T04:17:00,35.58,51.76,250.3,0.177,0
2025-10-04T04:18:00,33.64,53.0,221.0,0.174,0
2025-10-04T04:19:00,29.31,47.45,281.2,0.191,0
2025-10-04T04:20:00,34.35,53.96,276.5,0.165,0
2025-10-04T04:21:00,32.64,53.3,214.9,0.159,0
2025-10-04T04:22:00,31.53,49.82,217.9,0.21,0
2025-10-04T04:23:00,34.28,53.63,218.8,0.215,0
2025-10-04T04:24:00,35.34,49.3,213.4,0.141,0
2025-10-04T04:25:00,29.88,49.56,268.4,0.244,0
2025-10-04T04:26:00,31.99,52.27,258.3,0.146,0
2025-10-04T04:27:00,34.71,51.1,249.8,0.189,0
2025-10-04T04:28:00,32.19,52.08,263.4,0.26,0
2025-10-04T04:29:00,31.37,54.51,212.4,0.221,0
2025-10-04T04:30:00,35.08,51.09,278.6,0.227,0
2025-10-04T04:31:00,36.32,53.28,237.7,0.288,0
2025-10-04T04:32:00,33.06,50.09,241.9,0.166,0
2025-10-04T04:33:00,32.66,50.67,238.3,0.311,0
2025-10-04T04:34:00,28.82,52.36,260.2,0.232,0
2025-10-04T04:35:00,32.77,51.0,226.0,0.162,0
2025-10-04T04:36:00,27.51,50.4,251.8,0.267,0
2025-10-04T04:37:00,35.53,52.3,219.9,0.17,0
2025-10-04T04:38:00,30.31,51.88,238.0,0.167,0
2025-10-04T04:39:00,32.48,53.69,248.3,0.206,0
2025-10-04T04:40:00,32.03,54.8,230.6,0.138,0
2025-10-04T04:41:00,33.44,52.81,279.0,0.172,0
2025-10-04T04:42:00,33.59,48.56,239.3,0.189,0
2025-10-04T04:43:00,36.8,49.72,252.6,0.141,0
2025-10-04T04:44:00,70.12,53.01,197.5,5.652,1
2025-10-04T04:45:00,29.29,49.32,229.6,0.127,0
2025-10-04T04:46:00,34.09,47.13,270.7,0.225,0
2025-10-04T04:47:00,33.71,50.17,223.5,0.244,0
2025-10-04T04:48:00,29.9,46.96,248.0,0.23,0
2025-10-04T04:49:00,32.58,53.56,267.5,0.212,0
2025-10-04T04:50:00,31.43,53.83,240.1,0.276,0
2025-10-04T04:51:00,33.58,51.63,236.9,0.278,0
2025-10-04T04:52:00,37.78,51.66,260.6,0.285,0
2025-10-04T04:53:00,32.36,54.81,245.3,0.149,0
2025-10-04T04:54:00,31.57,49.13,285.7,0.159,0
2025-10-04T04:55:00,33.24,50.1,221.7,0.221,0
2025-10-04T04:56:00,67.92,54.36,413.1,3.396,1
2025-10-04T04:57:00,30.81,50.11,208.2,0.263,0
2025-10-04T04:58:00,29.17,50.49,202.1,0.179,0
2025-10-04T04:59:00,30.8,50.64,232.0,0.201,0
2025-10-04T05:00:00,31.49,51.84,264.3,0.196,0
2025-10-04T05:01:00,38.98,49.59,301.0,0.224,0
2025-10-04T05:02:00,35.41,50.75,285.5,0.219,0
2025-10-04T05:03:00,60.94,51.03,360.8,4.681,1
2025-10-04T05:04:00,34.41,53.11,293.5,0.246,0
2025-10-04T05:05:00,38.9,53.21,291.2,0.197,0
2025-10-04T05:06:00,36.86,52.85,277.1,0.303,0
2025-10-04T05:07:00,37.71,54.55,270.6,0.152,0
2025-10-04T05:08:00,33.2,51.81,261.9,0.201,0
2025-10-04T05:09:00,34.65,53.47,275.6,0.149,0
2025-10-04T05:10:00,38.31,53.71,245.0,0.172,0
2025-10-04T05:11:00,34.05,55.31,267.2,0.188,0
2025-10-04T05:12:00,35.84,52.58,280.8,0.145,0
2025-10-04T05:13:00,31.06,54.69,264.9,0.253,0
2025-10-04T05:14:00,34.44,54.93,297.3,0.14,0
2025-10-04T05:15:00,33.03,52.78,289.0,0.289,0
2025-10-04T05:16:00,35.44,50.33,268.5,0.195,0
2025-10-04T05:17:00,33.79,52.78,271.7,0.306,0
2025-10-04T05:18:00,36.95,54.1,268.1,0.244,0
2025-10-04T05:19:00,39.99,53.9,248.0,0.15,0
2025-10-04T05:20:00,39.71,53.31,260.2,0.256,0
2025-10-04T05:21:00,32.22,53.47,221.3,0.165,0
2025-10-04T05:22:00,33.61,50.97,275.2,0.212,0
2025-10-04T05:23:00,34.9,54.46,267.5,0.238,0
2025-10-04T05:24:00,38.01,54.08,262.4,0.219,0
2025-10-04T05:25:00,40.15,52.65,299.4,0.187,0
2025-10-04T05:26:00,34.66,56.6,272.6,0.161,0
2025-10-04T05:27:00,32.83,53.84,247.9,0.185,0
2025-10-04T05:28:00,30.54,50.18,290.8,0.166,0
2025-10-04T05:29:00,36.73,52.73,243.6,0.159,0
2025-10-04T05:30:00,42.78,53.46,282.9,0.18,0
2025-10-04T05:31:00,32.53,54.98,258.7,0.206,0
2025-10-04T05:32:00,32.9,52.1,283.7,0.208,0
2025-10-04T05:33:00,40.22,51.72,293.2,0.129,0
2025-10-04T05:34:00,33.93,54.61,283.5,0.281,0
2025-10-04T05:35:00,37.19,51.69,278.8,0.213,0
2025-10-04T05:36:00,29.79,48.86,246.1,0.281,0
2025-10-04T05:37:00,40.56,53.76,255.1,0.21,0
2025-10-04T05:38:00,31.56,53.4,252.6,0.224,0
2025-10-04T05:39:00,33.48,52.49,244.9,0.258,0
2025-10-04T05:40:00,34.67,52.99,267.7,0.279,0
2025-10-04T05:41:00,33.48,52.47,240.7,0.145,0
2025-10-04T05:42:00,37.16,53.12,264.3,0.205,0
2025-10-04T05:43:00,35.65,53.26,285.4,0.244,0
2025-10-04T05:44:00,36.1,54.89,237.8,0.133,0
2025-10-04T05:45:00,36.18,51.08,270.3,0.299,0
2025-10-04T05:46:00,39.35,55.31,298.5,0.248,0
2025-10-04T05:47:00,38.24,51.49,269.4,0.316,0
2025-10-04T05:48:00,33.58,52.89,279.6,0.221,0
2025-10-04T05:49:00,41.79,55.66,253.2,0.268,0
2025-10-04T05:50:00,40.24,53.39,273.9,0.21,0
2025-10-04T05:51:00,38.24,51.96,251.9,0.18,0
2025-10-04T05:52:00,36.5,53.09,272.9,0.162,0
2025-10-04T05:53:00,41.38,54.63,287.9,0.117,0
2025-10-04T05:54:00,40.76,54.16,274.3,0.167,0
2025-10-04T05:55:00,40.12,53.45,279.1,0.2,0
2025-10-04T05:56:00,40.72,50.59,268.3,0.184,0
2025-10-04T05:57:00,37.6,55.64,250.3,0.196,0
2025-10-04T05:58:00,36.28,51.54,307.2,0.14,0
2025-10-04T05:59:00,30.22,52.31,262.3,0.197,0
2025-10-04T06:00:00,42.85,57.96,314.2,0.252,0
2025-10-04T06:01:00,35.6,50.7,298.8,0.153,0
2025-10-04T06:02:00,38.68,53.77,276.2,0.199,0
2025-10-04T06:03:00,39.41,53.81,274.0,0.108,0
2025-10-04T06:04:00,42.93,53.22,280.8,0.231,0
2025-10-04T06:05:00,40.99,52.64,285.7,0.178,0
2025-10-04T06:06:00,38.42,54.76,297.4,0.219,0
2025-10-04T06:07:00,40.56,56.0,318.5,0.207,0
2025-10-04T06:08:00,36.58,55.67,287.1,0.211,0
2025-10-04T06:09:00,39.41,53.04,265.1,0.157,0
2025-10-04T06:10:00,40.27,55.2,315.8,0.212,0
2025-10-04T06:11:00,38.29,54.47,275.3,0.169,0
2025-10-04T06:12:00,39.89,51.97,297.5,0.236,0
2025-10-04T06:13:00,39.64,56.75,289.2,0.215,0
2025-10-04T06:14:00,41.32,52.65,287.6,0.214,0
2025-10-04T06:15:00,41.14,56.15,283.0,0.279,0
2025-10-04T06:16:00,40.38,55.71,335.2,0.11,0
2025-10-04T06:17:00,41.11,52.66,306.9,0.169,0
2025-10-04T06:18:00,37.0,53.54,302.8,0.143,0
2025-10-04T06:19:00,42.94,52.71,295.1,0.231,0
2025-10-04T06:20:00,37.9,56.2,261.5,0.2,0
2025-10-04T06:21:00,43.06,58.04,293.3,0.215,0
2025-10-04T06:22:00,39.88,55.22,316.1,0.168,0
2025-10-04T06:23:00,39.7,51.53,316.5,0.213,0
2025-10-04T06:24:00,36.54,55.03,297.4,0.181,0
2025-10-04T06:25:00,42.76,54.5,277.4,0.202,0
2025-10-04T06:26:00,41.42,53.81,307.1,0.136,0
2025-10-04T06:27:00,38.86,58.85,243.0,0.213,0
2025-10-04T06:28:00,37.98,58.22,319.4,0.127,0
2025-10-04T06:29:00,37.84,55.49,297.6,0.175,0
2025-10-04T06:30:00,40.17,55.55,287.1,0.186,0
2025-10-04T06:31:00,45.39,52.14,302.5,0.142,0
2025-10-04T06:32:00,39.04,57.48,304.9,0.304,0
2025-10-04T06:33:00,41.03,54.46,293.4,0.205,0
2025-10-04T06:34:00,40.41,53.81,321.7,0.229,0
2025-10-04T06:35:00,41.56,55.67,301.7,0.152,0
2025-10-04T06:36:00,41.11,56.74,286.5,0.206,0
2025-10-04T06:37:00,35.34,54.93,269.3,0.146,0
2025-10-04T06:38:00,43.64,52.34,286.3,0.215,0
2025-10-04T06:39:00,43.83,51.16,298.1,0.144,0
2025-10-04T06:40:00,44.98,54.24,310.2,0.208,0
2025-10-04T06:41:00,38.77,56.76,305.9,0.21,0
2025-10-04T06:42:00,44.61,53.93,283.8,0.226,0
2025-10-04T06:43:00,40.8,56.78,302.2,0.134,0
2025-10-04T06:44:00,39.62,57.27,280.3,0.221,0
2025-10-04T06:45:00,40.39,54.01,282.6,0.187,0
2025-10-04T06:46:00,35.69,51.78,285.3,0.158,0
2025-10-04T06:47:00,39.89,56.22,308.1,0.131,0
2025-10-04T06:48:00,37.49,52.92,333.5,0.204,0
2025-10-04T06:49:00,42.02,55.77,316.3,0.173,0
2025-10-04T06:50:00,36.31,54.49,337.9,0.207,0
2025-10-04T06:51:00,68.85,52.77,308.7,3.523,1
2025-10-04T06:52:00,64.04,56.22,205.7,6.035,1
2025-10-04T06:53:00,36.85,53.48,352.5,0.228,0
2025-10-04T06:54:00,38.22,53.24,299.3,0.125,0
2025-10-04T06:55:00,38.37,55.18,320.6,0.251,0
2025-10-04T06:56:00,36.42,55.06,308.3,0.173,0
2025-10-04T06:57:00,35.34,50.2,295.8,0.187,0
2025-10-04T06:58:00,42.53,56.99,287.9,0.22,0
2025-10-04T06:59:00,31.61,52.68,295.8,0.177,0
2025-10-04T07:00:00,42.92,54.9,354.8,0.288,0
2025-10-04T07:01:00,45.59,55.57,319.7,0.214,0
2025-10-04T07:02:00,43.73,61.32,326.3,0.21,0
2025-10-04T07:03:00,42.07,54.77,327.8,0.201,0
2025-10-04T07:04:00,45.45,60.58,324.3,0.141,0
2025-10-04T07:05:00,80.27,56.78,390.9,5.828,1
2025-10-04T07:06:00,43.12,57.31,368.6,0.142,0
2025-10-04T07:07:00,44.92,53.89,316.0,0.21,0
2025-10-04T07:08:00,48.85,58.73,328.2,0.238,0
2025-10-04T07:09:00,41.6,54.38,357.0,0.155,0
2025-10-04T07:10:00,47.29,55.28,353.8,0.187,0
2025-10-04T07:11:00,37.38,57.29,326.2,0.144,0
2025-10-04T07:12:00,50.76,59.35,332.3,0.25,0
2025-10-04T07:13:00,72.31,57.12,176.6,6.935,1
2025-10-04T07:14:00,42.9,55.2,301.6,0.178,0
2025-10-04T07:15:00,43.57,55.64,306.3,0.203,0
2025-10-04T07:16:00,38.64,56.54,321.8,0.193,0
2025-10-04T07:17:00,40.47,58.55,323.3,0.185,0
2025-10-04T07:18:00,46.28,56.08,327.6,0.233,0
2025-10-04T07:19:00,45.54,57.16,353.6,0.192,0
2025-10-04T07:20:00,46.86,56.65,332.4,0.182,0
2025-10-04T07:21:00,46.89,53.71,339.8,0.135,0
2025-10-04T07:22:00,39.83,60.36,322.8,0.189,0
2025-10-04T07:23:00,44.9,57.81,354.6,0.21,0
2025-10-04T07:24:00,42.97,58.88,381.5,0.156,0
2025-10-04T07:25:00,45.74,55.24,328.0,0.143,0
2025-10-04T07:26:00,40.44,58.55,325.2,0.102,0
2025-10-04T07:27:00,51.51,55.33,353.5,0.201,0
2025-10-04T07:28:00,42.62,57.35,379.2,0.143,0
2025-10-04T07:29:00,46.25,58.69,330.2,0.158,0
2025-10-04T07:30:00,43.78,55.75,285.9,0.234,0
2025-10-04T07:31:00,40.7,57.91,386.0,0.275,0
2025-10-04T07:32:00,38.52,54.35,365.1,0.2,0
2025-10-04T07:33:00,48.61,56.18,333.8,0.211,0
2025-10-04T07:34:00,41.11,58.87,336.0,0.268,0
2025-10-04T07:35:00,46.12,56.47,343.6,0.186,0
2025-10-04T07:36:00,44.34,61.82,329.4,0.166,0
2025-10-04T07:37:00,48.44,55.74,318.3,0.212,0
2025-10-04T07:38:00,41.18,56.6,339.6,0.276,0
2025-10-04T07:39:00,48.22,59.89,343.7,0.215,0
2025-10-04T07:40:00,44.56,55.25,317.5,0.166,0
2025-10-04T07:41:00,44.41,56.37,327.7,0.211,0
2025-10-04T07:42:00,43.21,61.55,321.7,0.118,0
2025-10-04T07:43:00,40.35,56.09,374.1,0.209,0
2025-10-04T07:44:00,39.85,57.79,317.7,0.181,0
2025-10-04T07:45:00,44.45,54.76,329.9,0.122,0
2025-10-04T07:46:00,40.1,55.42,348.9,0.148,0
2025-10-04T07:47:00,46.41,56.22,326.6,0.174,0
2025-10-04T07:48:00,47.14,58.27,294.8,0.198,0
2025-10-04T07:49:00,38.25,58.57,328.4,0.158,0
2025-10-04T07:50:00,41.01,53.07,316.6,0.194,0
2025-10-04T07:51:00,45.95,56.78,308.7,0.258,0
2025-10-04T07:52:00,42.72,57.51,325.6,0.215,0
2025-10-04T07:53:00,44.28,58.53,327.4,0.149,0
2025-10-04T07:54:00,44.16,57.28,292.4,0.193,0
2025-10-04T07:55:00,46.15,55.95,301.9,0.23,0
2025-10-04T07:56:00,35.88,52.5,331.8,0.126,0
2025-10-04T07:57:00,44.05,54.44,357.7,0.224,0
2025-10-04T07:58:00,45.03,56.59,335.2,0.173,0
2025-10-04T07:59:00,45.49,55.65,335.7,0.201,0
2025-10-04T08:00:00,49.55,61.18,392.5,0.194,0
2025-10-04T08:01:00,48.11,57.7,408.7,0.268,0
2025-10-04T08:02:00,44.94,61.03,374.9,0.179,0
2025-10-04T08:03:00,41.35,58.59,384.3,0.227,0
2025-10-04T08:04:00,45.98,59.81,334.9,0.222,0
2025-10-04T08:05:00,47.03,56.72,348.3,0.234,0
2025-10-04T08:06:00,48.51,61.76,353.5,0.205,0
2025-10-04T08:07:00,48.77,59.31,361.3,0.231,0
2025-10-04T08:08:00,47.21,60.91,359.7,0.192,0
2025-10-04T08:09:00,48.8,60.31,374.5,0.229,0
2025-10-04T08:10:00,48.84,59.04,346.9,0.197,0
2025-10-04T08:11:00,74.47,59.02,221.1,6.019,1
2025-10-04T08:12:00,39.89,60.57,372.9,0.226,0
2025-10-04T08:13:00,46.05,61.26,382.5,0.246,0
2025-10-04T08:14:00,52.99,57.68,364.6,0.219,0
2025-10-04T08:15:00,48.09,57.26,361.9,0.217,0
2025-10-04T08:16:00,41.54,55.41,345.6,0.283,0
2025-10-04T08:17:00,45.98,59.73,374.8,0.208,0
2025-10-04T08:18:00,45.23,58.06,355.8,0.136,0
2025-10-04T08:19:00,45.93,57.24,355.9,0.185,0
2025-10-04T08:20:00,44.32,59.59,362.2,0.131,0
2025-10-04T08:21:00,42.12,58.92,374.9,0.177,0
2025-10-04T08:22:00,44.8,62.21,368.7,0.171,0
2025-10-04T08:23:00,42.72,58.9,371.3,0.189,0
2025-10-04T08:24:00,48.07,59.06,347.9,0.191,0
2025-10-04T08:25:00,43.8,58.84,358.6,0.225,0
2025-10-04T08:26:00,45.5,55.46,396.3,0.157,0
2025-10-04T08:27:00,53.62,60.53,344.3,0.26,0
2025-10-04T08:28:00,44.04,60.9,350.7,0.207,0
2025-10-04T08:29:00,84.68,60.85,249.6,6.64,1
2025-10-04T08:30:00,40.86,59.45,338.1,0.234,0
2025-10-04T08:31:00,50.14,58.71,375.5,0.275,0
2025-10-04T08:32:00,49.59,56.53,339.9,0.278,0
2025-10-04T08:33:00,44.87,58.69,358.8,0.203,0
2025-10-04T08:34:00,46.86,57.05,362.3,0.228,0
2025-10-04T08:35:00,44.14,57.6,324.6,0.185,0
2025-10-04T08:36:00,44.99,59.15,356.2,0.201,0
2025-10-04T08:37:00,48.7,56.54,349.2,0.08,0
2025-10-04T08:38:00,49.23,58.53,338.3,0.153,0
2025-10-04T08:39:00,47.88,58.05,369.4,0.23,0
2025-10-04T08:40:00,51.49,58.2,379.9,0.219,0
2025-10-04T08:41:00,51.45,59.99,331.6,0.208,0
2025-10-04T08:42:00,46.22,58.38,367.6,0.212,0
2025-10-04T08:43:00,55.11,56.21,362.2,0.24,0
2025-10-04T08:44:00,54.31,58.33,341.9,0.204,0
2025-10-04T08:45:00,46.94,60.45,371.0,0.228,0
2025-10-04T08:46:00,37.78,61.49,342.2,0.189,0
2025-10-04T08:47:00,47.62,60.45,330.7,0.073,0
2025-10-04T08:48:00,53.64,59.84,373.3,0.156,0
2025-10-04T08:49:00,51.02,59.5,369.9,0.24,0
2025-10-04T08:50:00,52.14,58.21,357.3,0.139,0
2025-10-04T08:51:00,44.7,59.17,356.3,0.085,0
2025-10-04T08:52:00,43.23,59.69,359.0,0.189,0
2025-10-04T08:53:00,46.69,57.01,345.9,0.276,0
2025-10-04T08:54:00,47.59,61.59,375.6,0.229,0
2025-10-04T08:55:00,47.69,60.51,339.8,0.189,0
2025-10-04T08:56:00,50.3,56.52,350.1,0.156,0
2025-10-04T08:57:00,46.05,57.66,381.5,0.279,0
2025-10-04T08:58:00,51.65,58.48,374.2,0.256,0
2025-10-04T08:59:00,45.19,63.74,336.9,0.195,0
2025-10-04T09:00:00,53.52,62.08,406.5,0.173,0
2025-10-04T09:01:00,44.68,59.74,378.5,0.141,0
2025-10-04T09:02:00,55.9,62.14,369.5,0.155,0
2025-10-04T09:03:00,50.66,59.41,351.1,0.197,0
2025-10-04T09:04:00,47.01,57.91,356.4,0.141,0
2025-10-04T09:05:00,53.6,60.44,406.2,0.177,0
2025-10-04T09:06:00,51.2,58.45,366.5,0.221,0
2025-10-04T09:07:00,50.11,59.62,373.5,0.184,0
2025-10-04T09:08:00,47.64,59.39,392.7,0.221,0
2025-10-04T09:09:00,47.85,58.22,372.6,0.259,0
2025-10-04T09:10:00,48.43,61.56,410.3,0.301,0
2025-10-04T09:11:00,48.56,60.73,431.4,0.149,0
2025-10-04T09:12:00,50.2,63.05,355.6,0.137,0
2025-10-04T09:13:00,47.16,62.08,356.7,0.257,0
2025-10-04T09:14:00,48.61,60.07,348.5,0.213,0
2025-10-04T09:15:00,46.09,60.79,406.6,0.276,0
2025-10-04T09:16:00,53.33,61.52,369.9,0.207,0
2025-10-04T09:17:00,56.28,62.2,368.3,0.195,0
2025-10-04T09:18:00,44.86,61.77,382.5,0.255,0
2025-10-04T09:19:00,56.04,59.82,388.8,0.108,0
2025-10-04T09:20:00,98.64,60.08,254.9,4.202,1
2025-10-04T09:21:00,53.81,62.39,383.4,0.19,0
2025-10-04T09:22:00,51.93,64.71,371.7,0.261,0
2025-10-04T09:23:00,48.36,59.69,410.6,0.229,0
2025-10-04T09:24:00,48.74,63.25,379.7,0.278,0
2025-10-04T09:25:00,51.02,59.34,373.4,0.201,0
2025-10-04T09:26:00,52.69,60.99,415.9,0.241,0
2025-10-04T09:27:00,49.7,60.87,402.5,0.308,0
2025-10-04T09:28:00,49.42,57.5,376.5,0.27,0
2025-10-04T09:29:00,52.15,60.44,373.9,0.253,0
2025-10-04T09:30:00,51.31,62.8,386.6,0.168,0
2025-10-04T09:31:00,52.62,62.58,335.2,0.226,0
2025-10-04T09:32:00,49.26,60.61,386.4,0.235,0
2025-10-04T09:33:00,44.18,60.07,386.0,0.272,0
2025-10-04T09:34:00,46.31,58.75,383.2,0.232,0
2025-10-04T09:35:00,58.98,61.4,396.7,0.25,0
2025-10-04T09:36:00,51.02,64.78,384.9,0.304,0
2025-10-04T09:37:00,47.14,59.14,412.9,0.232,0
2025-10-04T09:38:00,57.56,61.28,381.3,0.199,0
2025-10-04T09:39:00,48.51,61.27,371.6,0.245,0
2025-10-04T09:40:00,50.27,61.04,360.7,0.169,0
2025-10-04T09:41:00,49.42,53.89,360.7,0.185,0
2025-10-04T09:42:00,53.8,57.47,377.9,0.206,0
2025-10-04T09:43:00,51.52,61.43,391.7,0.221,0
2025-10-04T09:44:00,45.83,58.58,380.0,0.205,0
2025-10-04T09:45:00,47.86,61.0,395.5,0.181,0
2025-10-04T09:46:00,55.73,56.98,389.0,0.189,0
2025-10-04T09:47:00,46.84,58.57,365.2,0.149,0
2025-10-04T09:48:00,53.96,59.48,361.6,0.191,0
2025-10-04T09:49:00,49.49,59.59,432.7,0.221,0
2025-10-04T09:50:00,53.26,57.4,403.1,0.289,0
2025-10-04T09:51:00,47.18,60.88,350.4,0.253,0
2025-10-04T09:52:00,47.28,60.47,383.1,0.219,0
2025-10-04T09:53:00,50.64,59.91,360.8,0.203,0
2025-10-04T09:54:00,53.67,64.79,381.6,0.174,0
2025-10-04T09:55:00,45.71,60.11,377.6,0.149,0
2025-10-04T09:56:00,56.11,61.42,381.2,0.183,0
2025-10-04T09:57:00,50.49,59.36,403.5,0.14,0
2025-10-04T09:58:00,45.83,59.8,405.2,0.12,0
2025-10-04T09:59:00,43.81,59.47,385.8,0.169,0
2025-10-04T10:00:00,53.43,61.8,407.4,0.21,0
2025-10-04T10:01:00,55.35,62.28,417.6,0.183,0
2025-10-04T10:02:00,50.24,64.83,424.8,0.208,0
2025-10-04T10:03:00,59.76,60.88,419.2,0.161,0
2025-10-04T10:04:00,53.1,60.7,382.9,0.227,0
2025-10-04T10:05:00,49.38,59.76,427.7,0.231,0
2025-10-04T10:06:00,57.02,59.37,401.5,0.177,0
2025-10-04T10:07:00,51.17,60.46,411.4,0.244,0
2025-10-04T10:08:00,50.89,59.93,419.6,0.195,0
2025-10-04T10:09:00,56.48,65.76,370.4,0.226,0
2025-10-04T10:10:00,56.99,59.34,388.9,0.197,0
2025-10-04T10:11:00,54.91,61.8,350.4,0.195,0
2025-10-04T10:12:00,54.54,62.04,388.1,0.212,0
2025-10-04T10:13:00,48.47,60.9,378.0,0.136,0
2025-10-04T10:14:00,53.3,62.71,368.0,0.118,0
2025-10-04T10:15:00,51.5,64.1,421.7,0.288,0
2025-10-04T10:16:00,52.66,60.95,423.9,0.199,0
2025-10-04T10:17:00,49.78,63.34,398.9,0.26,0
2025-10-04T10:18:00,55.29,63.3,415.3,0.158,0
2025-10-04T10:19:00,57.21,61.96,420.9,0.221,0
2025-10-04T10:20:00,50.67,62.21,407.1,0.146,0
2025-10-04T10:21:00,53.2,63.5,420.7,0.243,0
2025-10-04T10:22:00,50.06,61.97,390.2,0.175,0
2025-10-04T10:23:00,50.43,61.65,429.4,0.213,0
2025-10-04T10:24:00,51.62,62.72,437.8,0.11,0
2025-10-04T10:25:00,54.64,57.6,418.0,0.287,0
2025-10-04T10:26:00,48.88,62.25,391.4,0.236,0
2025-10-04T10:27:00,54.7,60.68,415.9,0.25,0
2025-10-04T10:28:00,53.21,62.75,419.5,0.214,0
2025-10-04T10:29:00,49.07,58.04,408.0,0.226,0
2025-10-04T10:30:00,51.08,60.86,428.8,0.21,0
2025-10-04T10:31:00,50.45,62.1,379.6,0.176,0
2025-10-04T10:32:00,55.37,63.6,408.0,0.175,0
2025-10-04T10:33:00,54.07,61.8,409.0,0.283,0
2025-10-04T10:34:00,47.58,61.14,394.8,0.259,0
2025-10-04T10:35:00,55.84,61.58,394.4,0.204,0
2025-10-04T10:36:00,52.5,60.95,394.7,0.134,0
2025-10-04T10:37:00,51.55,62.48,413.5,0.117,0
2025-10-04T10:38:00,52.4,60.92,427.6,0.152,0
2025-10-04T10:39:00,58.83,63.84,400.0,0.208,0
2025-10-04T10:40:00,52.42,61.51,394.1,0.254,0
2025-10-04T10:41:00,52.82,62.38,415.9,0.197,0
2025-10-04T10:42:00,56.29,62.84,384.1,0.156,0
2025-10-04T10:43:00,52.82,63.57,392.1,0.19,0
2025-10-04T10:44:00,52.07,60.03,401.4,0.244,0
2025-10-04T10:45:00,52.02,62.16,417.9,0.28,0
2025-10-04T10:46:00,54.52,63.86,385.4,0.216,0
2025-10-04T10:47:00,61.73,61.95,430.5,0.198,0
2025-10-04T10:48:00,50.91,62.06,411.7,0.176,0
2025-10-04T10:49:00,57.79,60.89,436.8,0.232,0
2025-10-04T10:50:00,52.38,60.9,419.3,0.162,0
2025-10-04T10:51:00,52.0,61.79,379.3,0.206,0
2025-10-04T10:52:00,50.55,60.33,409.7,0.167,0
2025-10-04T10:53:00,51.58,63.08,418.1,0.24,0
2025-10-04T10:54:00,54.19,65.34,406.3,0.092,0
2025-10-04T10:55:00,52.02,62.24,431.4,0.232,0
2025-10-04T10:56:00,54.48,60.34,424.5,0.131,0
2025-10-04T10:57:00,54.29,60.8,384.4,0.129,0
2025-10-04T10:58:00,54.66,59.08,404.6,0.274,0
2025-10-04T10:59:00,51.49,60.73,424.5,0.22,0
2025-10-04T11:00:00,54.63,58.23,425.7,0.148,0
2025-10-04T11:01:00,48.39,61.96,412.3,0.232,0
2025-10-04T11:02:00,59.05,61.66,451.8,0.187,0
2025-10-04T11:03:00,52.71,60.51,427.0,0.172,0
2025-10-04T11:04:00,53.5,60.78,423.7,0.203,0
2025-10-04T11:05:00,52.84,59.01,398.8,0.188,0
2025-10-04T11:06:00,52.75,63.68,406.5,0.246,0
2025-10-04T11:07:00,58.6,66.06,419.8,0.189,0
2025-10-04T11:08:00,51.31,62.6,422.3,0.144,0
2025-10-04T11:09:00,50.57,60.97,409.6,0.184,0
2025-10-04T11:10:00,52.99,63.53,409.5,0.219,0
2025-10-04T11:11:00,56.19,62.16,446.0,0.152,0
2025-10-04T11:12:00,55.43,62.31,363.8,0.268,0
2025-10-04T11:13:00,56.7,60.68,390.6,0.102,0
2025-10-04T11:14:00,54.75,65.73,395.7,0.248,0
2025-10-04T11:15:00,54.26,64.21,422.6,0.222,0
2025-10-04T11:16:00,55.42,61.75,423.0,0.214,0
2025-10-04T11:17:00,54.79,60.32,414.0,0.239,0
2025-10-04T11:18:00,53.64,62.57,439.6,0.138,0
2025-10-04T11:19:00,60.1,60.77,410.6,0.195,0
2025-10-04T11:20:00,52.42,66.01,384.2,0.162,0
2025-10-04T11:21:00,54.46,64.19,400.3,0.248,0
2025-10-04T11:22:00,58.71,62.12,404.5,0.171,0
2025-10-04T11:23:00,58.5,63.21,425.6,0.198,0
2025-10-04T11:24:00,54.15,64.53,401.4,0.231,0
2025-10-04T11:25:00,51.76,63.28,457.5,0.253,0
2025-10-04T11:26:00,56.63,62.66,403.8,0.256,0
2025-10-04T11:27:00,57.39,59.49,436.9,0.224,0
2025-10-04T11:28:00,88.32,61.52,557.9,5.498,1
2025-10-04T11:29:00,59.45,62.58,383.0,0.138,0
2025-10-04T11:30:00,57.61,63.92,428.0,0.21,0
2025-10-04T11:31:00,55.81,62.29,405.0,0.122,0
2025-10-04T11:32:00,51.93,59.96,375.8,0.116,0
2025-10-04T11:33:00,52.08,63.64,462.8,0.186,0
2025-10-04T11:34:00,56.27,65.02,416.0,0.335,0
2025-10-04T11:35:00,54.99,60.92,390.3,0.185,0
2025-10-04T11:36:00,51.41,62.61,421.6,0.233,0
2025-10-04T11:37:00,52.19,60.39,424.3,0.181,0
2025-10-04T11:38:00,52.57,64.19,434.2,0.19,0
2025-10-04T11:39:00,59.18,61.81,387.5,0.212,0
2025-10-04T11:40:00,53.54,65.1,424.2,0.09,0
2025-10-04T11:41:00,58.35,59.78,403.2,0.138,0
2025-10-04T11:42:00,51.36,59.5,408.0,0.216,0
2025-10-04T11:43:00,59.23,60.23,413.0,0.23,0
2025-10-04T11:44:00,52.48,63.63,425.1,0.184,0
2025-10-04T11:45:00,55.85,62.51,409.0,0.188,0
2025-10-04T11:46:00,57.87,63.9,386.5,0.157,0
2025-10-04T11:47:00,58.8,65.87,397.7,0.142,0
2025-10-04T11:48:00,57.85,61.63,417.6,0.257,0
2025-10-04T11:49:00,51.34,63.11,409.4,0.237,0
2025-10-04T11:50:00,51.85,65.25,413.9,0.197,0
2025-10-04T11:51:00,59.24,62.73,412.6,0.297,0
2025-10-04T11:52:00,51.74,59.71,388.4,0.156,0
2025-10-04T11:53:00,58.58,64.01,424.5,0.168,0
2025-10-04T11:54:00,59.04,59.26,417.8,0.258,0
2025-10-04T11:55:00,52.71,62.08,386.8,0.266,0
2025-10-04T11:56:00,59.47,58.67,454.7,0.252,0
2025-10-04T11:57:00,56.93,64.3,442.8,0.2,0
2025-10-04T11:58:00,50.39,61.19,438.6,0.304,0
2025-10-04T11:59:00,57.15,65.03,399.5,0.199,0
2025-10-04T12:00:00,57.44,63.17,411.1,0.182,0
2025-10-04T12:01:00,55.12,61.88,427.2,0.246,0
2025-10-04T12:02:00,53.8,63.11,420.4,0.192,0
2025-10-04T12:03:00,53.42,62.01,417.6,0.313,0
2025-10-04T12:04:00,54.77,63.95,421.1,0.174,0
2025-10-04T12:05:00,53.7,60.55,417.3,0.179,0
2025-10-04T12:06:00,59.62,62.7,408.8,0.234,0
2025-10-04T12:07:00,55.26,65.76,417.4,0.278,0
2025-10-04T12:08:00,55.88,63.02,449.4,0.214,0
2025-10-04T12:09:00,50.12,61.86,409.0,0.19,0
2025-10-04T12:10:00,52.34,64.88,436.3,0.114,0
2025-10-04T12:11:00,56.13,61.46,393.7,0.162,0
2025-10-04T12:12:00,54.28,59.92,419.3,0.298,0
2025-10-04T12:13:00,56.25,61.62,405.7,0.228,0
2025-10-04T12:14:00,50.78,62.58,432.9,0.164,0
2025-10-04T12:15:00,52.42,63.12,393.4,0.196,0
2025-10-04T12:16:00,52.52,62.14,429.3,0.271,0
2025-10-04T12:17:00,52.78,59.5,429.2,0.246,0
2025-10-04T12:18:00,59.02,64.26,443.9,0.274,0
2025-10-04T12:19:00,49.48,64.42,403.4,0.293,0
2025-10-04T12:20:00,52.13,59.87,400.8,0.198,0
2025-10-04T12:21:00,57.26,65.85,455.1,0.271,0
2025-10-04T12:22:00,54.26,64.74,400.9,0.086,0
2025-10-04T12:23:00,51.6,63.78,450.5,0.262,0
2025-10-04T12:24:00,54.18,59.27,431.7,0.23,0
2025-10-04T12:25:00,56.68,65.27,403.1,0.197,0
2025-10-04T12:26:00,53.71,62.56,419.7,0.1,0
2025-10-04T12:27:00,52.68,60.81,406.2,0.176,0
2025-10-04T12:28:00,59.8,61.79,430.9,0.221,0
2025-10-04T12:29:00,53.58,63.41,444.6,0.152,0
2025-10-04T12:30:00,53.58,63.77,420.9,0.238,0
2025-10-04T12:31:00,53.87,62.8,433.9,0.173,0
2025-10-04T12:32:00,54.96,59.68,422.8,0.176,0
2025-10-04T12:33:00,57.07,65.46,451.2,0.194,0
2025-10-04T12:34:00,52.82,61.06,404.4,0.147,0
2025-10-04T12:35:00,55.08,61.02,420.5,0.124,0
2025-10-04T12:36:00,53.53,60.59,431.9,0.257,0
2025-10-04T12:37:00,49.49,62.57,406.8,0.099,0
2025-10-04T12:38:00,58.93,60.01,441.1,0.203,0
2025-10-04T12:39:00,53.66,67.58,454.3,0.235,0
2025-10-04T12:40:00,52.27,61.47,400.7,0.188,0
2025-10-04T12:41:00,54.6,60.99,414.8,0.19,0
2025-10-04T12:42:00,57.37,62.73,419.7,0.137,0
2025-10-04T12:43:00,56.83,66.56,392.8,0.212,0
2025-10-04T12:44:00,58.5,63.57,418.0,0.172,0
2025-10-04T12:45:00,53.04,62.73,422.9,0.162,0
2025-10-04T12:46:00,53.34,62.56,420.2,0.198,0
2025-10-04T12:47:00,55.69,60.12,410.8,0.098,0
2025-10-04T12:48:00,55.56,61.7,449.4,0.172,0
2025-10-04T12:49:00,55.61,61.55,432.6,0.129,0
2025-10-04T12:50:00,58.45,60.75,385.6,0.223,0
2025-10-04T12:51:00,55.69,62.66,446.8,0.236,0
2025-10-04T12:52:00,52.39,62.9,391.7,0.068,0
2025-10-04T12:53:00,55.54,61.0,396.4,0.212,0
2025-10-04T12:54:00,54.51,63.51,426.0,0.098,0
2025-10-04T12:55:00,53.84,63.97,433.5,0.217,0
2025-10-04T12:56:00,53.71,64.94,412.3,0.147,0
2025-10-04T12:57:00,57.95,66.28,443.9,0.21,0
2025-10-04T12:58:00,57.52,62.01,406.9,0.15,0
2025-10-04T12:59:00,47.77,62.3,410.3,0.192,0
2025-10-04T13:00:00,55.27,63.07,396.2,0.254,0
2025-10-04T13:01:00,58.04,64.19,406.6,0.126,0
2025-10-04T13:02:00,53.9,63.37,423.9,0.218,0
2025-10-04T13:03:00,52.2,60.76,407.3,0.159,0
2025-10-04T13:04:00,49.7,60.77,407.8,0.221,0
2025-10-04T13:05:00,57.87,64.58,399.0,0.233,0
2025-10-04T13:06:00,55.75,66.3,448.8,0.152,0
2025-10-04T13:07:00,54.76,61.93,412.1,0.22,0
2025-10-04T13:08:00,51.48,63.16,456.1,0.128,0
2025-10-04T13:09:00,48.48,62.19,421.1,0.207,0
2025-10-04T13:10:00,48.67,61.93,404.8,0.144,0
2025-10-04T13:11:00,54.25,57.92,401.4,0.193,0
2025-10-04T13:12:00,52.87,66.36,402.9,0.254,0
2025-10-04T13:13:00,60.45,64.74,399.7,0.13,0
2025-10-04T13:14:00,57.72,62.07,410.8,0.21,0
2025-10-04T13:15:00,51.96,60.4,431.0,0.239,0
2025-10-04T13:16:00,55.21,62.81,406.4,0.196,0
2025-10-04T13:17:00,55.39,66.26,407.5,0.243,0
2025-10-04T13:18:00,53.96,60.05,428.3,0.17,0
2025-10-04T13:19:00,55.54,66.52,430.5,0.131,0
2025-10-04T13:20:00,56.79,63.64,364.9,0.239,0
2025-10-04T13:21:00,53.12,60.8,465.9,0.276,0
2025-10-04T13:22:00,95.5,63.43,396.8,4.271,1
2025-10-04T13:23:00,55.41,61.81,427.7,0.064,0
2025-10-04T13:24:00,54.05,63.91,420.1,0.183,0
2025-10-04T13:25:00,50.36,60.24,396.3,0.168,0
2025-10-04T13:26:00,53.08,59.64,424.4,0.15,0
2025-10-04T13:27:00,53.12,63.45,410.8,0.19,0
2025-10-04T13:28:00,57.28,62.69,464.3,0.157,0
2025-10-04T13:29:00,59.65,59.72,422.0,0.161,0
2025-10-04T13:30:00,52.44,59.89,434.8,0.172,0
2025-10-04T13:31:00,93.12,64.12,425.7,5.673,1
2025-10-04T13:32:00,45.59,61.97,426.9,0.16,0
2025-10-04T13:33:00,56.03,66.25,410.3,0.14,0
2025-10-04T13:34:00,55.41,64.92,398.3,0.209,0
2025-10-04T13:35:00,57.27,64.55,400.7,0.15,0
2025-10-04T13:36:00,56.99,60.4,397.7,0.214,0
2025-10-04T13:37:00,55.48,62.4,428.2,0.238,0
2025-10-04T13:38:00,50.06,58.49,405.5,0.143,0
2025-10-04T13:39:00,51.84,64.3,411.6,0.156,0
2025-10-04T13:40:00,54.73,63.17,388.2,0.17,0
2025-10-04T13:41:00,51.49,61.69,422.9,0.221,0
2025-10-04T13:42:00,56.68,61.92,398.0,0.171,0
2025-10-04T13:43:00,52.87,64.91,424.6,0.232,0
2025-10-04T13:44:00,50.36,62.42,400.4,0.181,0
2025-10-04T13:45:00,48.22,64.66,409.3,0.221,0
2025-10-04T13:46:00,52.47,66.22,411.9,0.077,0
2025-10-04T13:47:00,54.89,59.84,423.1,0.211,0
2025-10-04T13:48:00,57.23,62.04,428.6,0.213,0
2025-10-04T13:49:00,51.22,65.13,411.1,0.16,0
2025-10-04T13:50:00,55.42,64.16,417.0,0.258,0
2025-10-04T13:51:00,52.15,62.58,419.5,0.194,0
2025-10-04T13:52:00,50.0,64.26,420.9,0.2,0
2025-10-04T13:53:00,51.01,63.07,455.1,0.231,0
2025-10-04T13:54:00,55.79,62.34,389.9,0.274,0
2025-10-04T13:55:00,55.27,62.25,422.1,0.105,0
2025-10-04T13:56:00,54.14,61.49,404.7,0.2,0
2025-10-04T13:57:00,50.73,61.42,421.5,0.186,0
2025-10-04T13:58:00,49.55,62.79,410.9,0.256,0
2025-10-04T13:59:00,54.07,63.2,406.0,0.272,0
2025-10-04T14:00:00,56.6,61.83,395.6,0.194,0
2025-10-04T14:01:00,50.21,61.1,405.1,0.173,0
2025-10-04T14:02:00,54.35,61.07,439.1,0.171,0
2025-10-04T14:03:00,54.55,59.38,412.9,0.287,0
2025-10-04T14:04:00,57.66,60.84,439.7,0.236,0
2025-10-04T14:05:00,52.1,61.68,405.4,0.218,0
2025-10-04T14:06:00,52.31,62.08,401.8,0.183,0
2025-10-04T14:07:00,53.4,59.87,396.8,0.177,0
2025-10-04T14:08:00,50.96,61.12,416.9,0.222,0
2025-10-04T14:09:00,51.22,60.47,398.4,0.25,0
2025-10-04T14:10:00,57.64,60.45,432.7,0.285,0
2025-10-04T14:11:00,57.6,62.6,394.1,0.187,0
2025-10-04T14:12:00,53.26,60.53,404.9,0.172,0
2025-10-04T14:13:00,49.85,62.32,432.3,0.236,0
2025-10-04T14:14:00,53.64,61.63,390.9,0.292,0
2025-10-04T14:15:00,57.51,64.68,419.8,0.248,0
2025-10-04T14:16:00,50.74,61.67,406.2,0.257,0
2025-10-04T14:17:00,56.64,60.16,436.7,0.228,0
2025-10-04T14:18:00,47.07,64.92,403.5,0.139,0
2025-10-04T14:19:00,94.3,64.43,265.2,5.382,1
2025-10-04T14:20:00,48.07,65.09,413.1,0.304,0
2025-10-04T14:21:00,52.84,59.95,418.9,0.16,0
2025-10-04T14:22:00,50.6,59.6,390.1,0.215,0
2025-10-04T14:23:00,54.75,65.16,423.9,0.265,0
2025-10-04T14:24:00,48.39,59.29,381.9,0.237,0
2025-10-04T14:25:00,58.54,58.03,444.8,0.176,0
2025-10-04T14:26:00,51.78,61.43,394.4,0.224,0
2025-10-04T14:27:00,50.17,62.4,420.3,0.222,0
2025-10-04T14:28:00,49.11,59.13,389.0,0.167,0
2025-10-04T14:29:00,56.24,61.19,364.7,0.262,0
2025-10-04T14:30:00,50.12,62.1,420.0,0.266,0
2025-10-04T14:31:00,48.89,64.28,417.3,0.187,0
2025-10-04T14:32:00,55.53,66.53,394.3,0.206,0
2025-10-04T14:33:00,50.24,67.97,395.4,0.203,0
2025-10-04T14:34:00,53.49,59.22,408.0,0.243,0
2025-10-04T14:35:00,53.13,60.74,412.3,0.165,0
2025-10-04T14:36:00,48.87,64.48,397.9,0.259,0
2025-10-04T14:37:00,48.4,61.54,418.4,0.159,0
2025-10-04T14:38:00,51.24,63.46,411.7,0.239,0
2025-10-04T14:39:00,53.22,63.74,419.5,0.233,0
2025-10-04T14:40:00,52.99,61.97,430.7,0.247,0
2025-10-04T14:41:00,54.1,61.38,438.4,0.183,0
2025-10-04T14:42:00,50.38,62.55,428.4,0.175,0
2025-10-04T14:43:00,52.25,63.73,379.9,0.202,0
2025-10-04T14:44:00,51.34,65.29,394.5,0.136,0
2025-10-04T14:45:00,56.5,59.21,398.4,0.188,0
2025-10-04T14:46:00,53.67,62.16,412.5,0.245,0
2025-10-04T14:47:00,49.37,61.41,395.9,0.156,0
2025-10-04T14:48:00,54.11,61.02,397.9,0.148,0
2025-10-04T14:49:00,51.2,62.37,389.6,0.166,0
2025-10-04T14:50:00,55.59,64.59,385.7,0.117,0
2025-10-04T14:51:00,56.83,64.16,398.1,0.198,0
2025-10-04T14:52:00,54.22,62.39,365.1,0.237,0
2025-10-04T14:53:00,54.06,59.52,394.3,0.212,0
2025-10-04T14:54:00,50.09,63.71,404.2,0.238,0
2025-10-04T14:55:00,54.86,63.7,387.6,0.144,0
2025-10-04T14:56:00,55.07,66.28,436.7,0.172,0
2025-10-04T14:57:00,53.96,61.76,406.3,0.247,0
2025-10-04T14:58:00,49.34,60.14,371.2,0.143,0
2025-10-04T14:59:00,49.58,59.46,410.4,0.077,0
2025-10-04T15:00:00,48.93,59.91,399.6,0.116,0
2025-10-04T15:01:00,52.24,60.96,411.9,0.328,0
2025-10-04T15:02:00,53.07,57.94,356.7,0.155,0
2025-10-04T15:03:00,54.62,59.13,373.1,0.223,0
2025-10-04T15:04:00,48.21,60.84,411.6,0.282,0
2025-10-04T15:05:00,50.47,60.84,409.8,0.236,0
2025-10-04T15:06:00,51.15,57.4,362.9,0.149,0
2025-10-04T15:07:00,46.3,59.86,371.2,0.214,0
2025-10-04T15:08:00,57.57,62.97,389.2,0.144,0
2025-10-04T15:09:00,50.67,60.65,381.1,0.151,0
2025-10-04T15:10:00,52.21,61.67,377.7,0.113,0
2025-10-04T15:11:00,47.36,61.3,385.3,0.207,0
2025-10-04T15:12:00,44.87,59.52,405.6,0.251,0
2025-10-04T15:13:00,51.63,62.57,382.5,0.234,0
2025-10-04T15:14:00,50.82,60.38,385.2,0.223,0
2025-10-04T15:15:00,52.79,59.72,367.9,0.231,0
2025-10-04T15:16:00,51.85,61.83,394.6,0.178,0
2025-10-04T15:17:00,52.1,56.53,369.8,0.183,0
2025-10-04T15:18:00,49.52,60.7,388.4,0.154,0
2025-10-04T15:19:00,53.77,59.17,384.5,0.316,0
2025-10-04T15:20:00,46.54,60.17,417.4,0.203,0
2025-10-04T15:21:00,87.55,62.13,310.0,6.212,1
2025-10-04T15:22:00,49.44,59.39,377.9,0.251,0
2025-10-04T15:23:00,50.07,60.02,362.1,0.253,0
2025-10-04T15:24:00,45.53,63.12,368.9,0.157,0
2025-10-04T15:25:00,49.66,58.25,380.1,0.177,0
2025-10-04T15:26:00,49.37,62.88,389.4,0.218,0
2025-10-04T15:27:00,51.7,63.27,386.4,0.206,0
2025-10-04T15:28:00,50.51,57.31,380.3,0.196,0
2025-10-04T15:29:00,48.27,62.51,385.8,0.156,0
2025-10-04T15:30:00,48.84,60.24,367.0,0.149,0
2025-10-04T15:31:00,49.64,60.86,365.5,0.172,0
2025-10-04T15:32:00,55.81,59.38,382.8,0.183,0
2025-10-04T15:33:00,51.57,59.46,364.7,0.152,0
2025-10-04T15:34:00,53.33,59.12,361.6,0.231,0
2025-10-04T15:35:00,51.22,64.34,354.0,0.277,0
2025-10-04T15:36:00,50.12,58.83,382.6,0.183,0
2025-10-04T15:37:00,51.38,61.8,371.2,0.17,0
2025-10-04T15:38:00,48.23,62.2,398.2,0.228,0
2025-10-04T15:39:00,46.95,62.43,389.0,0.259,0
2025-10-04T15:40:00,51.11,59.05,391.6,0.152,0
2025-10-04T15:41:00,51.52,60.23,390.5,0.195,0
2025-10-04T15:42:00,53.26,62.21,353.3,0.144,0
2025-10-04T15:43:00,52.02,61.75,404.1,0.202,0
2025-10-04T15:44:00,48.1,61.31,377.8,0.201,0
2025-10-04T15:45:00,48.96,62.85,360.4,0.262,0
2025-10-04T15:46:00,53.23,61.56,375.9,0.177,0
2025-10-04T15:47:00,49.33,65.05,335.7,0.207,0
2025-10-04T15:48:00,49.49,62.71,388.2,0.247,0
2025-10-04T15:49:00,51.11,59.03,402.7,0.118,0
2025-10-04T15:50:00,51.35,63.25,392.7,0.192,0
2025-10-04T15:51:00,47.31,60.61,390.3,0.343,0
2025-10-04T15:52:00,86.65,64.35,477.9,3.446,1
2025-10-04T15:53:00,48.55,60.72,387.8,0.227,0
2025-10-04T15:54:00,49.74,60.64,391.5,0.229,0
2025-10-04T15:55:00,50.62,60.7,410.2,0.194,0
2025-10-04T15:56:00,52.09,60.71,364.9,0.165,0
2025-10-04T15:57:00,51.23,60.57,380.0,0.202,0
2025-10-04T15:58:00,53.36,60.24,378.2,0.256,0
2025-10-04T15:59:00,51.26,60.07,393.3,0.245,0
2025-10-04T16:00:00,47.49,57.1,354.3,0.242,0
2025-10-04T16:01:00,52.19,58.36,356.2,0.202,0
2025-10-04T16:02:00,90.56,62.53,273.2,5.872,1
2025-10-04T16:03:00,49.39,61.63,347.8,0.168,0
2025-10-04T16:04:00,49.24,61.75,376.4,0.233,0
2025-10-04T16:05:00,47.04,55.93,378.2,0.203,0
2025-10-04T16:06:00,46.63,58.4,313.9,0.127,0
2025-10-04T16:07:00,44.58,59.79,366.6,0.254,0
2025-10-04T16:08:00,88.26,60.2,484.8,5.854,1
2025-10-04T16:09:00,47.28,55.61,367.7,0.217,0
2025-10-04T16:10:00,47.54,59.18,326.3,0.174,0
2025-10-04T16:11:00,48.99,58.7,391.0,0.174,0
2025-10-04T16:12:00,43.93,58.45,335.8,0.26,0
2025-10-04T16:13:00,47.77,57.19,365.3,0.186,0
2025-10-04T16:14:00,44.94,57.47,388.5,0.247,0
2025-10-04T16:15:00,46.03,58.14,371.8,0.129,0
2025-10-04T16:16:00,44.01,58.7,331.0,0.216,0
2025-10-04T16:17:00,49.14,60.96,370.0,0.221,0
2025-10-04T16:18:00,53.07,59.52,342.7,0.104,0
2025-10-04T16:19:00,45.79,58.44,383.9,0.278,0
2025-10-04T16:20:00,49.54,63.95,341.7,0.125,0
2025-10-04T16:21:00,46.02,60.76,358.9,0.229,0
2025-10-04T16:22:00,43.63,61.67,356.3,0.222,0
2025-10-04T16:23:00,39.2,59.32,381.8,0.151,0
2025-10-04T16:24:00,52.62,59.56,348.3,0.18,0
2025-10-04T16:25:00,47.05,58.31,355.2,0.2,0
2025-10-04T16:26:00,98.87,60.15,484.7,7.32,1
2025-10-04T16:27:00,42.09,59.49,357.4,0.107,0
2025-10-04T16:28:00,50.43,60.13,323.3,0.14,0
2025-10-04T16:29:00,85.66,59.46,403.7,7.98,1
2025-10-04T16:30:00,50.29,56.94,343.8,0.227,0
2025-10-04T16:31:00,81.31,59.71,410.4,3.33,1
2025-10-04T16:32:00,45.81,61.46,384.4,0.293,0
2025-10-04T16:33:00,47.35,55.2,354.1,0.206,0
2025-10-04T16:34:00,43.4,57.08,337.3,0.177,0
2025-10-04T16:35:00,48.07,59.85,341.8,0.267,0
2025-10-04T16:36:00,43.68,59.94,368.0,0.213,0
2025-10-04T16:37:00,47.71,57.93,381.6,0.195,0
2025-10-04T16:38:00,49.6,57.59,361.9,0.261,0
2025-10-04T16:39:00,47.56,61.7,355.7,0.198,0
2025-10-04T16:40:00,45.73,62.15,357.3,0.178,0
2025-10-04T16:41:00,48.12,57.85,334.0,0.196,0
2025-10-04T16:42:00,48.54,61.98,311.7,0.15,0
2025-10-04T16:43:00,47.85,60.04,349.5,0.155,0
2025-10-04T16:44:00,46.76,57.93,353.8,0.181,0
2025-10-04T16:45:00,48.66,58.07,350.7,0.186,0
2025-10-04T16:46:00,45.82,59.63,343.3,0.266,0
2025-10-04T16:47:00,46.4,61.93,338.8,0.248,0
2025-10-04T16:48:00,47.95,60.12,406.8,0.209,0
2025-10-04T16:49:00,44.66,55.42,333.5,0.255,0
2025-10-04T16:50:00,45.41,56.67,323.9,0.183,0
2025-10-04T16:51:00,43.8,61.01,356.1,0.178,0
2025-10-04T16:52:00,50.94,59.45,403.1,0.225,0
2025-10-04T16:53:00,48.24,58.31,350.1,0.215,0
2025-10-04T16:54:00,42.59,57.15,378.1,0.192,0
2025-10-04T16:55:00,50.77,55.13,360.3,0.286,0
2025-10-04T16:56:00,41.82,56.73,359.4,0.246,0
2025-10-04T16:57:00,44.99,61.42,366.7,0.214,0
2025-10-04T16:58:00,48.77,61.35,361.5,0.246,0
2025-10-04T16:59:00,46.36,54.56,374.8,0.179,0
2025-10-04T17:00:00,39.07,55.49,340.0,0.243,0
2025-10-04T17:01:00,45.03,55.56,301.4,0.226,0
2025-10-04T17:02:00,41.4,57.79,336.8,0.187,0
2025-10-04T17:03:00,41.78,56.61,357.1,0.102,0
2025-10-04T17:04:00,47.73,56.63,324.3,0.151,0
2025-10-04T17:05:00,48.16,57.78,309.7,0.215,0
2025-10-04T17:06:00,44.95,56.01,344.5,0.152,0
2025-10-04T17:07:00,39.79,59.28,311.5,0.186,0
2025-10-04T17:08:00,40.0,57.69,315.3,0.231,0
2025-10-04T17:09:00,39.2,57.38,326.9,0.246,0
2025-10-04T17:10:00,48.6,58.61,324.8,0.218,0
2025-10-04T17:11:00,43.88,58.14,301.5,0.118,0
2025-10-04T17:12:00,47.66,59.16,311.2,0.269,0
2025-10-04T17:13:00,46.7,57.1,344.5,0.116,0
2025-10-04T17:14:00,45.54,55.68,308.5,0.181,0
2025-10-04T17:15:00,41.74,56.94,312.0,0.361,0
2025-10-04T17:16:00,43.51,55.36,305.2,0.201,0
2025-10-04T17:17:00,42.03,55.13,329.6,0.179,0
2025-10-04T17:18:00,45.16,58.55,356.3,0.136,0
2025-10-04T17:19:00,43.0,58.5,334.4,0.192,0
2025-10-04T17:20:00,46.47,56.62,335.4,0.156,0
2025-10-04T17:21:00,42.99,58.18,328.0,0.203,0
2025-10-04T17:22:00,45.92,53.02,320.1,0.255,0
2025-10-04T17:23:00,50.29,62.36,329.7,0.282,0
2025-10-04T17:24:00,43.1,60.75,322.9,0.104,0
2025-10-04T17:25:00,36.62,55.74,345.2,0.176,0
2025-10-04T17:26:00,46.04,57.29,304.1,0.245,0
2025-10-04T17:27:00,42.65,59.69,289.0,0.221,0
2025-10-04T17:28:00,40.89,54.98,343.0,0.118,0
2025-10-04T17:29:00,46.64,58.82,334.0,0.256,0
2025-10-04T17:30:00,45.15,55.6,306.5,0.154,0
2025-10-04T17:31:00,42.49,56.62,319.9,0.301,0
2025-10-04T17:32:00,46.96,56.52,325.5,0.186,0
2025-10-04T17:33:00,47.9,55.35,342.0,0.212,0
2025-10-04T17:34:00,45.86,56.9,316.7,0.278,0
2025-10-04T17:35:00,46.29,56.84,320.1,0.103,0
2025-10-04T17:36:00,44.94,55.63,347.8,0.235,0
2025-10-04T17:37:00,46.17,53.12,346.1,0.119,0
2025-10-04T17:38:00,39.04,58.42,329.5,0.176,0
2025-10-04T17:39:00,47.14,60.15,344.7,0.196,0
2025-10-04T17:40:00,47.44,57.22,316.9,0.262,0
2025-10-04T17:41:00,45.12,58.49,342.9,0.169,0
2025-10-04T17:42:00,43.52,61.63,349.2,0.219,0
2025-10-04T17:43:00,44.76,60.84,358.3,0.203,0
2025-10-04T17:44:00,49.7,58.36,355.5,0.159,0
2025-10-04T17:45:00,42.99,55.05,328.1,0.208,0
2025-10-04T17:46:00,41.0,55.33,349.1,0.215,0
2025-10-04T17:47:00,48.97,56.97,334.5,0.113,0
2025-10-04T17:48:00,48.51,52.25,349.0,0.247,0
2025-10-04T17:49:00,41.31,56.22,374.9,0.233,0
2025-10-04T17:50:00,38.6,59.2,310.6,0.225,0
2025-10-04T17:51:00,45.15,57.1,313.0,0.203,0
2025-10-04T17:52:00,44.52,56.75,314.3,0.108,0
2025-10-04T17:53:00,39.83,57.51,358.9,0.191,0
2025-10-04T17:54:00,43.6,56.52,338.1,0.235,0
2025-10-04T17:55:00,43.5,60.48,322.1,0.1,0
2025-10-04T17:56:00,48.11,60.35,347.7,0.188,0
2025-10-04T17:57:00,40.2,56.34,306.5,0.31,0
2025-10-04T17:58:00,42.48,54.0,322.3,0.213,0
2025-10-04T17:59:00,46.92,57.94,332.9,0.198,0
2025-10-04T18:00:00,36.8,54.03,290.9,0.191,0
2025-10-04T18:01:00,44.58,55.1,294.0,0.259,0
2025-10-04T18:02:00,39.17,52.42,303.8,0.228,0
2025-10-04T18:03:00,36.19,53.9,311.5,0.109,0
2025-10-04T18:04:00,40.44,56.69,306.8,0.193,0
2025-10-04T18:05:00,36.75,54.99,279.6,0.197,0
2025-10-04T18:06:00,38.5,56.14,306.5,0.242,0
2025-10-04T18:07:00,38.63,55.15,286.0,0.118,0
2025-10-04T18:08:00,35.48,55.29,337.1,0.209,0
2025-10-04T18:09:00,35.42,58.35,311.9,0.234,0
2025-10-04T18:10:00,41.37,57.26,291.3,0.111,0
2025-10-04T18:11:00,42.98,56.28,312.1,0.225,0
2025-10-04T18:12:00,42.91,57.88,310.6,0.182,0
2025-10-04T18:13:00,69.92,53.34,476.1,3.627,1
2025-10-04T18:14:00,38.76,58.05,294.2,0.223,0
2025-10-04T18:15:00,39.43,55.01,278.8,0.266,0
2025-10-04T18:16:00,38.52,54.37,312.8,0.127,0
2025-10-04T18:17:00,37.05,58.29,305.0,0.364,0
2025-10-04T18:18:00,39.12,57.76,268.0,0.157,0
2025-10-04T18:19:00,38.2,51.35,297.3,0.232,0
2025-10-04T18:20:00,78.59,58.02,292.5,3.666,1
2025-10-04T18:21:00,44.82,56.88,322.1,0.127,0
2025-10-04T18:22:00,38.12,53.68,286.1,0.279,0
2025-10-04T18:23:00,40.47,53.73,285.3,0.216,0
2025-10-04T18:24:00,38.89,54.62,327.2,0.265,0
2025-10-04T18:25:00,41.64,50.83,314.8,0.308,0
2025-10-04T18:26:00,39.84,54.28,276.1,0.337,0
2025-10-04T18:27:00,37.07,52.26,317.6,0.282,0
2025-10-04T18:28:00,32.87,58.37,314.0,0.197,0
2025-10-04T18:29:00,36.21,55.01,277.9,0.184,0
2025-10-04T18:30:00,74.21,54.08,106.5,4.828,1
2025-10-04T18:31:00,33.51,54.12,316.7,0.164,0
2025-10-04T18:32:00,41.29,53.74,291.6,0.172,0
2025-10-04T18:33:00,39.48,56.78,278.5,0.117,0
2025-10-04T18:34:00,32.86,54.31,283.4,0.155,0
2025-10-04T18:35:00,34.48,55.88,270.3,0.273,0
2025-10-04T18:36:00,45.57,54.16,296.7,0.231,0
2025-10-04T18:37:00,42.92,56.75,309.5,0.256,0
2025-10-04T18:38:00,42.69,55.49,298.6,0.292,0
2025-10-04T18:39:00,39.55,57.84,306.2,0.207,0
2025-10-04T18:40:00,37.2,55.12,300.2,0.266,0
2025-10-04T18:41:00,39.93,55.95,294.3,0.186,0
2025-10-04T18:42:00,41.13,55.31,299.7,0.167,0
2025-10-04T18:43:00,39.18,56.76,293.9,0.119,0
2025-10-04T18:44:00,38.33,54.95,300.8,0.17,0
2025-10-04T18:45:00,39.49,53.26,302.7,0.182,0
2025-10-04T18:46:00,40.85,54.93,295.6,0.158,0
2025-10-04T18:47:00,41.41,52.14,304.2,0.118,0
2025-10-04T18:48:00,37.85,56.8,291.3,0.171,0
2025-10-04T18:49:00,47.15,52.11,297.9,0.237,0
2025-10-04T18:50:00,41.43,55.68,302.9,0.246,0
2025-10-04T18:51:00,42.25,57.31,298.2,0.22,0
2025-10-04T18:52:00,42.08,53.19,251.2,0.132,0
2025-10-04T18:53:00,41.51,56.89,275.9,0.144,0
2025-10-04T18:54:00,42.83,55.13,294.5,0.189,0
2025-10-04T18:55:00,40.65,57.13,305.9,0.191,0
2025-10-04T18:56:00,47.7,55.41,310.6,0.231,0
2025-10-04T18:57:00,39.8,52.31,301.9,0.185,0
2025-10-04T18:58:00,32.7,57.08,328.4,0.242,0
2025-10-04T18:59:00,38.95,54.09,289.5,0.165,0
2025-10-04T19:00:00,39.15,52.53,257.4,0.187,0
2025-10-04T19:01:00,34.57,52.39,262.7,0.212,0
2025-10-04T19:02:00,45.0,53.58,264.5,0.255,0
2025-10-04T19:03:00,37.67,53.1,287.1,0.196,0
2025-10-04T19:04:00,34.84,56.27,256.8,0.33,0
2025-10-04T19:05:00,35.65,54.47,280.3,0.225,0
2025-10-04T19:06:00,39.66,51.59,282.2,0.183,0
2025-10-04T19:07:00,73.11,51.96,183.7,7.867,1
2025-10-04T19:08:00,39.86,51.72,264.1,0.18,0
2025-10-04T19:09:00,39.25,55.12,244.9,0.185,0
2025-10-04T19:10:00,31.41,52.82,302.0,0.118,0
2025-10-04T19:11:00,34.76,51.64,249.8,0.24,0
2025-10-04T19:12:00,41.77,53.56,257.5,0.237,0
2025-10-04T19:13:00,35.5,51.54,244.8,0.172,0
2025-10-04T19:14:00,38.41,52.3,237.7,0.11,0
2025-10-04T19:15:00,33.1,52.58,211.8,0.248,0
2025-10-04T19:16:00,39.07,57.39,274.8,0.186,0
2025-10-04T19:17:00,35.33,52.97,303.4,0.072,0
2025-10-04T19:18:00,35.27,52.88,244.4,0.202,0
2025-10-04T19:19:00,32.1,48.04,237.8,0.176,0
2025-10-04T19:20:00,37.82,52.33,275.1,0.175,0
2025-10-04T19:21:00,35.08,54.6,240.5,0.193,0
2025-10-04T19:22:00,38.43,52.87,260.9,0.243,0
2025-10-04T19:23:00,38.63,53.95,261.1,0.21,0
2025-10-04T19:24:00,34.01,50.82,253.7,0.238,0
2025-10-04T19:25:00,36.8,51.35,298.6,0.263,0
2025-10-04T19:26:00,34.64,53.35,305.0,0.159,0
2025-10-04T19:27:00,34.13,51.35,278.0,0.216,0
2025-10-04T19:28:00,36.88,54.48,245.8,0.212,0
2025-10-04T19:29:00,37.67,51.66,261.4,0.221,0
2025-10-04T19:30:00,34.28,51.73,264.1,0.213,0
2025-10-04T19:31:00,30.34,49.65,255.3,0.161,0
2025-10-04T19:32:00,33.18,56.54,292.2,0.217,0
2025-10-04T19:33:00,33.61,54.56,261.9,0.215,0
2025-10-04T19:34:00,31.66,54.91,271.5,0.215,0
2025-10-04T19:35:00,40.68,56.19,246.3,0.176,0
2025-10-04T19:36:00,32.09,53.6,302.3,0.206,0
2025-10-04T19:37:00,37.87,51.01,296.9,0.149,0
2025-10-04T19:38:00,37.7,51.6,257.1,0.219,0
2025-10-04T19:39:00,39.87,53.3,271.9,0.218,0
2025-10-04T19:40:00,32.74,51.97,283.9,0.293,0
2025-10-04T19:41:00,38.61,54.09,269.5,0.251,0
2025-10-04T19:42:00,38.11,52.45,273.4,0.244,0
2025-10-04T19:43:00,39.89,54.68,285.6,0.23,0
2025-10-04T19:44:00,37.46,51.35,291.8,0.256,0
2025-10-04T19:45:00,35.56,54.84,265.1,0.256,0
2025-10-04T19:46:00,35.41,55.56,260.1,0.208,0
2025-10-04T19:47:00,33.9,50.53,247.2,0.229,0
2025-10-04T19:48:00,38.74,51.57,262.3,0.125,0
2025-10-04T19:49:00,37.76,54.59,265.2,0.153,0
2025-10-04T19:50:00,31.65,54.07,301.3,0.173,0
2025-10-04T19:51:00,36.31,55.89,265.7,0.244,0
2025-10-04T19:52:00,42.01,52.41,270.7,0.138,0
2025-10-04T19:53:00,34.51,54.13,256.7,0.186,0
2025-10-04T19:54:00,33.58,54.56,297.6,0.176,0
2025-10-04T19:55:00,42.7,54.1,264.5,0.203,0
2025-10-04T19:56:00,39.1,52.74,249.9,0.177,0
2025-10-04T19:57:00,36.57,50.52,270.7,0.233,0
2025-10-04T19:58:00,38.33,52.0,276.4,0.098,0
2025-10-04T19:59:00,30.68,53.22,295.7,0.169,0
2025-10-04T20:00:00,32.89,50.51,218.7,0.266,0
2025-10-04T20:01:00,30.13,50.96,252.3,0.121,0
2025-10-04T20:02:00,31.86,53.03,207.3,0.23,0
2025-10-04T20:03:00,33.13,49.96,245.6,0.241,0
2025-10-04T20:04:00,38.09,53.48,251.1,0.219,0
2025-10-04T20:05:00,34.89,50.61,242.8,0.229,0
2025-10-04T20:06:00,34.1,51.16,266.7,0.173,0
2025-10-04T20:07:00,31.64,46.8,274.5,0.236,0
2025-10-04T20:08:00,35.81,49.61,299.2,0.15,0
2025-10-04T20:09:00,34.19,51.86,222.0,0.123,0
2025-10-04T20:10:00,33.11,51.59,214.7,0.209,0
2025-10-04T20:11:00,31.09,51.49,211.2,0.083,0
2025-10-04T20:12:00,31.79,49.79,229.9,0.202,0
2025-10-04T20:13:00,35.8,48.02,227.7,0.228,0
2025-10-04T20:14:00,31.45,48.63,237.0,0.187,0
2025-10-04T20:15:00,27.72,49.7,251.4,0.251,0
2025-10-04T20:16:00,33.01,49.73,247.5,0.228,0
2025-10-04T20:17:00,32.5,52.92,254.9,0.174,0
2025-10-04T20:18:00,37.01,54.36,250.9,0.202,0
2025-10-04T20:19:00,28.52,49.15,241.0,0.16,0
2025-10-04T20:20:00,37.27,50.44,235.1,0.191,0
2025-10-04T20:21:00,33.85,51.14,233.6,0.221,0
2025-10-04T20:22:00,31.84,50.11,235.7,0.195,0
2025-10-04T20:23:00,36.11,52.68,199.5,0.171,0
2025-10-04T20:24:00,29.27,46.71,265.3,0.124,0
2025-10-04T20:25:00,27.61,48.87,235.4,0.167,0
2025-10-04T20:26:00,37.3,50.02,264.5,0.237,0
2025-10-04T20:27:00,30.23,52.57,261.9,0.315,0
2025-10-04T20:28:00,33.4,52.94,217.5,0.162,0
2025-10-04T20:29:00,28.37,50.85,252.1,0.155,0
2025-10-04T20:30:00,36.31,53.75,212.6,0.221,0
2025-10-04T20:31:00,32.36,49.86,213.4,0.191,0
2025-10-04T20:32:00,27.47,51.03,281.2,0.223,0
2025-10-04T20:33:00,39.8,52.85,247.5,0.219,0
2025-10-04T20:34:00,35.6,50.0,232.7,0.239,0
2025-10-04T20:35:00,33.54,49.22,215.5,0.282,0
2025-10-04T20:36:00,30.72,48.64,201.9,0.282,0
2025-10-04T20:37:00,27.81,54.26,271.0,0.202,0
2025-10-04T20:38:00,34.26,46.38,250.0,0.217,0
2025-10-04T20:39:00,31.91,50.7,244.5,0.211,0
2025-10-04T20:40:00,32.22,49.93,239.7,0.147,0
2025-10-04T20:41:00,31.42,47.56,269.8,0.125,0
2025-10-04T20:42:00,35.7,50.5,231.4,0.195,0
2025-10-04T20:43:00,33.45,52.88,232.6,0.197,0
2025-10-04T20:44:00,29.42,54.44,246.3,0.184,0
2025-10-04T20:45:00,27.68,48.36,248.1,0.158,0
2025-10-04T20:46:00,36.47,53.03,252.2,0.228,0
2025-10-04T20:47:00,27.7,48.99,248.4,0.221,0
2025-10-04T20:48:00,32.38,53.13,263.8,0.187,0
2025-10-04T20:49:00,28.49,52.48,243.1,0.141,0
2025-10-04T20:50:00,27.11,50.83,247.3,0.184,0
2025-10-04T20:51:00,39.67,52.48,276.7,0.212,0
2025-10-04T20:52:00,33.65,50.86,228.4,0.179,0
2025-10-04T20:53:00,32.26,51.32,246.6,0.203,0
2025-10-04T20:54:00,33.96,51.88,229.5,0.174,0
2025-10-04T20:55:00,34.24,49.18,220.2,0.206,0
2025-10-04T20:56:00,28.39,52.45,242.5,0.182,0
2025-10-04T20:57:00,36.2,46.33,239.2,0.213,0
2025-10-04T20:58:00,30.19,51.13,267.1,0.244,0
2025-10-04T20:59:00,31.1,51.09,267.1,0.194,0
2025-10-04T21:00:00,28.0,50.1,215.9,0.178,0
2025-10-04T21:01:00,31.66,47.22,206.4,0.226,0
2025-10-04T21:02:00,31.22,48.03,177.7,0.261,0
2025-10-04T21:03:00,29.01,50.71,223.6,0.218,0
2025-10-04T21:04:00,32.1,47.31,190.4,0.194,0
2025-10-04T21:05:00,31.69,49.76,234.4,0.231,0
2025-10-04T21:06:00,32.81,47.31,193.9,0.167,0
2025-10-04T21:07:00,35.27,48.31,230.8,0.233,0
2025-10-04T21:08:00,23.16,56.77,217.4,0.191,0
2025-10-04T21:09:00,29.13,49.37,205.9,0.166,0
2025-10-04T21:10:00,24.68,51.56,193.7,0.171,0
2025-10-04T21:11:00,32.78,47.84,254.8,0.262,0
2025-10-04T21:12:00,25.85,48.72,270.0,0.231,0
2025-10-04T21:13:00,33.17,47.06,194.3,0.119,0
2025-10-04T21:14:00,32.21,50.24,189.8,0.177,0
2025-10-04T21:15:00,34.06,48.09,219.8,0.057,0
2025-10-04T21:16:00,31.85,49.37,221.1,0.255,0
2025-10-04T21:17:00,27.19,48.99,214.7,0.248,0
2025-10-04T21:18:00,25.24,48.34,217.8,0.24,0
2025-10-04T21:19:00,28.04,53.03,239.6,0.201,0
2025-10-04T21:20:00,32.44,49.49,178.9,0.264,0
2025-10-04T21:21:00,27.98,50.39,188.7,0.171,0
2025-10-04T21:22:00,31.42,47.76,172.4,0.209,0
2025-10-04T21:23:00,27.71,50.5,218.5,0.165,0
2025-10-04T21:24:00,25.48,48.54,228.8,0.184,0
2025-10-04T21:25:00,26.79,47.39,238.1,0.208,0
2025-10-04T21:26:00,27.05,48.85,174.6,0.191,0
2025-10-04T21:27:00,27.2,49.28,205.6,0.227,0
2025-10-04T21:28:00,30.68,46.57,223.2,0.133,0
2025-10-04T21:29:00,27.81,48.05,197.2,0.222,0
2025-10-04T21:30:00,32.42,50.13,197.1,0.068,0
2025-10-04T21:31:00,29.41,51.68,213.8,0.242,0
2025-10-04T21:32:00,26.33,52.89,223.3,0.178,0
2025-10-04T21:33:00,29.9,49.43,235.5,0.149,0
2025-10-04T21:34:00,34.15,50.58,214.5,0.106,0
2025-10-04T21:35:00,33.49,53.44,186.0,0.215,0
2025-10-04T21:36:00,31.35,48.92,231.0,0.188,0
2025-10-04T21:37:00,33.92,50.37,218.9,0.289,0
2025-10-04T21:38:00,30.33,47.33,202.3,0.212,0
2025-10-04T21:39:00,30.95,53.66,245.2,0.206,0
2025-10-04T21:40:00,27.87,48.53,194.2,0.21,0
2025-10-04T21:41:00,32.67,44.2,217.0,0.22,0
2025-10-04T21:42:00,33.6,47.02,193.5,0.225,0
2025-10-04T21:43:00,29.62,48.36,221.7,0.266,0
2025-10-04T21:44:00,30.65,49.41,235.7,0.172,0
2025-10-04T21:45:00,27.67,49.08,207.7,0.157,0
2025-10-04T21:46:00,28.95,52.0,196.1,0.237,0
2025-10-04T21:47:00,28.79,47.6,234.3,0.212,0
2025-10-04T21:48:00,27.45,52.76,213.7,0.158,0
2025-10-04T21:49:00,27.81,50.07,185.7,0.112,0
2025-10-04T21:50:00,34.97,48.21,172.1,0.265,0
2025-10-04T21:51:00,30.54,48.48,214.2,0.253,0
2025-10-04T21:52:00,29.22,49.85,229.2,0.283,0
2025-10-04T21:53:00,28.83,52.23,217.9,0.223,0
2025-10-04T21:54:00,30.19,48.69,251.0,0.135,0
2025-10-04T21:55:00,31.0,49.53,183.1,0.217,0
2025-10-04T21:56:00,29.95,49.47,255.2,0.285,0
2025-10-04T21:57:00,29.72,46.06,211.9,0.229,0
2025-10-04T21:58:00,28.84,50.45,231.1,0.212,0
2025-10-04T21:59:00,26.45,48.98,189.0,0.25,0
2025-10-04T22:00:00,29.75,48.54,209.5,0.171,0
2025-10-04T22:01:00,27.21,48.11,193.5,0.166,0
2025-10-04T22:02:00,23.66,51.85,227.7,0.192,0
2025-10-04T22:03:00,25.71,45.48,176.9,0.24,0
2025-10-04T22:04:00,27.5,48.6,163.9,0.297,0
2025-10-04T22:05:00,27.45,47.2,223.8,0.195,0
2025-10-04T22:06:00,28.68,51.63,198.2,0.214,0
2025-10-04T22:07:00,29.04,48.42,175.9,0.178,0
2025-10-04T22:08:00,29.07,50.83,182.6,0.162,0
2025-10-04T22:09:00,20.56,51.69,145.8,0.161,0
2025-10-04T22:10:00,24.55,45.32,204.4,0.156,0
2025-10-04T22:11:00,24.76,48.42,184.3,0.174,0
2025-10-04T22:12:00,26.27,47.15,208.3,0.137,0
2025-10-04T22:13:00,24.1,47.6,213.3,0.276,0
2025-10-04T22:14:00,27.5,45.31,212.0,0.285,0
2025-10-04T22:15:00,29.87,52.2,220.6,0.159,0
2025-10-04T22:16:00,27.97,49.77,203.2,0.166,0
2025-10-04T22:17:00,26.67,47.12,187.9,0.233,0
2025-10-04T22:18:00,23.93,46.14,243.2,0.146,0
2025-10-04T22:19:00,30.91,49.32,192.5,0.213,0
2025-10-04T22:20:00,58.38,50.79,350.2,6.138,1
2025-10-04T22:21:00,22.15,50.82,174.2,0.285,0
2025-10-04T22:22:00,30.65,51.41,201.8,0.154,0
2025-10-04T22:23:00,28.59,46.71,221.3,0.261,0
2025-10-04T22:24:00,28.12,50.93,231.9,0.136,0
2025-10-04T22:25:00,33.13,50.25,169.6,0.186,0
2025-10-04T22:26:00,27.29,49.28,205.8,0.147,0
2025-10-04T22:27:00,32.03,47.92,173.1,0.29,0
2025-10-04T22:28:00,26.11,50.39,208.2,0.287,0
2025-10-04T22:29:00,26.76,50.49,196.5,0.215,0
2025-10-04T22:30:00,27.03,46.14,216.0,0.301,0
2025-10-04T22:31:00,26.78,44.2,169.0,0.284,0
2025-10-04T22:32:00,27.95,50.73,200.0,0.208,0
2025-10-04T22:33:00,22.89,46.14,190.3,0.179,0
2025-10-04T22:34:00,27.76,46.7,174.8,0.156,0
2025-10-04T22:35:00,30.13,49.17,183.6,0.134,0
2025-10-04T22:36:00,26.22,47.94,206.5,0.121,0
2025-10-04T22:37:00,29.77,51.53,179.7,0.245,0
2025-10-04T22:38:00,26.81,49.11,161.6,0.174,0
2025-10-04T22:39:00,32.35,48.94,217.9,0.147,0
2025-10-04T22:40:00,25.81,46.22,192.3,0.232,0
2025-10-04T22:41:00,29.43,48.43,213.0,0.165,0
2025-10-04T22:42:00,27.97,49.64,186.0,0.225,0
2025-10-04T22:43:00,18.76,53.62,188.7,0.199,0
2025-10-04T22:44:00,24.58,48.48,178.6,0.208,0
2025-10-04T22:45:00,27.61,44.42,213.4,0.173,0
2025-10-04T22:46:00,25.85,51.52,178.7,0.133,0
2025-10-04T22:47:00,26.87,45.28,183.6,0.253,0
2025-10-04T22:48:00,26.52,47.31,204.3,0.154,0
2025-10-04T22:49:00,28.27,46.04,179.7,0.168,0
2025-10-04T22:50:00,31.88,48.85,188.0,0.178,0
2025-10-04T22:51:00,28.3,46.45,197.0,0.178,0
2025-10-04T22:52:00,26.18,46.77,186.0,0.166,0
2025-10-04T22:53:00,28.0,49.82,221.2,0.183,0
2025-10-04T22:54:00,27.17,47.9,191.6,0.177,0
2025-10-04T22:55:00,21.36,49.76,197.0,0.225,0
2025-10-04T22:56:00,29.94,52.49,194.6,0.178,0
2025-10-04T22:57:00,21.74,46.48,227.5,0.255,0
2025-10-04T22:58:00,28.35,46.97,199.7,0.313,0
2025-10-04T22:59:00,25.43,46.08,174.0,0.216,0
2025-10-04T23:00:00,27.3,45.81,202.9,0.243,0
2025-10-04T23:01:00,24.74,45.92,230.5,0.215,0
2025-10-04T23:02:00,20.29,48.31,185.7,0.14,0
2025-10-04T23:03:00,27.63,47.12,158.3,0.03,0
2025-10-04T23:04:00,27.13,47.78,168.5,0.211,0
2025-10-04T23:05:00,20.43,44.18,205.7,0.126,0
2025-10-04T23:06:00,30.43,46.33,180.2,0.223,0
2025-10-04T23:07:00,21.69,45.22,168.7,0.189,0
2025-10-04T23:08:00,28.69,44.6,197.6,0.133,0
2025-10-04T23:09:00,26.71,45.85,157.7,0.201,0
2025-10-04T23:10:00,27.11,49.31,198.9,0.262,0
2025-10-04T23:11:00,29.03,46.31,165.2,0.128,0
2025-10-04T23:12:00,27.61,43.4,179.6,0.163,0
2025-10-04T23:13:00,26.62,48.51,221.4,0.157,0
2025-10-04T23:14:00,25.56,47.46,186.4,0.146,0
2025-10-04T23:15:00,24.84,44.6,173.8,0.076,0
2025-10-04T23:16:00,22.0,48.58,207.0,0.144,0
2025-10-04T23:17:00,20.14,45.57,204.4,0.173,0
2025-10-04T23:18:00,23.03,47.84,193.5,0.145,0
2025-10-04T23:19:00,24.48,46.88,192.3,0.077,0
2025-10-04T23:20:00,29.31,47.42,205.2,0.122,0
2025-10-04T23:21:00,27.73,45.67,145.0,0.173,0
2025-10-04T23:22:00,29.3,44.27,169.2,0.189,0
2025-10-04T23:23:00,27.26,46.43,192.2,0.225,0
2025-10-04T23:24:00,26.1,46.36,186.0,0.251,0
2025-10-04T23:25:00,24.17,46.27,204.8,0.154,0
2025-10-04T23:26:00,27.91,46.92,197.3,0.179,0
2025-10-04T23:27:00,19.86,45.37,177.7,0.212,0
2025-10-04T23:28:00,27.33,46.31,211.9,0.161,0
2025-10-04T23:29:00,23.99,48.0,180.0,0.192,0
2025-10-04T23:30:00,32.83,47.69,202.1,0.144,0
2025-10-04T23:31:00,27.05,49.94,172.3,0.301,0
2025-10-04T23:32:00,23.49,48.62,183.7,0.141,0
2025-10-04T23:33:00,24.11,45.46,198.1,0.35,0
2025-10-04T23:34:00,22.13,41.95,189.1,0.195,0
2025-10-04T23:35:00,29.54,47.61,188.6,0.302,0
2025-10-04T23:36:00,23.65,45.38,200.0,0.288,0
2025-10-04T23:37:00,25.4,50.14,191.3,0.088,0
2025-10-04T23:38:00,30.69,44.92,182.0,0.189,0
2025-10-04T23:39:00,21.32,47.37,150.8,0.143,0
2025-10-04T23:40:00,21.55,46.63,161.9,0.19,0
2025-10-04T23:41:00,30.99,47.94,148.1,0.103,0
2025-10-04T23:42:00,25.77,45.43,171.5,0.167,0
2025-10-04T23:43:00,28.92,45.17,171.2,0.163,0
2025-10-04T23:44:00,26.97,50.31,185.6,0.267,0
2025-10-04T23:45:00,31.9,48.47,160.7,0.077,0
2025-10-04T23:46:00,30.97,45.74,182.2,0.169,0
2025-10-04T23:47:00,25.09,48.05,173.3,0.115,0
2025-10-04T23:48:00,23.1,52.61,160.1,0.246,0
2025-10-04T23:49:00,27.65,51.1,167.1,0.148,0
2025-10-04T23:50:00,21.27,46.8,199.5,0.216,0
2025-10-04T23:51:00,21.67,48.01,207.8,0.242,0
2025-10-04T23:52:00,24.27,50.26,194.6,0.206,0
2025-10-04T23:53:00,27.21,45.13,179.8,0.243,0
2025-10-04T23:54:00,24.8,46.73,157.1,0.105,0
2025-10-04T23:55:00,24.87,47.82,206.6,0.217,0
2025-10-04T23:56:00,21.81,48.28,185.2,0.168,0
2025-10-04T23:57:00,27.43,46.38,183.3,0.143,0
2025-10-04T23:58:00,26.35,44.94,199.8,0.261,0
2025-10-04T23:59:00,22.43,47.91,183.1,0.22,0
2025-10-05T00:00:00,27.17,49.39,197.9,0.307,0
2025-10-05T00:01:00,24.63,47.61,165.3,0.238,0
2025-10-05T00:02:00,31.08,48.18,163.7,0.278,0
2025-10-05T00:03:00,26.22,45.19,187.3,0.189,0
2025-10-05T00:04:00,28.12,45.58,158.1,0.28,0
2025-10-05T00:05:00,24.76,48.71,192.1,0.175,0
2025-10-05T00:06:00,28.12,45.36,166.7,0.178,0
2025-10-05T00:07:00,25.95,45.26,176.9,0.209,0
2025-10-05T00:08:00,27.85,46.74,182.7,0.201,0
2025-10-05T00:09:00,24.62,45.94,190.8,0.17,0
2025-10-05T00:10:00,25.72,49.06,177.6,0.211,0
2025-10-05T00:11:00,22.36,47.42,186.7,0.224,0
2025-10-05T00:12:00,27.14,44.15,216.1,0.161,0
2025-10-05T00:13:00,20.55,47.43,196.9,0.246,0
2025-10-05T00:14:00,24.31,50.58,177.8,0.176,0
2025-10-05T00:15:00,23.35,47.99,192.9,0.257,0
2025-10-05T00:16:00,31.26,44.82,151.0,0.122,0
2025-10-05T00:17:00,25.91,46.24,188.1,0.194,0
2025-10-05T00:18:00,27.94,43.23,208.7,0.179,0
2025-10-05T00:19:00,20.07,46.14,179.4,0.176,0
2025-10-05T00:20:00,25.17,44.02,184.5,0.176,0
2025-10-05T00:21:00,24.72,47.39,177.1,0.22,0
2025-10-05T00:22:00,26.65,47.66,183.3,0.091,0
2025-10-05T00:23:00,24.2,45.99,165.2,0.273,0
2025-10-05T00:24:00,28.68,46.07,180.7,0.161,0
2025-10-05T00:25:00,25.58,49.13,171.6,0.249,0
2025-10-05T00:26:00,25.52,46.83,175.0,0.158,0
2025-10-05T00:27:00,22.76,47.57,176.4,0.166,0
2025-10-05T00:28:00,21.29,47.11,173.4,0.119,0
2025-10-05T00:29:00,23.83,43.15,196.0,0.199,0
2025-10-05T00:30:00,26.86,45.91,132.4,0.205,0
2025-10-05T00:31:00,27.56,45.58,161.6,0.121,0
2025-10-05T00:32:00,20.76,45.45,199.3,0.145,0
2025-10-05T00:33:00,26.88,47.21,191.7,0.186,0
2025-10-05T00:34:00,32.61,42.24,215.4,0.215,0
2025-10-05T00:35:00,30.83,43.96,166.2,0.251,0
2025-10-05T00:36:00,50.31,48.55,246.8,3.66,1
2025-10-05T00:37:00,20.97,49.52,176.8,0.154,0
2025-10-05T00:38:00,21.63,49.37,163.5,0.25,0
2025-10-05T00:39:00,27.67,47.11,182.9,0.222,0
2025-10-05T00:40:00,26.01,47.76,158.5,0.232,0
2025-10-05T00:41:00,25.11,49.94,188.9,0.093,0
2025-10-05T00:42:00,26.19,47.5,190.1,0.202,0
2025-10-05T00:43:00,20.23,44.75,186.0,0.119,0
2025-10-05T00:44:00,26.65,46.08,152.6,0.226,0
2025-10-05T00:45:00,26.61,45.03,196.0,0.222,0
2025-10-05T00:46:00,25.45,49.95,152.0,0.201,0
2025-10-05T00:47:00,23.64,48.64,199.9,0.12,0
2025-10-05T00:48:00,29.38,49.28,184.1,0.238,0
2025-10-05T00:49:00,23.34,45.14,204.3,0.23,0
2025-10-05T00:50:00,30.45,44.14,159.9,0.31,0
2025-10-05T00:51:00,24.02,49.01,155.6,0.225,0
2025-10-05T00:52:00,25.27,50.41,143.2,0.232,0
2025-10-05T00:53:00,24.37,46.56,182.2,0.288,0
2025-10-05T00:54:00,22.99,46.75,194.6,0.197,0
2025-10-05T00:55:00,27.08,45.48,189.0,0.26,0
2025-10-05T00:56:00,27.03,50.13,152.6,0.195,0
2025-10-05T00:57:00,29.99,45.66,203.2,0.167,0
2025-10-05T00:58:00,24.64,44.78,141.8,0.155,0
2025-10-05T00:59:00,24.97,45.55,162.2,0.247,0
2025-10-05T01:00:00,22.76,40.83,175.2,0.281,0
2025-10-05T01:01:00,27.35,47.86,202.7,0.223,0
2025-10-05T01:02:00,26.26,45.29,207.5,0.206,0
2025-10-05T01:03:00,21.19,47.71,157.5,0.182,0
2025-10-05T01:04:00,30.58,49.45,209.1,0.218,0
2025-10-05T01:05:00,25.14,47.06,157.7,0.248,0
2025-10-05T01:06:00,22.77,44.28,172.1,0.265,0
2025-10-05T01:07:00,30.36,47.04,206.1,0.175,0
2025-10-05T01:08:00,24.46,48.26,205.8,0.189,0
2025-10-05T01:09:00,21.67,46.21,208.5,0.238,0
2025-10-05T01:10:00,24.54,45.87,204.1,0.173,0
2025-10-05T01:11:00,22.28,46.14,190.6,0.153,0
2025-10-05T01:12:00,28.81,47.8,205.2,0.221,0
2025-10-05T01:13:00,30.91,46.99,152.8,0.233,0
2025-10-05T01:14:00,25.98,48.87,155.6,0.191,0
2025-10-05T01:15:00,26.92,45.99,182.2,0.24,0
2025-10-05T01:16:00,26.75,48.47,180.8,0.172,0
2025-10-05T01:17:00,24.32,48.82,147.7,0.139,0
2025-10-05T01:18:00,25.07,46.0,183.4,0.153,0
2025-10-05T01:19:00,22.37,46.41,209.3,0.194,0
2025-10-05T01:20:00,23.97,47.69,147.4,0.197,0
2025-10-05T01:21:00,20.91,46.02,204.0,0.148,0
2025-10-05T01:22:00,28.62,47.27,219.1,0.079,0
2025-10-05T01:23:00,25.23,46.76,199.9,0.231,0
2025-10-05T01:24:00,23.75,47.73,193.2,0.185,0
2025-10-05T01:25:00,24.93,46.63,227.4,0.2,0
2025-10-05T01:26:00,26.16,48.43,187.9,0.124,0
2025-10-05T01:27:00,23.94,47.93,170.1,0.187,0
2025-10-05T01:28:00,24.25,45.23,166.6,0.202,0
2025-10-05T01:29:00,25.87,48.33,165.0,0.221,0
2025-10-05T01:30:00,26.25,44.71,170.8,0.204,0
2025-10-05T01:31:00,23.91,49.93,176.3,0.193,0
2025-10-05T01:32:00,24.95,47.02,193.7,0.191,0
2025-10-05T01:33:00,20.6,46.08,190.9,0.135,0
2025-10-05T01:34:00,21.75,48.4,178.5,0.207,0
2025-10-05T01:35:00,28.85,43.63,209.8,0.197,0
2025-10-05T01:36:00,23.45,45.18,175.2,0.197,0
2025-10-05T01:37:00,27.65,44.37,192.0,0.203,0
2025-10-05T01:38:00,24.68,44.88,186.9,0.203,0
2025-10-05T01:39:00,21.41,45.05,180.5,0.063,0
2025-10-05T01:40:00,20.5,46.07,195.9,0.167,0
2025-10-05T01:41:00,21.55,46.26,161.0,0.154,0
2025-10-05T01:42:00,26.56,47.25,166.3,0.221,0
2025-10-05T01:43:00,24.9,46.65,188.9,0.235,0
2025-10-05T01:44:00,31.4,53.05,183.1,0.152,0
2025-10-05T01:45:00,23.92,45.21,186.9,0.206,0
2025-10-05T01:46:00,23.47,46.17,188.0,0.211,0
2025-10-05T01:47:00,29.28,50.24,203.9,0.242,0
2025-10-05T01:48:00,21.43,48.34,193.9,0.156,0
2025-10-05T01:49:00,29.5,46.76,175.9,0.272,0
2025-10-05T01:50:00,20.68,47.94,187.2,0.186,0
2025-10-05T01:51:00,25.24,47.38,178.6,0.225,0
2025-10-05T01:52:00,31.1,47.85,175.7,0.118,0
2025-10-05T01:53:00,17.91,41.0,206.4,0.307,0
2025-10-05T01:54:00,25.3,47.2,169.1,0.205,0
2025-10-05T01:55:00,26.66,48.73,147.2,0.205,0
2025-10-05T01:56:00,23.3,45.89,207.2,0.274,0
2025-10-05T01:57:00,25.83,48.57,157.1,0.24,0
2025-10-05T01:58:00,26.9,46.45,173.9,0.147,0
2025-10-05T01:59:00,24.61,47.53,166.1,0.263,0
2025-10-05T02:00:00,30.85,48.35,172.4,0.185,0
2025-10-05T02:01:00,24.7,48.13,159.6,0.186,0
2025-10-05T02:02:00,28.09,51.22,180.2,0.239,0
2025-10-05T02:03:00,25.48,49.67,170.7,0.18,0
2025-10-05T02:04:00,23.67,47.82,206.2,0.145,0
2025-10-05T02:05:00,27.15,47.73,205.4,0.188,0
2025-10-05T02:06:00,24.3,49.34,213.4,0.13,0
2025-10-05T02:07:00,22.51,46.21,211.4,0.219,0
2025-10-05T02:08:00,26.62,47.75,208.1,0.202,0
2025-10-05T02:09:00,27.69,47.15,196.7,0.057,0
2025-10-05T02:10:00,23.29,50.56,174.9,0.273,0
2025-10-05T02:11:00,27.17,50.04,206.9,0.198,0
2025-10-05T02:12:00,31.67,48.26,231.2,0.255,0
2025-10-05T02:13:00,27.13,48.83,192.6,0.207,0
2025-10-05T02:14:00,23.95,45.15,213.5,0.238,0
2025-10-05T02:15:00,27.57,50.49,176.9,0.26,0
2025-10-05T02:16:00,28.46,48.23,158.2,0.191,0
2025-10-05T02:17:00,62.97,47.65,130.2,5.493,1
2025-10-05T02:18:00,28.33,45.86,220.4,0.191,0
2025-10-05T02:19:00,24.23,48.42,194.8,0.205,0
2025-10-05T02:20:00,22.52,50.09,212.4,0.124,0
2025-10-05T02:21:00,26.65,47.5,211.9,0.24,0
2025-10-05T02:22:00,28.33,49.12,192.5,0.165,0
2025-10-05T02:23:00,26.05,48.07,208.1,0.206,0
2025-10-05T02:24:00,28.26,50.03,169.3,0.256,0
2025-10-05T02:25:00,22.18,50.47,168.7,0.271,0
2025-10-05T02:26:00,18.72,49.6,170.8,0.24,0
2025-10-05T02:27:00,27.75,45.61,218.1,0.198,0
2025-10-05T02:28:00,24.59,45.78,179.6,0.165,0
2025-10-05T02:29:00,26.68,51.98,223.0,0.193,0
2025-10-05T02:30:00,27.7,47.26,215.6,0.222,0
2025-10-05T02:31:00,24.94,52.4,215.7,0.151,0
2025-10-05T02:32:00,28.2,48.66,210.7,0.127,0
2025-10-05T02:33:00,23.41,50.46,188.7,0.139,0
2025-10-05T02:34:00,27.05,43.57,203.5,0.164,0
2025-10-05T02:35:00,27.52,48.95,200.7,0.178,0
2025-10-05T02:36:00,22.8,46.89,194.6,0.199,0
2025-10-05T02:37:00,26.17,47.52,189.1,0.247,0
2025-10-05T02:38:00,28.0,47.94,169.0,0.117,0
2025-10-05T02:39:00,23.02,49.13,226.7,0.151,0
2025-10-05T02:40:00,30.83,49.09,198.0,0.069,0
2025-10-05T02:41:00,27.29,45.89,177.7,0.198,0
2025-10-05T02:42:00,32.35,45.82,217.8,0.155,0
2025-10-05T02:43:00,27.15,48.34,216.4,0.104,0
2025-10-05T02:44:00,25.68,46.93,162.6,0.111,0
2025-10-05T02:45:00,26.33,49.47,181.6,0.148,0
2025-10-05T02:46:00,26.47,50.53,178.1,0.226,0
2025-10-05T02:47:00,26.68,45.53,244.5,0.254,0
2025-10-05T02:48:00,29.13,48.23,217.7,0.223,0
2025-10-05T02:49:00,30.84,52.7,197.9,0.209,0
2025-10-05T02:50:00,27.56,47.52,156.9,0.199,0
2025-10-05T02:51:00,27.79,49.56,157.0,0.187,0
2025-10-05T02:52:00,23.9,50.47,188.3,0.173,0
2025-10-05T02:53:00,25.79,47.58,187.6,0.232,0
2025-10-05T02:54:00,30.2,49.75,159.2,0.199,0
2025-10-05T02:55:00,27.37,47.56,199.7,0.154,0
2025-10-05T02:56:00,26.68,46.98,220.2,0.213,0
2025-10-05T02:57:00,27.37,49.77,214.2,0.139,0
2025-10-05T02:58:00,31.41,47.32,194.1,0.204,0
2025-10-05T02:59:00,28.45,47.87,204.4,0.215,0
2025-10-05T03:00:00,30.44,54.37,223.2,0.267,0
2025-10-05T03:01:00,30.12,52.54,213.6,0.09,0
2025-10-05T03:02:00,33.78,48.43,210.0,0.17,0
2025-10-05T03:03:00,27.03,49.96,242.0,0.21,0
2025-10-05T03:04:00,30.04,51.93,222.0,0.139,0
2025-10-05T03:05:00,31.31,47.17,232.3,0.207,0
2025-10-05T03:06:00,28.16,49.95,200.0,0.168,0
2025-10-05T03:07:00,34.91,49.56,207.5,0.214,0
2025-10-05T03:08:00,30.76,48.51,240.8,0.201,0
2025-10-05T03:09:00,27.92,51.34,176.8,0.201,0
2025-10-05T03:10:00,33.57,47.27,179.7,0.239,0
2025-10-05T03:11:00,26.97,49.51,207.9,0.183,0
2025-10-05T03:12:00,30.46,48.88,211.9,0.172,0
2025-10-05T03:13:00,30.07,47.65,202.9,0.177,0
2025-10-05T03:14:00,35.26,46.04,203.1,0.185,0
2025-10-05T03:15:00,74.23,52.24,417.0,7.996,1
2025-10-05T03:16:00,30.01,48.18,228.4,0.156,0
2025-10-05T03:17:00,29.88,50.42,184.8,0.173,0
2025-10-05T03:18:00,28.81,46.18,202.0,0.199,0
2025-10-05T03:19:00,30.92,53.56,211.7,0.241,0
2025-10-05T03:20:00,26.63,48.34,261.3,0.335,0
2025-10-05T03:21:00,31.35,50.84,225.6,0.226,0
2025-10-05T03:22:00,24.27,48.88,219.1,0.246,0
2025-10-05T03:23:00,29.95,50.84,235.4,0.195,0
2025-10-05T03:24:00,27.34,49.71,226.6,0.134,0
2025-10-05T03:25:00,25.15,48.43,180.9,0.085,0
2025-10-05T03:26:00,36.52,49.7,177.6,0.096,0
2025-10-05T03:27:00,26.61,48.81,213.8,0.187,0
2025-10-05T03:28:00,32.29,50.96,177.2,0.196,0
2025-10-05T03:29:00,32.97,47.76,220.4,0.2,0
2025-10-05T03:30:00,33.42,54.32,251.0,0.202,0
2025-10-05T03:31:00,30.22,49.58,199.5,0.234,0
2025-10-05T03:32:00,30.67,49.94,228.0,0.165,0
2025-10-05T03:33:00,30.01,54.86,235.5,0.171,0
2025-10-05T03:34:00,32.84,51.87,213.8,0.113,0
2025-10-05T03:35:00,29.79,51.17,233.3,0.179,0
2025-10-05T03:36:00,29.93,48.49,190.6,0.276,0
2025-10-05T03:37:00,24.39,49.81,230.8,0.265,0
2025-10-05T03:38:00,27.75,50.99,245.1,0.107,0
2025-10-05T03:39:00,26.4,49.84,233.2,0.184,0
2025-10-05T03:40:00,29.51,49.32,174.1,0.181,0
2025-10-05T03:41:00,26.98,46.45,229.9,0.153,0
2025-10-05T03:42:00,26.94,51.65,232.9,0.266,0
2025-10-05T03:43:00,30.52,48.77,227.8,0.138,0
2025-10-05T03:44:00,26.11,50.17,235.1,0.271,0
2025-10-05T03:45:00,28.31,52.75,239.7,0.224,0
2025-10-05T03:46:00,32.6,51.49,225.0,0.265,0
2025-10-05T03:47:00,27.86,51.98,198.9,0.115,0
2025-10-05T03:48:00,32.6,51.19,233.7,0.212,0
2025-10-05T03:49:00,33.61,48.25,219.8,0.199,0
2025-10-05T03:50:00,33.18,49.75,222.8,0.189,0
2025-10-05T03:51:00,23.32,50.73,224.6,0.143,0
2025-10-05T03:52:00,31.12,51.16,207.0,0.178,0
2025-10-05T03:53:00,33.93,48.24,241.0,0.131,0
2025-10-05T03:54:00,28.01,51.57,190.7,0.236,0
2025-10-05T03:55:00,33.69,49.75,215.0,0.225,0
2025-10-05T03:56:00,25.42,49.56,187.4,0.179,0
2025-10-05T03:57:00,28.12,49.02,220.5,0.189,0
2025-10-05T03:58:00,29.07,49.73,199.5,0.124,0
2025-10-05T03:59:00,25.57,49.07,222.6,0.228,0
2025-10-05T04:00:00,36.79,52.07,254.1,0.259,0
2025-10-05T04:01:00,34.26,53.72,237.2,0.211,0
2025-10-05T04:02:00,74.96,49.91,308.4,3.812,1
2025-10-05T04:03:00,33.14,53.35,209.6,0.258,0
2025-10-05T04:04:00,31.34,50.42,255.2,0.173,0
2025-10-05T04:05:00,30.12,54.95,224.0,0.102,0
2025-10-05T04:06:00,36.29,53.02,248.1,0.244,0
2025-10-05T04:07:00,30.8,50.41,232.9,0.331,0
2025-10-05T04:08:00,26.04,50.2,224.6,0.242,0
2025-10-05T04:09:00,33.11,47.18,229.9,0.195,0
2025-10-05T04:10:00,31.74,51.27,250.9,0.259,0
2025-10-05T04:11:00,29.08,52.22,225.0,0.139,0
2025-10-05T04:12:00,37.64,52.39,217.3,0.196,0
2025-10-05T04:13:00,31.48,53.32,227.1,0.198,0
2025-10-05T04:14:00,29.27,49.36,253.4,0.207,0
2025-10-05T04:15:00,30.27,49.96,239.7,0.216,0
2025-10-05T04:16:00,32.69,50.87,244.4,0.192,0
2025-10-05T04:17:00,30.47,51.41,245.7,0.228,0
2025-10-05T04:18:00,29.49,47.97,234.7,0.229,0
2025-10-05T04:19:00,37.85,49.42,262.7,0.155,0
2025-10-05T04:20:00,29.91,56.59,202.3,0.167,0
2025-10-05T04:21:00,34.06,51.34,241.1,0.145,0
2025-10-05T04:22:00,31.36,49.12,250.7,0.126,0
2025-10-05T04:23:00,28.85,51.63,219.8,0.187,0
2025-10-05T04:24:00,26.64,47.6,253.7,0.16,0
2025-10-05T04:25:00,30.85,50.12,248.8,0.27,0
2025-10-05T04:26:00,33.86,50.78,218.1,0.124,0
2025-10-05T04:27:00,29.26,51.68,252.1,0.26,0
2025-10-05T04:28:00,70.93,52.58,333.0,4.233,1
2025-10-05T04:29:00,36.84,47.56,244.3,0.233,0
2025-10-05T04:30:00,31.49,50.58,205.2,0.233,0
2025-10-05T04:31:00,30.56,50.86,233.1,0.324,0
2025-10-05T04:32:00,38.74,56.95,236.6,0.178,0
2025-10-05T04:33:00,35.13,51.76,266.9,0.193,0
2025-10-05T04:34:00,33.51,50.24,218.0,0.209,0
2025-10-05T04:35:00,35.27,49.84,259.0,0.189,0
2025-10-05T04:36:00,32.95,49.77,245.1,0.147,0
2025-10-05T04:37:00,28.01,47.82,262.6,0.136,0
2025-10-05T04:38:00,36.23,50.63,233.8,0.213,0
2025-10-05T04:39:00,34.76,52.62,242.2,0.188,0
2025-10-05T04:40:00,29.09,53.76,245.2,0.289,0
2025-10-05T04:41:00,28.87,50.68,235.4,0.239,0
2025-10-05T04:42:00,39.06,47.62,248.6,0.21,0
2025-10-05T04:43:00,36.93,50.76,181.8,0.257,0
2025-10-05T04:44:00,32.2,50.61,234.9,0.262,0
2025-10-05T04:45:00,36.02,52.01,227.5,0.165,0
2025-10-05T04:46:00,29.84,50.88,262.6,0.176,0
2025-10-05T04:47:00,31.19,49.74,234.7,0.195,0
2025-10-05T04:48:00,29.81,57.8,280.4,0.24,0
2025-10-05T04:49:00,36.2,51.65,252.9,0.174,0
2025-10-05T04:50:00,33.03,51.77,246.4,0.257,0
2025-10-05T04:51:00,35.72,50.31,242.7,0.216,0
2025-10-05T04:52:00,34.85,50.09,265.3,0.209,0
2025-10-05T04:53:00,35.08,48.0,211.3,0.224,0
2025-10-05T04:54:00,31.21,54.17,249.5,0.199,0
2025-10-05T04:55:00,31.46,50.7,246.5,0.226,0
2025-10-05T04:56:00,27.98,53.06,203.2,0.181,0
2025-10-05T04:57:00,30.98,52.81,230.0,0.233,0
2025-10-05T04:58:00,29.04,50.75,236.8,0.191,0
2025-10-05T04:59:00,34.32,51.19,246.5,0.291,0
2025-10-05T05:00:00,35.11,53.64,280.3,0.157,0
2025-10-05T05:01:00,33.72,52.84,264.0,0.205,0
2025-10-05T05:02:00,34.02,51.19,291.6,0.305,0
2025-10-05T05:03:00,31.42,54.77,255.8,0.245,0
2025-10-05T05:04:00,39.36,51.37,215.9,0.206,0
2025-10-05T05:05:00,34.98,55.08,299.7,0.287,0
2025-10-05T05:06:00,40.76,55.69,285.0,0.215,0
2025-10-05T05:07:00,28.89,54.06,271.3,0.218,0
2025-10-05T05:08:00,35.47,51.48,238.9,0.109,0
2025-10-05T05:09:00,38.13,53.71,272.8,0.143,0
2025-10-05T05:10:00,77.25,50.75,177.5,6.25,1
2025-10-05T05:11:00,35.54,50.58,265.5,0.295,0
2025-10-05T05:12:00,38.46,50.81,292.1,0.143,0
2025-10-05T05:13:00,35.03,54.9,242.8,0.261,0
2025-10-05T05:14:00,38.06,50.15,265.8,0.18,0
2025-10-05T05:15:00,40.48,50.36,285.6,0.209,0
2025-10-05T05:16:00,37.38,53.19,253.8,0.147,0
2025-10-05T05:17:00,35.57,53.31,270.5,0.248,0
2025-10-05T05:18:00,32.39,51.82,271.1,0.266,0
2025-10-05T05:19:00,38.69,52.55,261.7,0.183,0
2025-10-05T05:20:00,36.4,52.94,254.8,0.216,0
2025-10-05T05:21:00,30.9,51.81,233.3,0.153,0
2025-10-05T05:22:00,31.57,53.71,285.4,0.099,0
2025-10-05T05:23:00,36.35,52.26,257.3,0.207,0
2025-10-05T05:24:00,39.0,54.24,257.0,0.235,0
2025-10-05T05:25:00,36.64,53.25,287.1,0.272,0
2025-10-05T05:26:00,35.3,51.07,269.2,0.156,0
2025-10-05T05:27:00,30.09,49.95,269.2,0.151,0
2025-10-05T05:28:00,37.52,53.58,285.7,0.204,0
2025-10-05T05:29:00,33.77,52.21,278.2,0.214,0
2025-10-05T05:30:00,36.3,57.54,264.3,0.124,0
2025-10-05T05:31:00,39.3,49.71,289.9,0.264,0
2025-10-05T05:32:00,36.6,51.32,264.6,0.244,0
2025-10-05T05:33:00,37.66,55.67,317.4,0.152,0
2025-10-05T05:34:00,34.5,48.96,260.6,0.19,0
2025-10-05T05:35:00,35.43,50.53,270.5,0.157,0
2025-10-05T05:36:00,35.91,53.04,257.4,0.129,0
2025-10-05T05:37:00,40.98,51.98,310.2,0.29,0
2025-10-05T05:38:00,35.6,54.89,270.1,0.117,0
2025-10-05T05:39:00,39.27,52.03,275.0,0.12,0
2025-10-05T05:40:00,31.88,53.42,286.7,0.18,0
2025-10-05T05:41:00,38.26,54.05,240.7,0.198,0
2025-10-05T05:42:00,42.14,53.79,267.6,0.222,0
2025-10-05T05:43:00,36.35,54.06,237.6,0.299,0
2025-10-05T05:44:00,32.84,49.52,246.9,0.292,0
2025-10-05T05:45:00,41.74,51.36,307.9,0.246,0
2025-10-05T05:46:00,33.1,56.0,261.5,0.247,0
2025-10-05T05:47:00,30.97,55.06,276.6,0.141,0
2025-10-05T05:48:00,40.2,50.59,277.2,0.289,0
2025-10-05T05:49:00,32.61,52.27,259.8,0.166,0
2025-10-05T05:50:00,41.31,55.09,281.0,0.203,0
2025-10-05T05:51:00,38.94,51.37,310.1,0.181,0
2025-10-05T05:52:00,32.15,52.95,253.3,0.203,0
2025-10-05T05:53:00,36.79,51.06,285.5,0.125,0
2025-10-05T05:54:00,35.48,50.7,242.4,0.148,0
2025-10-05T05:55:00,35.8,52.29,298.9,0.19,0
2025-10-05T05:56:00,34.19,52.47,260.4,0.102,0
2025-10-05T05:57:00,37.15,51.54,247.4,0.256,0
2025-10-05T05:58:00,35.57,48.48,294.9,0.14,0
2025-10-05T05:59:00,32.01,52.75,291.5,0.149,0
2025-10-05T06:00:00,37.45,53.86,307.4,0.146,0
2025-10-05T06:01:00,39.45,55.98,289.7,0.24,0
2025-10-05T06:02:00,35.17,57.02,289.4,0.081,0
2025-10-05T06:03:00,41.79,55.31,300.0,0.231,0
2025-10-05T06:04:00,38.86,57.14,336.1,0.263,0
2025-10-05T06:05:00,43.7,55.81,297.5,0.238,0
2025-10-05T06:06:00,39.11,56.91,261.8,0.314,0
2025-10-05T06:07:00,74.5,52.57,237.5,5.319,1
2025-10-05T06:08:00,41.14,56.53,287.9,0.219,0
2025-10-05T06:09:00,43.89,54.42,325.8,0.19,0
2025-10-05T06:10:00,40.21,55.61,301.5,0.198,0
2025-10-05T06:11:00,40.96,53.26,298.5,0.247,0
2025-10-05T06:12:00,40.81,57.6,294.6,0.163,0
2025-10-05T06:13:00,41.4,56.3,293.0,0.12,0
2025-10-05T06:14:00,35.1,57.52,292.1,0.146,0
2025-10-05T06:15:00,39.96,53.85,244.3,0.233,0
2025-10-05T06:16:00,46.33,53.24,307.9,0.225,0
2025-10-05T06:17:00,39.69,53.92,295.7,0.166,0
2025-10-05T06:18:00,40.55,56.08,300.2,0.199,0
2025-10-05T06:19:00,37.19,56.03,313.5,0.212,0
2025-10-05T06:20:00,36.47,60.23,292.6,0.19,0
2025-10-05T06:21:00,38.39,55.97,291.3,0.244,0
2025-10-05T06:22:00,44.24,55.76,298.7,0.266,0
2025-10-05T06:23:00,37.13,59.28,310.8,0.218,0
2025-10-05T06:24:00,44.74,57.18,274.9,0.155,0
2025-10-05T06:25:00,40.37,57.63,273.2,0.146,0
2025-10-05T06:26:00,32.41,53.89,277.2,0.252,0
2025-10-05T06:27:00,39.75,53.39,306.1,0.167,0
2025-10-05T06:28:00,42.69,57.75,290.2,0.174,0
2025-10-05T06:29:00,38.87,55.86,323.4,0.183,0
2025-10-05T06:30:00,45.13,55.55,285.0,0.184,0
2025-10-05T06:31:00,42.91,57.59,286.7,0.083,0
2025-10-05T06:32:00,44.59,57.56,286.1,0.125,0
2025-10-05T06:33:00,39.71,57.8,321.0,0.222,0
2025-10-05T06:34:00,39.37,56.54,296.3,0.193,0
2025-10-05T06:35:00,42.94,55.68,322.4,0.121,0
2025-10-05T06:36:00,35.51,57.0,328.4,0.258,0
2025-10-05T06:37:00,41.47,59.29,287.3,0.182,0
2025-10-05T06:38:00,36.98,54.68,296.5,0.123,0
2025-10-05T06:39:00,45.1,54.25,315.7,0.288,0
2025-10-05T06:40:00,39.15,54.58,289.3,0.207,0
2025-10-05T06:41:00,40.51,51.1,246.0,0.109,0
2025-10-05T06:42:00,39.15,54.16,267.4,0.223,0
2025-10-05T06:43:00,40.96,54.58,313.8,0.135,0
2025-10-05T06:44:00,39.66,52.04,322.9,0.136,0
2025-10-05T06:45:00,39.32,53.57,269.9,0.228,0
2025-10-05T06:46:00,38.38,51.81,288.7,0.236,0
2025-10-05T06:47:00,41.48,55.5,224.8,0.257,0
2025-10-05T06:48:00,42.88,52.64,318.5,0.163,0
2025-10-05T06:49:00,41.29,54.19,271.7,0.233,0
2025-10-05T06:50:00,36.53,56.76,306.8,0.197,0
2025-10-05T06:51:00,40.62,56.85,330.9,0.184,0
2025-10-05T06:52:00,34.96,53.24,261.8,0.247,0
2025-10-05T06:53:00,42.98,55.1,279.1,0.199,0
2025-10-05T06:54:00,43.73,54.0,312.7,0.206,0
2025-10-05T06:55:00,41.72,55.84,289.9,0.261,0
2025-10-05T06:56:00,39.9,55.48,324.1,0.213,0
2025-10-05T06:57:00,38.15,52.6,310.4,0.257,0
2025-10-05T06:58:00,39.98,56.19,321.2,0.215,0
2025-10-05T06:59:00,45.29,53.76,280.6,0.181,0
2025-10-05T07:00:00,48.88,56.64,365.8,0.25,0
2025-10-05T07:01:00,44.52,57.54,303.5,0.144,0
2025-10-05T07:02:00,43.83,52.77,323.2,0.215,0
2025-10-05T07:03:00,42.54,54.98,320.1,0.254,0
2025-10-05T07:04:00,49.7,54.22,330.4,0.171,0
2025-10-05T07:05:00,44.67,58.18,340.9,0.221,0
2025-10-05T07:06:00,46.71,52.64,312.5,0.166,0
2025-10-05T07:07:00,43.9,58.09,331.6,0.203,0
2025-10-05T07:08:00,42.27,55.85,303.5,0.253,0
2025-10-05T07:09:00,45.39,58.16,327.4,0.202,0
2025-10-05T07:10:00,48.27,59.75,340.5,0.238,0
2025-10-05T07:11:00,40.9,56.4,366.4,0.244,0
2025-10-05T07:12:00,43.87,59.16,327.4,0.167,0
2025-10-05T07:13:00,43.84,58.42,342.8,0.167,0
2025-10-05T07:14:00,47.76,53.4,306.3,0.153,0
2025-10-05T07:15:00,44.41,58.18,331.7,0.132,0
2025-10-05T07:16:00,42.33,58.38,331.7,0.262,0
2025-10-05T07:17:00,46.34,59.05,338.3,0.178,0
2025-10-05T07:18:00,46.06,57.93,308.6,0.182,0
2025-10-05T07:19:00,48.7,52.2,358.2,0.24,0
2025-10-05T07:20:00,48.47,53.91,338.6,0.234,0
2025-10-05T07:21:00,43.85,55.83,377.4,0.282,0
2025-10-05T07:22:00,43.11,57.33,321.3,0.187,0
2025-10-05T07:23:00,44.48,59.06,323.7,0.264,0
2025-10-05T07:24:00,46.79,55.52,319.5,0.195,0
2025-10-05T07:25:00,44.76,63.53,351.2,0.22,0
2025-10-05T07:26:00,43.53,59.01,333.7,0.202,0
2025-10-05T07:27:00,46.8,58.13,331.3,0.212,0
2025-10-05T07:28:00,41.47,54.32,336.9,0.287,0
2025-10-05T07:29:00,49.91,57.13,323.5,0.17,0
2025-10-05T07:30:00,42.94,60.8,349.8,0.143,0
2025-10-05T07:31:00,41.8,59.59,357.5,0.114,0
2025-10-05T07:32:00,43.36,55.63,343.5,0.272,0
2025-10-05T07:33:00,43.11,56.39,343.9,0.272,0
2025-10-05T07:34:00,42.14,57.53,346.7,0.116,0
2025-10-05T07:35:00,45.14,56.36,328.0,0.184,0
2025-10-05T07:36:00,45.86,58.76,355.9,0.183,0
2025-10-05T07:37:00,70.3,62.21,285.2,5.007,1
2025-10-05T07:38:00,44.94,54.88,323.1,0.196,0
2025-10-05T07:39:00,39.48,57.6,347.0,0.201,0
2025-10-05T07:40:00,45.74,56.02,335.1,0.258,0
2025-10-05T07:41:00,45.93,58.95,301.9,0.238,0
2025-10-05T07:42:00,48.77,56.8,333.8,0.281,0
2025-10-05T07:43:00,40.36,53.49,330.5,0.248,0
2025-10-05T07:44:00,46.28,59.39,362.4,0.238,0
2025-10-05T07:45:00,41.53,51.51,291.1,0.192,0
2025-10-05T07:46:00,46.31,55.31,298.8,0.182,0
2025-10-05T07:47:00,44.41,61.09,305.3,0.162,0
2025-10-05T07:48:00,43.11,54.81,327.5,0.223,0
2025-10-05T07:49:00,36.14,55.89,348.4,0.202,0
2025-10-05T07:50:00,42.32,53.02,339.9,0.244,0
2025-10-05T07:51:00,46.9,55.25,281.0,0.168,0
2025-10-05T07:52:00,46.98,55.22,299.2,0.191,0
2025-10-05T07:53:00,42.22,59.7,316.1,0.17,0
2025-10-05T07:54:00,43.26,58.72,309.1,0.181,0
2025-10-05T07:55:00,43.74,56.87,338.7,0.109,0
2025-10-05T07:56:00,44.57,54.11,376.7,0.083,0
2025-10-05T07:57:00,41.49,60.35,378.0,0.234,0
2025-10-05T07:58:00,45.01,56.09,365.7,0.187,0
2025-10-05T07:59:00,48.82,60.4,315.4,0.133,0
2025-10-05T08:00:00,47.12,59.62,403.1,0.141,0
2025-10-05T08:01:00,43.33,61.02,361.1,0.2,0
2025-10-05T08:02:00,41.38,61.04,355.6,0.224,0
2025-10-05T08:03:00,47.64,63.44,332.5,0.191,0
2025-10-05T08:04:00,45.28,60.14,374.4,0.166,0
2025-10-05T08:05:00,48.68,63.87,354.6,0.25,0
2025-10-05T08:06:00,50.07,58.59,396.8,0.193,0
2025-10-05T08:07:00,46.3,57.46,334.2,0.202,0
2025-10-05T08:08:00,49.92,56.64,364.9,0.198,0
2025-10-05T08:09:00,50.72,56.82,348.0,0.254,0
2025-10-05T08:10:00,48.36,61.54,352.0,0.207,0
2025-10-05T08:11:00,53.84,57.33,384.1,0.177,0
2025-10-05T08:12:00,48.21,58.2,338.7,0.16,0
2025-10-05T08:13:00,46.97,59.53,355.9,0.197,0
2025-10-05T08:14:00,51.69,63.41,367.2,0.173,0
2025-10-05T08:15:00,47.84,58.8,354.3,0.236,0
2025-10-05T08:16:00,49.79,57.17,366.3,0.27,0
2025-10-05T08:17:00,47.98,55.45,351.0,0.222,0
2025-10-05T08:18:00,48.03,59.91,356.3,0.194,0
2025-10-05T08:19:00,53.2,58.89,369.9,0.232,0
2025-10-05T08:20:00,47.62,61.73,350.0,0.206,0
2025-10-05T08:21:00,47.97,56.3,345.1,0.205,0
2025-10-05T08:22:00,46.7,60.56,350.5,0.202,0
2025-10-05T08:23:00,52.4,56.8,338.2,0.303,0
2025-10-05T08:24:00,46.3,59.74,365.7,0.146,0
2025-10-05T08:25:00,47.65,57.45,384.9,0.298,0
2025-10-05T08:26:00,46.72,52.4,329.8,0.28,0
2025-10-05T08:27:00,41.47,58.45,342.0,0.222,0
2025-10-05T08:28:00,48.61,57.91,329.5,0.284,0
2025-10-05T08:29:00,45.61,56.81,338.4,0.252,0
2025-10-05T08:30:00,50.6,58.71,340.4,0.164,0
2025-10-05T08:31:00,46.97,58.58,372.4,0.311,0
2025-10-05T08:32:00,47.71,57.29,322.3,0.238,0
2025-10-05T08:33:00,51.71,61.9,363.2,0.274,0
2025-10-05T08:34:00,50.28,56.63,329.8,0.224,0
2025-10-05T08:35:00,44.1,59.7,378.4,0.288,0
2025-10-05T08:36:00,49.37,59.43,362.9,0.12,0
2025-10-05T08:37:00,47.94,59.64,376.9,0.154,0
2025-10-05T08:38:00,42.23,58.49,357.6,0.209,0
2025-10-05T08:39:00,46.33,57.88,381.2,0.212,0
2025-10-05T08:40:00,46.85,57.22,323.3,0.088,0
2025-10-05T08:41:00,46.28,58.81,374.9,0.219,0
2025-10-05T08:42:00,43.99,58.8,330.6,0.225,0
2025-10-05T08:43:00,48.88,57.19,359.8,0.161,0
2025-10-05T08:44:00,44.21,60.85,381.4,0.185,0
2025-10-05T08:45:00,40.76,61.36,377.9,0.271,0
2025-10-05T08:46:00,48.81,56.7,358.2,0.173,0
2025-10-05T08:47:00,46.49,61.49,361.1,0.238,0
2025-10-05T08:48:00,48.98,59.46,337.0,0.192,0
2025-10-05T08:49:00,39.23,61.59,300.6,0.121,0
2025-10-05T08:50:00,45.11,54.68,341.7,0.273,0
2025-10-05T08:51:00,50.82,57.48,394.1,0.233,0
2025-10-05T08:52:00,53.04,62.41,335.1,0.24,0
2025-10-05T08:53:00,45.9,58.53,373.8,0.282,0
2025-10-05T08:54:00,47.3,55.44,345.1,0.142,0
2025-10-05T08:55:00,47.41,63.35,331.3,0.176,0
2025-10-05T08:56:00,44.83,59.26,366.5,0.171,0
2025-10-05T08:57:00,48.8,55.77,361.5,0.157,0
2025-10-05T08:58:00,47.65,56.42,400.0,0.178,0
2025-10-05T08:59:00,45.84,62.23,388.2,0.285,0
2025-10-05T09:00:00,51.9,62.58,414.5,0.146,0
2025-10-05T09:01:00,43.33,61.41,381.7,0.19,0
2025-10-05T09:02:00,53.84,62.7,376.2,0.203,0
2025-10-05T09:03:00,55.68,64.1,394.0,0.145,0
2025-10-05T09:04:00,48.25,60.13,327.9,0.161,0
2025-10-05T09:05:00,50.65,60.15,380.3,0.184,0
2025-10-05T09:06:00,51.14,60.81,349.5,0.2,0
2025-10-05T09:07:00,50.51,57.48,397.5,0.198,0
2025-10-05T09:08:00,52.05,62.71,394.1,0.221,0
2025-10-05T09:09:00,50.86,61.79,395.3,0.231,0
2025-10-05T09:10:00,51.68,57.92,404.2,0.316,0
2025-10-05T09:11:00,48.21,66.85,398.6,0.21,0
2025-10-05T09:12:00,50.08,63.02,389.4,0.242,0
2025-10-05T09:13:00,46.48,58.07,398.4,0.192,0
2025-10-05T09:14:00,52.91,60.79,392.2,0.32,0
2025-10-05T09:15:00,49.29,60.27,382.7,0.242,0
2025-10-05T09:16:00,50.77,60.04,382.6,0.175,0
2025-10-05T09:17:00,48.44,62.68,351.7,0.259,0
2025-10-05T09:18:00,47.44,60.15,368.6,0.224,0
2025-10-05T09:19:00,56.82,62.5,402.1,0.203,0
2025-10-05T09:20:00,50.82,58.44,359.9,0.019,0
2025-10-05T09:21:00,50.99,56.69,385.1,0.252,0
2025-10-05T09:22:00,54.15,64.98,380.7,0.199,0
2025-10-05T09:23:00,48.52,61.95,374.4,0.24,0
2025-10-05T09:24:00,56.92,57.83,344.4,0.146,0
2025-10-05T09:25:00,44.69,61.13,374.8,0.254,0
2025-10-05T09:26:00,48.48,58.99,387.8,0.133,0
2025-10-05T09:27:00,50.58,58.67,402.5,0.22,0
2025-10-05T09:28:00,50.08,56.7,372.6,0.148,0
2025-10-05T09:29:00,45.8,58.66,402.8,0.25,0
2025-10-05T09:30:00,48.31,62.01,348.6,0.126,0
2025-10-05T09:31:00,51.16,63.74,409.5,0.153,0
2025-10-05T09:32:00,44.89,60.4,380.1,0.134,0
2025-10-05T09:33:00,47.99,56.39,393.2,0.19,0
2025-10-05T09:34:00,55.44,62.48,363.2,0.18,0
2025-10-05T09:35:00,49.82,61.55,377.7,0.196,0
2025-10-05T09:36:00,57.41,61.4,390.6,0.215,0
2025-10-05T09:37:00,55.24,62.64,351.1,0.202,0
2025-10-05T09:38:00,52.21,59.8,385.0,0.237,0
2025-10-05T09:39:00,50.11,58.93,416.4,0.26,0
2025-10-05T09:40:00,51.45,60.46,401.3,0.149,0
2025-10-05T09:41:00,48.99,63.86,382.1,0.19,0
2025-10-05T09:42:00,50.98,59.97,373.3,0.231,0
2025-10-05T09:43:00,49.21,62.54,391.8,0.248,0
2025-10-05T09:44:00,48.49,61.05,389.8,0.206,0
2025-10-05T09:45:00,49.79,57.79,386.2,0.145,0
2025-10-05T09:46:00,49.12,61.48,387.7,0.172,0
2025-10-05T09:47:00,49.87,61.81,425.3,0.26,0
2025-10-05T09:48:00,51.16,60.35,390.5,0.205,0
2025-10-05T09:49:00,51.69,59.74,383.7,0.135,0
2025-10-05T09:50:00,48.45,60.59,361.4,0.217,0
2025-10-05T09:51:00,50.63,61.19,365.9,0.174,0
2025-10-05T09:52:00,47.72,61.39,368.2,0.145,0
2025-10-05T09:53:00,51.08,63.03,417.3,0.253,0
2025-10-05T09:54:00,51.23,60.07,410.5,0.281,0
2025-10-05T09:55:00,49.23,62.28,391.3,0.191,0
2025-10-05T09:56:00,48.32,59.92,391.2,0.295,0
2025-10-05T09:57:00,52.14,59.8,335.8,0.195,0
2025-10-05T09:58:00,50.94,59.85,379.0,0.156,0
2025-10-05T09:59:00,49.85,61.14,392.3,0.142,0
2025-10-05T10:00:00,52.28,61.02,411.3,0.108,0
2025-10-05T10:01:00,53.67,62.61,414.2,0.123,0
2025-10-05T10:02:00,49.16,61.62,416.3,0.261,0
2025-10-05T10:03:00,51.43,61.86,410.5,0.252,0
2025-10-05T10:04:00,52.87,62.03,398.1,0.248,0
2025-10-05T10:05:00,49.74,61.86,386.2,0.208,0
2025-10-05T10:06:00,55.89,61.28,378.9,0.205,0
2025-10-05T10:07:00,48.1,62.42,439.1,0.257,0
2025-10-05T10:08:00,51.25,60.0,409.1,0.233,0
2025-10-05T10:09:00,51.47,64.77,380.9,0.205,0
2025-10-05T10:10:00,58.75,62.96,410.3,0.212,0
2025-10-05T10:11:00,59.6,60.79,403.8,0.21,0
2025-10-05T10:12:00,56.02,59.89,400.5,0.18,0
2025-10-05T10:13:00,52.84,60.18,394.1,0.339,0
2025-10-05T10:14:00,54.86,63.46,423.1,0.211,0
2025-10-05T10:15:00,49.27,63.06,396.1,0.249,0
2025-10-05T10:16:00,50.51,61.12,397.2,0.169,0
2025-10-05T10:17:00,59.86,62.32,405.1,0.226,0
2025-10-05T10:18:00,50.0,61.6,389.6,0.159,0
2025-10-05T10:19:00,55.17,60.57,422.3,0.109,0
2025-10-05T10:20:00,52.78,57.47,403.3,0.212,0
2025-10-05T10:21:00,51.56,64.45,389.2,0.141,0
2025-10-05T10:22:00,50.16,60.32,380.9,0.167,0
2025-10-05T10:23:00,55.37,62.96,411.2,0.213,0
2025-10-05T10:24:00,51.53,62.86,420.3,0.224,0
2025-10-05T10:25:00,55.68,61.28,423.1,0.253,0
2025-10-05T10:26:00,51.01,62.95,401.3,0.191,0
2025-10-05T10:27:00,44.76,62.47,414.7,0.141,0
2025-10-05T10:28:00,52.51,62.23,396.6,0.097,0
2025-10-05T10:29:00,54.0,61.02,441.2,0.175,0
2025-10-05T10:30:00,57.08,60.81,450.9,0.151,0
2025-10-05T10:31:00,53.59,63.82,428.5,0.278,0
2025-10-05T10:32:00,50.96,57.22,409.6,0.211,0
2025-10-05T10:33:00,50.57,65.97,409.3,0.125,0
2025-10-05T10:34:00,53.73,58.85,391.0,0.151,0
2025-10-05T10:35:00,52.55,65.04,413.2,0.078,0
2025-10-05T10:36:00,51.62,60.08,410.3,0.234,0
2025-10-05T10:37:00,51.81,59.64,405.8,0.249,0
2025-10-05T10:38:00,51.21,59.94,352.1,0.198,0
2025-10-05T10:39:00,55.41,64.06,387.7,0.183,0
2025-10-05T10:40:00,50.68,62.33,384.1,0.233,0
2025-10-05T10:41:00,54.63,61.93,419.2,0.217,0
2025-10-05T10:42:00,55.6,60.86,396.6,0.26,0
2025-10-05T10:43:00,54.32,61.19,385.7,0.173,0
2025-10-05T10:44:00,53.06,59.54,351.7,0.232,0
2025-10-05T10:45:00,49.7,61.79,437.9,0.126,0
2025-10-05T10:46:00,50.26,59.51,406.1,0.132,0
2025-10-05T10:47:00,57.98,61.0,407.0,0.174,0
2025-10-05T10:48:00,55.77,60.96,385.8,0.135,0
2025-10-05T10:49:00,53.69,61.9,396.5,0.219,0
2025-10-05T10:50:00,51.73,64.23,404.0,0.281,0
2025-10-05T10:51:00,52.52,61.04,413.3,0.282,0
2025-10-05T10:52:00,56.93,63.24,431.7,0.206,0
2025-10-05T10:53:00,51.34,61.73,414.9,0.25,0
2025-10-05T10:54:00,51.41,63.25,420.7,0.217,0
2025-10-05T10:55:00,55.83,65.34,424.2,0.313,0
2025-10-05T10:56:00,52.79,60.67,433.6,0.294,0
2025-10-05T10:57:00,56.56,63.47,421.8,0.156,0
2025-10-05T10:58:00,52.14,59.65,404.7,0.21,0
2025-10-05T10:59:00,49.39,61.65,384.0,0.151,0
2025-10-05T11:00:00,54.0,62.35,406.8,0.218,0
2025-10-05T11:01:00,56.78,63.85,404.9,0.218,0
2025-10-05T11:02:00,56.33,63.63,421.5,0.149,0
2025-10-05T11:03:00,55.34,62.81,415.8,0.224,0
2025-10-05T11:04:00,55.34,62.43,410.3,0.238,0
2025-10-05T11:05:00,54.75,61.7,407.1,0.113,0
2025-10-05T11:06:00,59.12,64.77,416.2,0.239,0
2025-10-05T11:07:00,56.83,63.36,417.4,0.217,0
2025-10-05T11:08:00,57.42,61.81,410.8,0.12,0
2025-10-05T11:09:00,56.62,64.16,400.5,0.204,0
2025-10-05T11:10:00,55.38,60.5,405.8,0.198,0
2025-10-05T11:11:00,49.09,60.79,440.9,0.152,0
2025-10-05T11:12:00,55.26,62.77,424.3,0.229,0
2025-10-05T11:13:00,53.96,63.22,424.5,0.258,0
2025-10-05T11:14:00,55.11,63.07,379.3,0.224,0
2025-10-05T11:15:00,51.46,64.48,410.7,0.172,0
2025-10-05T11:16:00,56.28,61.52,385.7,0.136,0
2025-10-05T11:17:00,53.77,64.26,443.9,0.275,0
2025-10-05T11:18:00,57.23,64.03,398.0,0.191,0
2025-10-05T11:19:00,51.25,61.29,400.1,0.211,0
2025-10-05T11:20:00,55.81,62.44,424.6,0.221,0
2025-10-05T11:21:00,55.12,65.53,407.0,0.239,0
2025-10-05T11:22:00,52.97,60.95,391.0,0.217,0
2025-10-05T11:23:00,51.88,62.73,419.4,0.215,0
2025-10-05T11:24:00,56.27,61.93,419.2,0.297,0
2025-10-05T11:25:00,53.6,59.09,410.9,0.179,0
2025-10-05T11:26:00,60.62,58.95,419.1,0.046,0
2025-10-05T11:27:00,56.86,61.75,418.5,0.147,0
2025-10-05T11:28:00,57.75,65.56,416.3,0.211,0
2025-10-05T11:29:00,56.03,63.91,416.8,0.223,0
2025-10-05T11:30:00,52.79,65.51,401.4,0.167,0
2025-10-05T11:31:00,52.91,61.75,400.2,0.119,0
2025-10-05T11:32:00,55.27,62.73,404.3,0.18,0
2025-10-05T11:33:00,52.5,62.09,431.5,0.212,0
2025-10-05T11:34:00,52.68,65.74,433.2,0.227,0
2025-10-05T11:35:00,49.38,62.09,425.7,0.144,0
2025-10-05T11:36:00,50.78,61.8,440.4,0.284,0
2025-10-05T11:37:00,51.2,63.62,391.3,0.258,0
2025-10-05T11:38:00,54.6,63.2,410.4,0.183,0
2025-10-05T11:39:00,49.51,61.72,390.2,0.136,0
2025-10-05T11:40:00,55.08,59.33,420.6,0.185,0
2025-10-05T11:41:00,48.73,63.65,398.8,0.226,0
2025-10-05T11:42:00,55.85,65.91,401.9,0.159,0
2025-10-05T11:43:00,54.25,61.99,377.9,0.148,0
2025-10-05T11:44:00,53.28,63.03,407.5,0.188,0
2025-10-05T11:45:00,57.08,64.68,395.2,0.202,0
2025-10-05T11:46:00,46.22,61.92,406.4,0.149,0
2025-10-05T11:47:00,57.15,66.59,422.0,0.195,0
2025-10-05T11:48:00,55.69,62.06,381.8,0.178,0
2025-10-05T11:49:00,48.7,63.96,402.9,0.144,0
2025-10-05T11:50:00,55.34,61.14,413.5,0.278,0
2025-10-05T11:51:00,55.45,64.5,407.3,0.169,0
2025-10-05T11:52:00,53.48,60.8,438.5,0.153,0
2025-10-05T11:53:00,53.39,66.22,412.2,0.166,0
2025-10-05T11:54:00,57.27,60.94,449.3,0.216,0
2025-10-05T11:55:00,56.37,61.36,406.8,0.2,0
2025-10-05T11:56:00,54.65,64.52,395.3,0.203,0
2025-10-05T11:57:00,56.23,61.29,430.0,0.142,0
2025-10-05T11:58:00,53.08,65.13,426.1,0.221,0
2025-10-05T11:59:00,54.86,62.28,405.3,0.26,0
2025-10-05T12:00:00,57.71,60.74,424.0,0.181,0
2025-10-05T12:01:00,51.55,62.0,393.8,0.104,0
2025-10-05T12:02:00,53.17,62.89,424.5,0.197,0
2025-10-05T12:03:00,54.47,60.24,403.1,0.226,0
2025-10-05T12:04:00,54.94,64.49,407.5,0.261,0
2025-10-05T12:05:00,57.05,63.7,406.4,0.254,0
2025-10-05T12:06:00,53.31,64.25,428.2,0.21,0
2025-10-05T12:07:00,54.96,62.69,382.3,0.179,0
2025-10-05T12:08:00,58.13,61.22,438.1,0.229,0
2025-10-05T12:09:00,50.92,64.68,437.4,0.217,0
2025-10-05T12:10:00,52.09,63.14,420.1,0.134,0
2025-10-05T12:11:00,58.1,64.8,432.7,0.261,0
2025-10-05T12:12:00,51.04,64.72,435.8,0.179,0
2025-10-05T12:13:00,57.44,62.14,443.0,0.168,0
2025-10-05T12:14:00,53.71,59.23,407.9,0.189,0
2025-10-05T12:15:00,60.82,65.19,434.2,0.241,0
2025-10-05T12:16:00,55.57,62.99,391.1,0.271,0
2025-10-05T12:17:00,52.64,65.89,413.4,0.154,0
2025-10-05T12:18:00,62.02,58.45,445.3,0.223,0
2025-10-05T12:19:00,56.3,63.04,383.1,0.276,0
2025-10-05T12:20:00,55.37,62.62,400.1,0.186,0
2025-10-05T12:21:00,54.11,64.4,435.9,0.118,0
2025-10-05T12:22:00,58.68,63.07,410.2,0.182,0
2025-10-05T12:23:00,52.53,63.07,419.2,0.225,0
2025-10-05T12:24:00,55.34,65.29,423.6,0.167,0
2025-10-05T12:25:00,61.34,64.58,432.1,0.234,0
2025-10-05T12:26:00,55.65,66.91,435.8,0.223,0
2025-10-05T12:27:00,55.04,62.12,425.0,0.182,0
2025-10-05T12:28:00,54.01,66.24,431.1,0.228,0
2025-10-05T12:29:00,57.72,64.94,476.6,0.193,0
2025-10-05T12:30:00,53.1,64.3,440.4,0.246,0
2025-10-05T12:31:00,53.94,62.09,428.1,0.212,0
2025-10-05T12:32:00,58.02,63.76,402.6,0.189,0
2025-10-05T12:33:00,53.16,60.36,417.4,0.26,0
2025-10-05T12:34:00,54.8,60.94,426.7,0.155,0
2025-10-05T12:35:00,51.7,62.78,403.4,0.24,0
2025-10-05T12:36:00,50.08,63.77,442.9,0.126,0
2025-10-05T12:37:00,55.03,66.95,421.2,0.22,0
2025-10-05T12:38:00,51.34,65.63,392.8,0.171,0
2025-10-05T12:39:00,54.86,61.34,455.3,0.244,0
2025-10-05T12:40:00,55.68,63.74,405.3,0.123,0
2025-10-05T12:41:00,55.44,64.82,436.6,0.252,0
2025-10-05T12:42:00,53.41,61.65,382.6,0.162,0
2025-10-05T12:43:00,55.21,65.59,421.5,0.164,0
2025-10-05T12:44:00,52.6,62.27,404.1,0.205,0
2025-10-05T12:45:00,79.62,61.95,271.3,6.849,1
2025-10-05T12:46:00,56.5,59.32,444.4,0.254,0
2025-10-05T12:47:00,58.35,63.01,407.3,0.206,0
2025-10-05T12:48:00,56.87,61.41,384.0,0.107,0
2025-10-05T12:49:00,59.73,63.67,432.3,0.185,0
2025-10-05T12:50:00,58.77,65.78,405.7,0.183,0
2025-10-05T12:51:00,55.96,57.79,403.0,0.205,0
2025-10-05T12:52:00,53.61,63.66,402.9,0.157,0
2025-10-05T12:53:00,57.62,62.22,431.2,0.265,0
2025-10-05T12:54:00,56.66,64.37,405.6,0.112,0
2025-10-05T12:55:00,55.61,59.36,387.5,0.196,0
2025-10-05T12:56:00,57.82,62.93,424.1,0.228,0
2025-10-05T12:57:00,58.55,63.34,396.1,0.18,0
2025-10-05T12:58:00,52.43,65.1,433.4,0.284,0
2025-10-05T12:59:00,56.46,62.22,406.9,0.169,0
2025-10-05T13:00:00,51.25,64.66,388.5,0.253,0
2025-10-05T13:01:00,53.13,64.05,437.0,0.126,0
2025-10-05T13:02:00,48.96,60.76,379.6,0.213,0
2025-10-05T13:03:00,52.32,64.76,428.7,0.21,0
2025-10-05T13:04:00,53.21,62.17,449.4,0.225,0
2025-10-05T13:05:00,53.72,62.56,369.0,0.24,0
2025-10-05T13:06:00,56.95,62.88,389.2,0.291,0
2025-10-05T13:07:00,49.86,64.75,443.1,0.234,0
2025-10-05T13:08:00,53.4,64.3,444.6,0.239,0
2025-10-05T13:09:00,49.73,65.01,391.8,0.143,0
2025-10-05T13:10:00,51.49,60.99,437.4,0.244,0
2025-10-05T13:11:00,50.17,61.67,422.5,0.149,0
2025-10-05T13:12:00,52.49,58.11,482.5,0.24,0
2025-10-05T13:13:00,57.58,61.85,406.7,0.16,0
2025-10-05T13:14:00,57.45,63.15,416.4,0.213,0
2025-10-05T13:15:00,51.12,63.53,391.1,0.146,0
2025-10-05T13:16:00,60.66,64.93,428.2,0.2,0
2025-10-05T13:17:00,52.73,63.59,420.1,0.201,0
2025-10-05T13:18:00,55.61,61.64,411.9,0.193,0
2025-10-05T13:19:00,89.49,61.79,276.5,5.666,1
2025-10-05T13:20:00,54.86,63.1,446.6,0.237,0
2025-10-05T13:21:00,51.28,59.52,407.3,0.147,0
2025-10-05T13:22:00,52.34,62.04,409.8,0.184,0
2025-10-05T13:23:00,57.72,58.5,436.4,0.179,0
2025-10-05T13:24:00,55.65,64.94,396.1,0.276,0
2025-10-05T13:25:00,53.07,63.32,458.6,0.242,0
2025-10-05T13:26:00,58.24,66.44,414.5,0.176,0
2025-10-05T13:27:00,58.53,59.58,429.8,0.276,0
2025-10-05T13:28:00,51.44,59.25,390.6,0.188,0
2025-10-05T13:29:00,56.92,61.13,410.2,0.135,0
2025-10-05T13:30:00,55.34,62.44,440.3,0.241,0
2025-10-05T13:31:00,52.19,63.75,405.6,0.172,0
2025-10-05T13:32:00,59.08,59.72,415.0,0.159,0
2025-10-05T13:33:00,54.52,64.74,407.8,0.253,0
2025-10-05T13:34:00,55.94,61.59,424.4,0.274,0
2025-10-05T13:35:00,49.12,63.51,421.5,0.237,0
2025-10-05T13:36:00,54.06,60.74,436.5,0.184,0
2025-10-05T13:37:00,49.47,61.42,386.9,0.189,0
2025-10-05T13:38:00,51.72,62.72,394.8,0.192,0
2025-10-05T13:39:00,57.1,61.54,447.4,0.216,0
2025-10-05T13:40:00,55.78,58.92,422.4,0.201,0
2025-10-05T13:41:00,51.33,67.28,425.2,0.171,0
2025-10-05T13:42:00,53.59,61.58,445.4,0.159,0
2025-10-05T13:43:00,57.42,64.33,403.9,0.137,0
2025-10-05T13:44:00,46.55,59.9,429.6,0.196,0
2025-10-05T13:45:00,55.26,60.66,404.3,0.179,0
2025-10-05T13:46:00,55.38,60.39,426.6,0.267,0
2025-10-05T13:47:00,57.91,64.83,429.1,0.223,0
2025-10-05T13:48:00,52.93,62.85,413.4,0.158,0
2025-10-05T13:49:00,56.04,62.85,384.6,0.17,0
2025-10-05T13:50:00,56.27,63.91,393.7,0.159,0
2025-10-05T13:51:00,54.67,61.11,422.8,0.234,0
2025-10-05T13:52:00,56.85,64.17,391.2,0.238,0
2025-10-05T13:53:00,51.54,63.63,409.0,0.244,0
2025-10-05T13:54:00,54.45,61.79,397.4,0.228,0
2025-10-05T13:55:00,55.17,60.61,431.6,0.194,0
2025-10-05T13:56:00,57.2,61.03,411.2,0.14,0
2025-10-05T13:57:00,51.44,66.15,400.8,0.116,0
2025-10-05T13:58:00,57.26,61.59,411.2,0.217,0
2025-10-05T13:59:00,54.0,63.26,372.8,0.284,0
2025-10-05T14:00:00,48.87,59.05,409.8,0.25,0
2025-10-05T14:01:00,49.56,60.31,412.3,0.267,0
2025-10-05T14:02:00,58.22,63.2,421.9,0.199,0
2025-10-05T14:03:00,53.31,62.08,430.4,0.13,0
2025-10-05T14:04:00,51.99,58.55,406.7,0.107,0
2025-10-05T14:05:00,51.26,65.2,394.7,0.22,0
2025-10-05T14:06:00,52.02,62.81,427.6,0.226,0
2025-10-05T14:07:00,49.31,61.12,402.2,0.24,0
2025-10-05T14:08:00,53.27,62.52,367.6,0.141,0
2025-10-05T14:09:00,46.53,60.88,413.7,0.245,0
2025-10-05T14:10:00,52.72,64.27,421.7,0.253,0
2025-10-05T14:11:00,46.95,61.56,386.3,0.245,0
2025-10-05T14:12:00,55.76,62.88,394.4,0.269,0
2025-10-05T14:13:00,51.7,60.93,406.5,0.202,0
2025-10-05T14:14:00,53.41,60.72,408.3,0.194,0
2025-10-05T14:15:00,52.72,60.63,421.6,0.198,0
2025-10-05T14:16:00,46.96,62.63,390.1,0.22,0
2025-10-05T14:17:00,51.68,61.35,384.4,0.211,0
2025-10-05T14:18:00,54.86,61.55,390.2,0.197,0
2025-10-05T14:19:00,50.11,60.51,382.6,0.157,0
2025-10-05T14:20:00,47.8,61.06,421.0,0.181,0
2025-10-05T14:21:00,50.79,57.74,428.9,0.205,0
2025-10-05T14:22:00,60.43,62.63,404.8,0.225,0
2025-10-05T14:23:00,52.52,60.73,376.4,0.171,0
2025-10-05T14:24:00,50.58,62.92,410.2,0.102,0
2025-10-05T14:25:00,87.34,62.23,432.3,7.052,1
2025-10-05T14:26:00,52.08,63.34,383.3,0.226,0
2025-10-05T14:27:00,47.84,64.12,379.7,0.201,0
2025-10-05T14:28:00,53.58,59.15,426.2,0.181,0
2025-10-05T14:29:00,50.39,64.42,390.6,0.258,0
2025-10-05T14:30:00,48.51,64.17,410.6,0.227,0
2025-10-05T14:31:00,56.52,61.51,413.6,0.22,0
2025-10-05T14:32:00,51.03,63.28,408.0,0.196,0
2025-10-05T14:33:00,54.49,60.5,377.9,0.183,0
2025-10-05T14:34:00,48.84,61.89,433.8,0.133,0
2025-10-05T14:35:00,53.16,60.47,420.2,0.251,0
2025-10-05T14:36:00,51.25,62.25,433.4,0.275,0
2025-10-05T14:37:00,51.25,64.47,423.9,0.139,0
2025-10-05T14:38:00,53.55,61.24,402.5,0.238,0
2025-10-05T14:39:00,52.24,56.14,383.4,0.175,0
2025-10-05T14:40:00,50.64,64.61,399.8,0.124,0
2025-10-05T14:41:00,53.53,62.76,448.7,0.208,0
2025-10-05T14:42:00,54.94,61.79,404.5,0.249,0
2025-10-05T14:43:00,52.72,62.34,408.5,0.095,0
2025-10-05T14:44:00,53.61,64.24,445.7,0.178,0
2025-10-05T14:45:00,50.9,62.92,388.2,0.145,0
2025-10-05T14:46:00,55.58,60.73,375.7,0.223,0
2025-10-05T14:47:00,53.58,59.88,382.1,0.214,0
2025-10-05T14:48:00,50.88,61.82,392.9,0.166,0
2025-10-05T14:49:00,52.7,64.28,382.2,0.198,0
2025-10-05T14:50:00,51.61,61.12,423.0,0.262,0
2025-10-05T14:51:00,52.7,64.02,414.0,0.189,0
2025-10-05T14:52:00,52.56,63.39,381.1,0.129,0
2025-10-05T14:53:00,55.58,58.71,408.0,0.195,0
2025-10-05T14:54:00,52.8,57.9,405.8,0.225,0
2025-10-05T14:55:00,51.76,59.69,420.9,0.111,0
2025-10-05T14:56:00,55.34,61.53,408.2,0.166,0
2025-10-05T14:57:00,49.17,64.43,374.9,0.158,0
2025-10-05T14:58:00,51.31,63.34,409.7,0.156,0
2025-10-05T14:59:00,56.13,60.3,370.0,0.205,0
2025-10-05T15:00:00,54.15,60.24,408.3,0.184,0
2025-10-05T15:01:00,49.78,60.41,394.5,0.202,0
2025-10-05T15:02:00,47.06,58.64,354.2,0.204,0
2025-10-05T15:03:00,48.1,62.88,406.3,0.206,0
2025-10-05T15:04:00,49.98,61.59,378.7,0.2,0
2025-10-05T15:05:00,52.31,58.67,379.6,0.182,0
2025-10-05T15:06:00,47.58,61.11,410.9,0.236,0
2025-10-05T15:07:00,52.32,61.65,386.0,0.177,0
2025-10-05T15:08:00,55.17,59.94,362.0,0.234,0
2025-10-05T15:09:00,51.08,58.0,375.6,0.3,0
2025-10-05T15:10:00,52.1,59.29,397.6,0.155,0
2025-10-05T15:11:00,51.16,58.76,359.8,0.144,0
2025-10-05T15:12:00,44.84,63.06,425.0,0.169,0
2025-10-05T15:13:00,54.73,56.89,385.2,0.22,0
2025-10-05T15:14:00,50.32,57.81,362.7,0.106,0
2025-10-05T15:15:00,95.65,61.34,397.9,3.489,1
2025-10-05T15:16:00,51.39,60.18,389.9,0.174,0
2025-10-05T15:17:00,53.16,59.91,389.9,0.225,0
2025-10-05T15:18:00,48.56,59.87,373.2,0.256,0
2025-10-05T15:19:00,51.01,59.43,401.4,0.227,0
2025-10-05T15:20:00,56.94,58.43,367.3,0.256,0
2025-10-05T15:21:00,50.15,63.47,381.2,0.23,0
2025-10-05T15:22:00,49.72,60.22,387.5,0.114,0
2025-10-05T15:23:00,50.2,60.92,378.0,0.222,0
2025-10-05T15:24:00,51.41,58.87,412.4,0.199,0
2025-10-05T15:25:00,50.21,57.22,366.2,0.222,0
2025-10-05T15:26:00,48.13,60.75,379.9,0.129,0
2025-10-05T15:27:00,50.33,58.67,368.6,0.171,0
2025-10-05T15:28:00,48.83,57.5,376.3,0.271,0
2025-10-05T15:29:00,54.61,62.87,395.5,0.225,0
2025-10-05T15:30:00,52.98,59.06,406.9,0.173,0
2025-10-05T15:31:00,51.03,58.24,387.7,0.23,0
2025-10-05T15:32:00,50.1,61.62,350.1,0.311,0
2025-10-05T15:33:00,49.57,60.27,370.9,0.136,0
2025-10-05T15:34:00,48.57,59.3,383.8,0.145,0
2025-10-05T15:35:00,50.36,62.07,383.7,0.081,0
2025-10-05T15:36:00,47.14,61.25,370.2,0.307,0
2025-10-05T15:37:00,52.3,58.64,356.2,0.233,0
2025-10-05T15:38:00,51.38,60.86,379.2,0.17,0
2025-10-05T15:39:00,54.86,59.65,382.8,0.248,0
2025-10-05T15:40:00,49.43,62.26,349.0,0.224,0
2025-10-05T15:41:00,53.29,64.27,367.1,0.081,0
2025-10-05T15:42:00,50.35,61.31,367.2,0.227,0
2025-10-05T15:43:00,55.42,60.82,406.2,0.204,0
2025-10-05T15:44:00,51.58,59.69,392.8,0.154,0
2025-10-05T15:45:00,52.33,63.28,377.9,0.197,0
2025-10-05T15:46:00,56.97,58.31,377.3,0.177,0
2025-10-05T15:47:00,50.03,62.7,356.3,0.193,0
2025-10-05T15:48:00,49.42,60.25,401.3,0.203,0
2025-10-05T15:49:00,48.1,58.24,419.3,0.146,0
2025-10-05T15:50:00,50.32,60.67,378.7,0.229,0
2025-10-05T15:51:00,51.86,61.84,368.3,0.148,0
2025-10-05T15:52:00,47.56,60.62,367.4,0.279,0
2025-10-05T15:53:00,53.27,60.44,391.2,0.125,0
2025-10-05T15:54:00,46.63,59.04,382.7,0.21,0
2025-10-05T15:55:00,52.16,60.55,391.7,0.311,0
2025-10-05T15:56:00,51.98,61.54,350.3,0.137,0
2025-10-05T15:57:00,49.74,59.66,424.1,0.106,0
2025-10-05T15:58:00,46.17,62.0,399.8,0.182,0
2025-10-05T15:59:00,50.11,61.56,421.5,0.223,0
2025-10-05T16:00:00,42.06,62.81,386.4,0.273,0
2025-10-05T16:01:00,51.48,62.58,363.2,0.188,0
2025-10-05T16:02:00,41.29,57.28,314.5,0.151,0
2025-10-05T16:03:00,49.18,62.04,405.2,0.2,0
2025-10-05T16:04:00,46.23,63.56,407.8,0.224,0
2025-10-05T16:05:00,51.25,57.28,388.8,0.115,0
2025-10-05T16:06:00,44.44,58.14,338.9,0.267,0
2025-10-05T16:07:00,47.46,58.78,369.5,0.23,0
2025-10-05T16:08:00,45.11,56.76,351.5,0.216,0
2025-10-05T16:09:00,45.02,60.02,375.3,0.162,0
2025-10-05T16:10:00,46.84,58.67,383.8,0.128,0
2025-10-05T16:11:00,43.07,58.04,390.3,0.147,0
2025-10-05T16:12:00,92.6,57.23,410.2,6.555,1
2025-10-05T16:13:00,50.3,57.96,362.3,0.152,0
2025-10-05T16:14:00,81.6,57.03,491.4,3.259,1
2025-10-05T16:15:00,48.11,57.14,358.6,0.38,0
2025-10-05T16:16:00,50.28,59.4,352.3,0.122,0
2025-10-05T16:17:00,46.28,61.95,408.1,0.191,0
2025-10-05T16:18:00,48.05,56.8,355.6,0.195,0
2025-10-05T16:19:00,44.98,57.74,375.5,0.242,0
2025-10-05T16:20:00,46.1,60.14,363.9,0.149,0
2025-10-05T16:21:00,47.91,58.26,340.9,0.205,0
2025-10-05T16:22:00,47.38,57.18,350.7,0.173,0
2025-10-05T16:23:00,47.89,58.93,335.8,0.231,0
2025-10-05T16:24:00,51.47,60.04,358.3,0.175,0
2025-10-05T16:25:00,49.29,60.76,350.2,0.186,0
2025-10-05T16:26:00,43.84,57.97,360.9,0.139,0
2025-10-05T16:27:00,47.48,63.15,341.0,0.172,0
2025-10-05T16:28:00,48.66,57.47,374.5,0.265,0
2025-10-05T16:29:00,53.84,62.84,379.0,0.15,0
2025-10-05T16:30:00,52.59,59.62,358.9,0.156,0
2025-10-05T16:31:00,48.67,57.19,382.6,0.162,0
2025-10-05T16:32:00,44.1,58.23,365.2,0.214,0
2025-10-05T16:33:00,46.16,56.69,362.2,0.197,0
2025-10-05T16:34:00,47.93,58.3,344.0,0.289,0
2025-10-05T16:35:00,45.12,59.45,318.8,0.277,0
2025-10-05T16:36:00,50.56,61.11,357.8,0.187,0
2025-10-05T16:37:00,84.79,59.03,234.2,3.372,1
2025-10-05T16:38:00,49.26,58.33,363.6,0.195,0
2025-10-05T16:39:00,50.62,56.3,357.2,0.165,0
2025-10-05T16:40:00,45.55,60.25,363.3,0.264,0
2025-10-05T16:41:00,48.02,61.54,341.7,0.15,0
2025-10-05T16:42:00,47.3,54.74,387.3,0.179,0
2025-10-05T16:43:00,47.01,61.35,336.7,0.156,0
2025-10-05T16:44:00,80.45,62.51,481.9,4.535,1
2025-10-05T16:45:00,48.87,59.35,343.8,0.23,0
2025-10-05T16:46:00,79.36,58.09,451.0,4.793,1
2025-10-05T16:47:00,44.53,59.8,330.3,0.176,0
2025-10-05T16:48:00,50.87,58.7,337.8,0.159,0
2025-10-05T16:49:00,48.25,62.3,366.1,0.219,0
2025-10-05T16:50:00,41.52,59.9,349.6,0.176,0
2025-10-05T16:51:00,45.78,55.99,373.4,0.169,0
2025-10-05T16:52:00,39.29,57.98,381.1,0.198,0
2025-10-05T16:53:00,49.97,61.48,381.9,0.154,0
2025-10-05T16:54:00,46.55,57.47,346.0,0.188,0
2025-10-05T16:55:00,50.32,57.55,354.9,0.236,0
2025-10-05T16:56:00,46.78,59.2,378.0,0.143,0
2025-10-05T16:57:00,45.16,55.57,344.7,0.242,0
2025-10-05T16:58:00,49.5,59.07,367.1,0.248,0
2025-10-05T16:59:00,46.74,59.55,369.7,0.202,0
2025-10-05T17:00:00,44.0,57.32,363.6,0.18,0
2025-10-05T17:01:00,44.24,57.85,332.5,0.174,0
2025-10-05T17:02:00,36.77,53.92,310.3,0.2,0
2025-10-05T17:03:00,41.79,60.69,361.0,0.169,0
2025-10-05T17:04:00,44.03,58.76,290.6,0.243,0
2025-10-05T17:05:00,43.38,57.11,324.3,0.13,0
2025-10-05T17:06:00,41.76,58.34,329.8,0.28,0
2025-10-05T17:07:00,46.74,60.8,291.9,0.18,0
2025-10-05T17:08:00,44.21,57.99,341.8,0.207,0
2025-10-05T17:09:00,43.24,55.19,350.6,0.238,0
2025-10-05T17:10:00,47.01,55.89,341.7,0.188,0
2025-10-05T17:11:00,41.96,56.62,316.0,0.195,0
2025-10-05T17:12:00,43.63,56.24,352.8,0.209,0
2025-10-05T17:13:00,48.04,55.52,324.5,0.18,0
2025-10-05T17:14:00,44.93,59.92,305.6,0.089,0
2025-10-05T17:15:00,40.78,55.66,311.6,0.24,0
2025-10-05T17:16:00,47.06,59.47,339.7,0.227,0
2025-10-05T17:17:00,42.89,57.18,335.2,0.246,0
2025-10-05T17:18:00,46.36,55.46,341.8,0.222,0
2025-10-05T17:19:00,45.35,61.02,299.9,0.124,0
2025-10-05T17:20:00,48.42,58.31,318.1,0.169,0
2025-10-05T17:21:00,44.2,60.47,350.8,0.137,0
2025-10-05T17:22:00,45.09,54.95,305.5,0.235,0
2025-10-05T17:23:00,40.42,56.08,342.3,0.238,0
2025-10-05T17:24:00,38.46,55.85,351.2,0.281,0
2025-10-05T17:25:00,44.61,57.55,333.5,0.177,0
2025-10-05T17:26:00,39.26,59.43,331.7,0.338,0
2025-10-05T17:27:00,45.2,58.68,320.1,0.138,0
2025-10-05T17:28:00,40.9,57.11,345.3,0.086,0
2025-10-05T17:29:00,41.52,59.27,328.6,0.12,0
2025-10-05T17:30:00,43.09,54.61,342.9,0.242,0
2025-10-05T17:31:00,42.06,59.78,338.1,0.162,0
2025-10-05T17:32:00,41.67,57.61,337.5,0.254,0
2025-10-05T17:33:00,42.46,56.25,375.8,0.242,0
2025-10-05T17:34:00,41.81,58.48,314.2,0.215,0
2025-10-05T17:35:00,48.6,57.94,356.1,0.244,0
2025-10-05T17:36:00,46.54,61.8,356.3,0.327,0
2025-10-05T17:37:00,42.79,57.63,290.2,0.326,0
2025-10-05T17:38:00,44.3,55.75,353.2,0.196,0
2025-10-05T17:39:00,47.91,61.55,314.8,0.286,0
2025-10-05T17:40:00,41.8,58.46,325.6,0.207,0
2025-10-05T17:41:00,44.53,56.82,348.4,0.318,0
2025-10-05T17:42:00,42.68,56.96,322.5,0.307,0
2025-10-05T17:43:00,41.34,56.49,302.5,0.241,0
2025-10-05T17:44:00,42.81,54.83,302.5,0.155,0
2025-10-05T17:45:00,40.24,57.1,328.6,0.169,0
2025-10-05T17:46:00,45.6,54.59,344.0,0.198,0
2025-10-05T17:47:00,43.5,55.87,309.5,0.167,0
2025-10-05T17:48:00,48.34,56.18,347.0,0.189,0
2025-10-05T17:49:00,44.72,57.24,371.5,0.234,0
2025-10-05T17:50:00,45.31,60.31,320.9,0.177,0
2025-10-05T17:51:00,46.39,55.87,334.5,0.187,0
2025-10-05T17:52:00,45.86,54.25,328.9,0.244,0
2025-10-05T17:53:00,45.2,54.89,328.0,0.208,0
2025-10-05T17:54:00,47.48,59.81,355.5,0.167,0
2025-10-05T17:55:00,45.84,57.91,317.3,0.118,0
2025-10-05T17:56:00,41.33,59.26,325.8,0.137,0
2025-10-05T17:57:00,38.51,56.53,323.6,0.201,0
2025-10-05T17:58:00,49.3,56.01,336.2,0.274,0
2025-10-05T17:59:00,48.14,56.91,325.8,0.186,0
2025-10-05T18:00:00,39.33,53.07,318.0,0.286,0
2025-10-05T18:01:00,39.61,52.2,276.8,0.2,0
2025-10-05T18:02:00,37.76,52.39,293.8,0.211,0
2025-10-05T18:03:00,34.93,52.46,296.5,0.246,0
2025-10-05T18:04:00,36.64,54.13,292.8,0.24,0
2025-10-05T18:05:00,43.71,52.47,296.1,0.136,0
2025-10-05T18:06:00,35.2,55.21,302.2,0.193,0
2025-10-05T18:07:00,42.4,54.67,266.5,0.248,0
2025-10-05T18:08:00,41.05,57.38,317.3,0.222,0
2025-10-05T18:09:00,39.74,54.22,288.1,0.157,0
2025-10-05T18:10:00,41.48,57.32,322.3,0.179,0
2025-10-05T18:11:00,38.19,55.57,284.6,0.17,0
2025-10-05T18:12:00,44.05,55.12,289.4,0.217,0
2025-10-05T18:13:00,42.89,54.41,305.3,0.147,0
2025-10-05T18:14:00,41.46,54.81,296.4,0.146,0
2025-10-05T18:15:00,44.52,56.29,313.6,0.251,0
2025-10-05T18:16:00,39.12,53.74,272.5,0.194,0
2025-10-05T18:17:00,39.35,50.95,322.8,0.237,0
2025-10-05T18:18:00,43.57,54.03,290.0,0.141,0
2025-10-05T18:19:00,39.89,54.58,245.9,0.259,0
2025-10-05T18:20:00,34.57,54.86,297.4,0.155,0
2025-10-05T18:21:00,37.66,55.78,281.7,0.14,0
2025-10-05T18:22:00,39.15,55.34,285.0,0.168,0
2025-10-05T18:23:00,38.1,52.07,335.3,0.221,0
2025-10-05T18:24:00,41.41,54.34,293.5,0.267,0
2025-10-05T18:25:00,39.91,51.71,297.0,0.176,0
2025-10-05T18:26:00,44.84,53.85,305.7,0.204,0
2025-10-05T18:27:00,35.31,57.64,266.8,0.128,0
2025-10-05T18:28:00,44.19,56.83,304.6,0.268,0
2025-10-05T18:29:00,43.03,55.28,267.0,0.25,0
2025-10-05T18:30:00,39.65,52.08,295.7,0.171,0
2025-10-05T18:31:00,47.33,53.61,277.1,0.148,0
2025-10-05T18:32:00,46.36,53.78,294.7,0.193,0
2025-10-05T18:33:00,40.33,58.29,302.5,0.273,0
2025-10-05T18:34:00,37.76,55.34,302.2,0.158,0
2025-10-05T18:35:00,45.34,53.62,316.4,0.177,0
2025-10-05T18:36:00,42.94,54.65,247.3,0.094,0
2025-10-05T18:37:00,39.15,53.58,269.9,0.268,0
2025-10-05T18:38:00,45.86,54.98,301.0,0.177,0
2025-10-05T18:39:00,39.71,55.73,329.3,0.184,0
2025-10-05T18:40:00,40.98,56.67,321.1,0.142,0
2025-10-05T18:41:00,42.21,56.49,312.6,0.147,0
2025-10-05T18:42:00,47.23,54.29,304.5,0.149,0
2025-10-05T18:43:00,35.29,58.44,286.0,0.182,0
2025-10-05T18:44:00,39.39,56.22,305.7,0.118,0
2025-10-05T18:45:00,43.75,55.36,302.6,0.224,0
2025-10-05T18:46:00,44.38,57.06,288.5,0.171,0
2025-10-05T18:47:00,39.13,56.76,302.3,0.217,0
2025-10-05T18:48:00,37.29,55.23,329.2,0.159,0
2025-10-05T18:49:00,42.27,55.0,321.3,0.237,0
2025-10-05T18:50:00,35.9,53.39,312.1,0.108,0
2025-10-05T18:51:00,42.29,56.31,290.2,0.242,0
2025-10-05T18:52:00,38.31,57.33,290.7,0.265,0
2025-10-05T18:53:00,38.64,57.0,281.7,0.217,0
2025-10-05T18:54:00,42.64,55.88,320.1,0.217,0
2025-10-05T18:55:00,39.62,53.2,298.6,0.222,0
2025-10-05T18:56:00,41.99,57.7,266.5,0.228,0
2025-10-05T18:57:00,40.62,54.69,315.9,0.18,0
2025-10-05T18:58:00,73.88,54.34,436.7,6.3,1
2025-10-05T18:59:00,42.23,55.47,309.2,0.211,0
2025-10-05T19:00:00,31.28,52.77,290.5,0.232,0
2025-10-05T19:01:00,35.81,47.32,269.2,0.173,0
2025-10-05T19:02:00,35.98,51.04,290.3,0.188,0
2025-10-05T19:03:00,35.31,54.73,285.6,0.146,0
2025-10-05T19:04:00,37.46,54.21,255.6,0.159,0
2025-10-05T19:05:00,30.72,53.57,227.2,0.29,0
2025-10-05T19:06:00,82.64,54.47,292.4,7.473,1
2025-10-05T19:07:00,31.92,56.15,230.5,0.226,0
2025-10-05T19:08:00,31.09,50.83,300.9,0.246,0
2025-10-05T19:09:00,37.82,54.11,293.3,0.189,0
2025-10-05T19:10:00,37.64,51.01,248.0,0.202,0
2025-10-05T19:11:00,39.87,51.92,283.2,0.132,0
2025-10-05T19:12:00,37.8,52.89,243.0,0.146,0
2025-10-05T19:13:00,35.74,49.09,276.1,0.097,0
2025-10-05T19:14:00,36.18,55.85,244.0,0.229,0
2025-10-05T19:15:00,39.92,50.47,256.3,0.128,0
2025-10-05T19:16:00,35.95,48.9,254.2,0.158,0
2025-10-05T19:17:00,37.85,54.47,245.3,0.176,0
2025-10-05T19:18:00,38.43,51.09,281.1,0.153,0
2025-10-05T19:19:00,38.46,55.39,207.0,0.251,0
2025-10-05T19:20:00,37.17,51.74,261.0,0.078,0
2025-10-05T19:21:00,34.72,53.55,248.7,0.124,0
2025-10-05T19:22:00,36.33,52.64,229.5,0.153,0
2025-10-05T19:23:00,33.25,51.9,314.5,0.216,0
2025-10-05T19:24:00,38.23,54.11,301.0,0.197,0
2025-10-05T19:25:00,34.31,56.22,254.2,0.218,0
2025-10-05T19:26:00,24.76,50.78,276.0,0.169,0
2025-10-05T19:27:00,37.73,53.67,295.7,0.167,0
2025-10-05T19:28:00,34.66,53.44,273.5,0.279,0
2025-10-05T19:29:00,32.62,52.19,287.1,0.114,0
2025-10-05T19:30:00,34.6,50.61,312.6,0.337,0
2025-10-05T19:31:00,37.36,49.61,298.1,0.231,0
2025-10-05T19:32:00,32.3,50.47,245.4,0.147,0
2025-10-05T19:33:00,38.31,54.1,318.0,0.127,0
2025-10-05T19:34:00,35.29,52.02,280.7,0.22,0
2025-10-05T19:35:00,32.78,54.83,234.2,0.161,0
2025-10-05T19:36:00,41.84,59.25,245.7,0.174,0
2025-10-05T19:37:00,33.79,54.92,247.9,0.282,0
2025-10-05T19:38:00,34.45,51.86,258.0,0.17,0
2025-10-05T19:39:00,40.1,52.74,261.8,0.28,0
2025-10-05T19:40:00,36.39,52.97,254.3,0.26,0
2025-10-05T19:41:00,35.38,51.56,287.9,0.2,0
2025-10-05T19:42:00,33.43,56.83,275.3,0.261,0
2025-10-05T19:43:00,37.18,50.59,317.7,0.23,0
2025-10-05T19:44:00,37.26,52.42,282.7,0.172,0
2025-10-05T19:45:00,33.91,55.68,268.8,0.174,0
2025-10-05T19:46:00,41.99,50.14,268.7,0.102,0
2025-10-05T19:47:00,41.73,53.3,269.1,0.144,0
2025-10-05T19:48:00,40.5,53.39,285.3,0.264,0
2025-10-05T19:49:00,41.04,56.02,285.8,0.261,0
2025-10-05T19:50:00,35.32,55.09,302.9,0.13,0
2025-10-05T19:51:00,39.64,50.69,245.8,0.173,0
2025-10-05T19:52:00,41.18,54.08,327.6,0.286,0
2025-10-05T19:53:00,36.68,50.97,265.7,0.165,0
2025-10-05T19:54:00,32.02,49.58,278.7,0.173,0
2025-10-05T19:55:00,36.81,54.0,244.7,0.196,0
2025-10-05T19:56:00,36.32,54.62,281.9,0.175,0
2025-10-05T19:57:00,35.25,54.46,269.2,0.165,0
2025-10-05T19:58:00,38.17,53.14,253.6,0.227,0
2025-10-05T19:59:00,34.11,52.75,269.9,0.206,0
2025-10-05T20:00:00,33.29,48.52,240.1,0.132,0
2025-10-05T20:01:00,38.38,48.31,258.8,0.155,0
2025-10-05T20:02:00,34.0,49.32,248.0,0.217,0
2025-10-05T20:03:00,32.1,53.76,243.4,0.187,0
2025-10-05T20:04:00,33.99,47.61,245.7,0.242,0
2025-10-05T20:05:00,29.52,47.72,271.1,0.176,0
2025-10-05T20:06:00,32.35,51.91,230.5,0.247,0
2025-10-05T20:07:00,31.78,50.64,268.3,0.167,0
2025-10-05T20:08:00,35.97,55.35,255.9,0.243,0
2025-10-05T20:09:00,24.37,53.65,221.0,0.167,0
2025-10-05T20:10:00,36.94,52.13,258.2,0.214,0
2025-10-05T20:11:00,31.31,51.39,265.6,0.195,0
2025-10-05T20:12:00,36.72,51.27,226.4,0.237,0
2025-10-05T20:13:00,33.54,49.68,216.0,0.176,0
2025-10-05T20:14:00,28.65,51.02,231.2,0.141,0
2025-10-05T20:15:00,27.85,50.86,259.4,0.205,0
2025-10-05T20:16:00,29.51,51.23,244.5,0.221,0
2025-10-05T20:17:00,31.29,51.19,246.7,0.176,0
2025-10-05T20:18:00,31.33,53.42,237.7,0.196,0
2025-10-05T20:19:00,31.2,51.0,239.0,0.165,0
2025-10-05T20:20:00,34.5,50.41,228.5,0.157,0
2025-10-05T20:21:00,33.28,50.87,209.3,0.221,0
2025-10-05T20:22:00,27.19,49.05,208.4,0.218,0
2025-10-05T20:23:00,29.43,51.8,240.6,0.126,0
2025-10-05T20:24:00,35.92,49.32,228.9,0.226,0
2025-10-05T20:25:00,31.99,46.23,253.8,0.227,0
2025-10-05T20:26:00,30.5,50.08,236.8,0.218,0
2025-10-05T20:27:00,35.24,51.98,258.9,0.144,0
2025-10-05T20:28:00,34.83,51.51,217.2,0.157,0
2025-10-05T20:29:00,36.35,51.67,265.8,0.202,0
2025-10-05T20:30:00,29.96,52.08,240.3,0.202,0
2025-10-05T20:31:00,36.28,51.46,247.2,0.237,0
2025-10-05T20:32:00,26.88,47.95,245.2,0.2,0
2025-10-05T20:33:00,28.21,48.29,222.3,0.172,0
2025-10-05T20:34:00,32.57,52.36,210.6,0.16,0
2025-10-05T20:35:00,25.77,50.47,209.9,0.115,0
2025-10-05T20:36:00,35.74,53.36,226.3,0.22,0
2025-10-05T20:37:00,31.94,50.85,248.6,0.147,0
2025-10-05T20:38:00,33.49,49.03,252.6,0.235,0
2025-10-05T20:39:00,35.62,50.26,222.9,0.248,0
2025-10-05T20:40:00,32.5,53.8,246.9,0.117,0
2025-10-05T20:41:00,32.07,51.68,246.3,0.252,0
2025-10-05T20:42:00,30.61,48.49,243.5,0.175,0
2025-10-05T20:43:00,35.53,51.1,251.7,0.219,0
2025-10-05T20:44:00,32.4,51.55,214.8,0.188,0
2025-10-05T20:45:00,28.34,54.51,237.5,0.182,0
2025-10-05T20:46:00,34.92,53.41,242.4,0.23,0
2025-10-05T20:47:00,35.74,52.41,231.1,0.162,0
2025-10-05T20:48:00,28.54,51.24,229.3,0.159,0
2025-10-05T20:49:00,31.15,53.53,251.3,0.241,0
2025-10-05T20:50:00,35.28,51.82,213.5,0.2,0
2025-10-05T20:51:00,31.67,51.65,247.5,0.217,0
2025-10-05T20:52:00,26.5,52.51,229.4,0.242,0
2025-10-05T20:53:00,32.53,50.98,200.5,0.187,0
2025-10-05T20:54:00,34.8,49.97,230.8,0.268,0
2025-10-05T20:55:00,34.66,53.92,215.6,0.161,0
2025-10-05T20:56:00,30.2,48.41,229.6,0.237,0
2025-10-05T20:57:00,35.12,51.41,238.0,0.071,0
2025-10-05T20:58:00,28.53,52.13,217.4,0.277,0
2025-10-05T20:59:00,35.04,52.02,252.2,0.109,0
2025-10-05T21:00:00,33.4,49.48,192.0,0.114,0
2025-10-05T21:01:00,30.27,46.21,197.5,0.181,0
2025-10-05T21:02:00,33.05,45.22,203.6,0.155,0
2025-10-05T21:03:00,25.51,48.52,207.8,0.178,0
2025-10-05T21:04:00,31.85,47.16,197.3,0.254,0
2025-10-05T21:05:00,37.81,49.13,220.9,0.207,0
2025-10-05T21:06:00,28.17,47.8,195.7,0.23,0
2025-10-05T21:07:00,24.82,47.86,236.5,0.194,0
2025-10-05T21:08:00,31.21,50.86,187.4,0.19,0
2025-10-05T21:09:00,26.93,45.8,203.4,0.236,0
2025-10-05T21:10:00,29.6,50.7,241.4,0.25,0
2025-10-05T21:11:00,33.8,50.92,230.3,0.19,0
2025-10-05T21:12:00,30.03,50.12,239.5,0.154,0
2025-10-05T21:13:00,25.99,52.25,194.9,0.217,0
2025-10-05T21:14:00,24.01,50.43,229.5,0.14,0
2025-10-05T21:15:00,29.87,49.23,194.7,0.167,0
2025-10-05T21:16:00,30.15,51.18,206.2,0.265,0
2025-10-05T21:17:00,33.42,49.17,248.7,0.198,0
2025-10-05T21:18:00,27.78,48.1,224.5,0.211,0
2025-10-05T21:19:00,27.45,50.32,212.6,0.168,0
2025-10-05T21:20:00,57.13,44.88,340.5,4.276,1
2025-10-05T21:21:00,27.14,50.09,182.4,0.133,0
2025-10-05T21:22:00,22.18,50.31,180.0,0.165,0
2025-10-05T21:23:00,32.0,51.6,219.5,0.247,0
2025-10-05T21:24:00,28.16,46.47,196.2,0.197,0
2025-10-05T21:25:00,29.43,51.09,211.7,0.153,0
2025-10-05T21:26:00,29.53,48.04,224.0,0.145,0
2025-10-05T21:27:00,30.43,48.85,182.7,0.128,0
2025-10-05T21:28:00,28.53,49.71,225.3,0.175,0
2025-10-05T21:29:00,34.03,49.77,224.3,0.199,0
2025-10-05T21:30:00,31.36,49.94,197.3,0.256,0
2025-10-05T21:31:00,26.48,50.18,234.4,0.234,0
2025-10-05T21:32:00,29.84,52.21,228.4,0.196,0
2025-10-05T21:33:00,21.33,47.22,190.3,0.195,0
2025-10-05T21:34:00,26.29,51.19,200.5,0.229,0
2025-10-05T21:35:00,30.33,47.22,204.5,0.242,0
2025-10-05T21:36:00,28.03,48.59,209.6,0.312,0
2025-10-05T21:37:00,34.28,48.43,244.3,0.25,0
2025-10-05T21:38:00,33.85,50.0,251.6,0.162,0
2025-10-05T21:39:00,26.34,49.83,201.2,0.199,0
2025-10-05T21:40:00,27.33,50.36,226.0,0.184,0
2025-10-05T21:41:00,27.82,48.54,203.1,0.189,0
2025-10-05T21:42:00,29.02,51.64,187.0,0.339,0
2025-10-05T21:43:00,22.68,47.54,224.6,0.244,0
2025-10-05T21:44:00,32.98,49.36,213.0,0.165,0
2025-10-05T21:45:00,28.73,51.57,187.4,0.188,0
2025-10-05T21:46:00,31.06,48.63,215.8,0.178,0
2025-10-05T21:47:00,29.77,49.29,192.2,0.28,0
2025-10-05T21:48:00,31.51,51.43,229.9,0.149,0
2025-10-05T21:49:00,31.69,45.55,231.6,0.157,0
2025-10-05T21:50:00,36.34,51.73,174.9,0.135,0
2025-10-05T21:51:00,24.26,51.94,234.6,0.154,0
2025-10-05T21:52:00,28.02,49.31,208.7,0.259,0
2025-10-05T21:53:00,30.51,50.07,202.1,0.197,0
2025-10-05T21:54:00,25.3,48.58,246.6,0.136,0
2025-10-05T21:55:00,30.34,48.33,163.5,0.21,0
2025-10-05T21:56:00,21.67,51.94,204.8,0.258,0
2025-10-05T21:57:00,31.75,48.11,177.8,0.179,0
2025-10-05T21:58:00,29.24,49.57,247.9,0.214,0
2025-10-05T21:59:00,25.53,48.93,190.3,0.172,0
2025-10-05T22:00:00,35.17,46.75,206.0,0.116,0
2025-10-05T22:01:00,27.21,46.14,189.5,0.269,0
2025-10-05T22:02:00,29.38,48.33,197.4,0.235,0
2025-10-05T22:03:00,27.68,47.07,186.0,0.271,0
2025-10-05T22:04:00,23.77,44.83,198.5,0.252,0
2025-10-05T22:05:00,28.36,44.48,228.1,0.222,0
2025-10-05T22:06:00,28.33,49.69,171.6,0.18,0
2025-10-05T22:07:00,21.17,48.99,220.6,0.243,0
2025-10-05T22:08:00,29.31,50.63,176.9,0.204,0
2025-10-05T22:09:00,23.64,46.65,189.2,0.304,0
2025-10-05T22:10:00,26.73,48.27,178.9,0.235,0
2025-10-05T22:11:00,28.11,48.05,173.0,0.197,0
2025-10-05T22:12:00,30.92,51.03,191.8,0.195,0
2025-10-05T22:13:00,25.05,47.02,198.1,0.219,0
2025-10-05T22:14:00,24.75,47.06,164.4,0.256,0
2025-10-05T22:15:00,30.64,51.24,204.3,0.193,0
2025-10-05T22:16:00,21.37,47.28,213.4,0.219,0
2025-10-05T22:17:00,16.13,46.94,196.5,0.131,0
2025-10-05T22:18:00,28.4,49.64,135.0,0.144,0
2025-10-05T22:19:00,27.03,48.76,197.1,0.231,0
2025-10-05T22:20:00,31.11,49.4,181.2,0.222,0
2025-10-05T22:21:00,30.74,47.37,192.9,0.126,0
2025-10-05T22:22:00,28.08,50.27,197.9,0.185,0
2025-10-05T22:23:00,26.41,46.74,188.2,0.189,0
2025-10-05T22:24:00,26.33,46.55,164.9,0.212,0
2025-10-05T22:25:00,25.1,45.85,166.0,0.15,0
2025-10-05T22:26:00,25.19,46.13,191.0,0.193,0
2025-10-05T22:27:00,26.36,49.29,213.5,0.218,0
2025-10-05T22:28:00,26.26,50.37,190.8,0.231,0
2025-10-05T22:29:00,28.27,46.22,220.9,0.147,0
2025-10-05T22:30:00,31.01,49.59,195.2,0.247,0
2025-10-05T22:31:00,25.6,51.8,182.1,0.1,0
2025-10-05T22:32:00,24.39,46.42,211.8,0.179,0
2025-10-05T22:33:00,26.76,47.14,162.5,0.136,0
2025-10-05T22:34:00,29.7,47.83,204.7,0.175,0
2025-10-05T22:35:00,24.27,46.73,183.3,0.253,0
2025-10-05T22:36:00,25.79,46.19,197.2,0.257,0
2025-10-05T22:37:00,34.57,47.37,193.2,0.148,0
2025-10-05T22:38:00,27.38,45.27,235.7,0.23,0
2025-10-05T22:39:00,24.35,45.88,214.8,0.187,0
2025-10-05T22:40:00,26.04,47.12,217.2,0.175,0
2025-10-05T22:41:00,24.96,45.98,199.8,0.194,0
2025-10-05T22:42:00,32.35,50.16,227.8,0.28,0
2025-10-05T22:43:00,24.34,50.19,198.7,0.209,0
2025-10-05T22:44:00,27.45,44.08,200.2,0.167,0
2025-10-05T22:45:00,20.88,47.74,162.3,0.135,0
2025-10-05T22:46:00,31.4,49.59,205.0,0.199,0
2025-10-05T22:47:00,26.09,45.64,203.1,0.266,0
2025-10-05T22:48:00,29.07,46.45,167.8,0.28,0
2025-10-05T22:49:00,25.77,48.28,186.9,0.202,0
2025-10-05T22:50:00,23.56,45.91,208.0,0.216,0
2025-10-05T22:51:00,31.82,47.09,173.0,0.108,0
2025-10-05T22:52:00,25.16,47.36,233.2,0.168,0
2025-10-05T22:53:00,23.39,47.82,200.7,0.12,0
2025-10-05T22:54:00,18.45,46.89,193.0,0.184,0
2025-10-05T22:55:00,21.7,50.08,179.8,0.263,0
2025-10-05T22:56:00,27.66,46.91,206.7,0.272,0
2025-10-05T22:57:00,22.74,49.35,175.5,0.264,0
2025-10-05T22:58:00,25.55,48.28,174.8,0.28,0
2025-10-05T22:59:00,25.78,48.29,204.1,0.19,0
2025-10-05T23:00:00,19.46,46.22,176.4,0.247,0
2025-10-05T23:01:00,23.27,48.57,203.0,0.185,0
2025-10-05T23:02:00,22.4,50.22,144.8,0.199,0
2025-10-05T23:03:00,22.25,49.95,139.0,0.264,0
2025-10-05T23:04:00,27.29,48.25,207.3,0.215,0
2025-10-05T23:05:00,29.2,48.95,154.3,0.079,0
2025-10-05T23:06:00,21.88,45.58,197.1,0.224,0
2025-10-05T23:07:00,20.17,44.25,188.5,0.244,0
2025-10-05T23:08:00,15.29,50.98,174.7,0.182,0
2025-10-05T23:09:00,32.12,49.53,176.2,0.234,0
2025-10-05T23:10:00,19.7,46.62,188.4,0.222,0
2025-10-05T23:11:00,27.25,47.61,177.6,0.181,0
2025-10-05T23:12:00,28.48,49.21,175.1,0.19,0
2025-10-05T23:13:00,29.67,46.14,189.8,0.208,0
2025-10-05T23:14:00,29.49,49.47,150.6,0.227,0
2025-10-05T23:15:00,30.87,49.92,160.7,0.205,0
2025-10-05T23:16:00,27.35,46.34,169.7,0.202,0
2025-10-05T23:17:00,23.45,46.39,211.8,0.13,0
2025-10-05T23:18:00,20.57,46.79,176.3,0.206,0
2025-10-05T23:19:00,29.28,47.65,190.3,0.226,0
2025-10-05T23:20:00,29.75,51.41,203.4,0.243,0
2025-10-05T23:21:00,28.91,46.2,190.7,0.134,0
2025-10-05T23:22:00,26.11,47.56,206.9,0.266,0
2025-10-05T23:23:00,32.58,48.27,184.8,0.248,0
2025-10-05T23:24:00,27.41,44.46,137.6,0.218,0
2025-10-05T23:25:00,30.7,50.49,192.3,0.244,0
2025-10-05T23:26:00,23.69,48.81,171.4,0.212,0
2025-10-05T23:27:00,26.47,47.84,204.5,0.223,0
2025-10-05T23:28:00,32.03,48.2,181.7,0.184,0
2025-10-05T23:29:00,27.17,45.46,171.9,0.185,0
2025-10-05T23:30:00,26.12,50.66,199.9,0.153,0
2025-10-05T23:31:00,29.37,49.13,189.2,0.248,0
2025-10-05T23:32:00,21.85,47.9,208.3,0.097,0
2025-10-05T23:33:00,25.73,47.81,197.2,0.114,0
2025-10-05T23:34:00,24.05,48.22,197.0,0.249,0
2025-10-05T23:35:00,26.05,49.64,174.7,0.147,0
2025-10-05T23:36:00,23.01,48.07,166.7,0.212,0
2025-10-05T23:37:00,27.39,47.32,160.3,0.248,0
2025-10-05T23:38:00,30.28,50.27,171.7,0.202,0
2025-10-05T23:39:00,22.11,48.8,187.7,0.135,0
2025-10-05T23:40:00,23.77,48.14,184.8,0.272,0
2025-10-05T23:41:00,27.3,47.47,197.2,0.272,0
2025-10-05T23:42:00,23.44,48.27,184.4,0.19,0
2025-10-05T23:43:00,24.61,47.78,180.2,0.252,0
2025-10-05T23:44:00,21.66,43.94,174.1,0.244,0
2025-10-05T23:45:00,21.47,46.46,189.2,0.206,0
2025-10-05T23:46:00,26.54,50.66,192.6,0.232,0
2025-10-05T23:47:00,21.58,47.68,211.8,0.29,0
2025-10-05T23:48:00,27.44,46.69,182.4,0.208,0
2025-10-05T23:49:00,22.88,49.81,191.0,0.161,0
2025-10-05T23:50:00,24.7,50.35,176.5,0.282,0
2025-10-05T23:51:00,27.18,49.55,182.2,0.146,0
2025-10-05T23:52:00,19.68,48.01,121.6,0.152,0
2025-10-05T23:53:00,29.26,47.18,189.9,0.223,0
2025-10-05T23:54:00,21.77,45.74,217.2,0.178,0
2025-10-05T23:55:00,24.51,46.61,176.4,0.248,0
2025-10-05T23:56:00,27.08,45.83,189.8,0.155,0
2025-10-05T23:57:00,30.95,44.2,205.4,0.197,0
2025-10-05T23:58:00,25.06,46.98,212.7,0.209,0
2025-10-05T23:59:00,22.67,45.62,200.0,0.141,0
2025-10-06T00:00:00,22.27,52.18,196.2,0.311,0
2025-10-06T00:01:00,23.82,50.52,177.3,0.156,0
2025-10-06T00:02:00,22.2,50.41,169.6,0.121,0
2025-10-06T00:03:00,25.44,48.72,205.3,0.111,0
2025-10-06T00:04:00,26.72,45.63,172.9,0.192,0
2025-10-06T00:05:00,25.78,48.61,206.8,0.128,0
2025-10-06T00:06:00,25.6,45.55,152.4,0.125,0
2025-10-06T00:07:00,30.59,44.19,163.3,0.217,0
2025-10-06T00:08:00,25.98,46.5,171.0,0.163,0
2025-10-06T00:09:00,28.43,47.62,176.4,0.157,0
2025-10-06T00:10:00,29.42,44.55,185.8,0.177,0
2025-10-06T00:11:00,19.86,47.17,170.4,0.174,0
2025-10-06T00:12:00,27.21,49.37,243.5,0.203,0
2025-10-06T00:13:00,26.95,49.3,155.9,0.159,0
2025-10-06T00:14:00,21.42,49.33,172.9,0.266,0
2025-10-06T00:15:00,25.58,47.65,151.0,0.105,0
2025-10-06T00:16:00,56.82,44.86,323.5,6.383,1
2025-10-06T00:17:00,23.41,49.26,190.8,0.224,0
2025-10-06T00:18:00,58.93,47.69,251.3,7.531,1
2025-10-06T00:19:00,25.9,45.59,172.3,0.254,0
2025-10-06T00:20:00,24.81,48.63,204.5,0.123,0
2025-10-06T00:21:00,26.37,47.18,185.2,0.148,0
2025-10-06T00:22:00,25.93,47.12,160.3,0.26,0
2025-10-06T00:23:00,26.28,45.91,195.1,0.183,0
2025-10-06T00:24:00,27.98,46.44,183.7,0.143,0
2025-10-06T00:25:00,27.77,47.42,195.2,0.262,0
2025-10-06T00:26:00,28.18,45.74,202.8,0.163,0
2025-10-06T00:27:00,24.95,42.81,212.6,0.178,0
2025-10-06T00:28:00,22.74,47.04,159.5,0.176,0
2025-10-06T00:29:00,19.81,46.91,162.6,0.135,0
2025-10-06T00:30:00,22.59,49.69,187.9,0.243,0
2025-10-06T00:31:00,21.4,49.94,151.3,0.209,0
2025-10-06T00:32:00,25.08,46.41,212.6,0.089,0
2025-10-06T00:33:00,24.26,49.42,145.2,0.2,0
2025-10-06T00:34:00,23.89,50.42,160.0,0.204,0
2025-10-06T00:35:00,28.09,47.41,160.1,0.21,0
2025-10-06T00:36:00,28.49,49.48,149.4,0.192,0
2025-10-06T00:37:00,26.25,45.21,167.0,0.229,0
2025-10-06T00:38:00,26.81,45.22,201.2,0.26,0
2025-10-06T00:39:00,22.05,51.06,188.1,0.289,0
2025-10-06T00:40:00,22.54,50.05,188.7,0.167,0
2025-10-06T00:41:00,23.38,44.7,197.6,0.21,0
2025-10-06T00:42:00,24.95,50.39,223.5,0.248,0
2025-10-06T00:43:00,25.48,44.19,197.3,0.256,0
2025-10-06T00:44:00,25.65,47.0,201.8,0.166,0
2025-10-06T00:45:00,25.87,48.57,169.8,0.214,0
2025-10-06T00:46:00,22.85,47.99,173.1,0.271,0
2025-10-06T00:47:00,25.32,46.97,177.0,0.194,0
2025-10-06T00:48:00,27.92,45.02,151.1,0.143,0
2025-10-06T00:49:00,26.02,43.46,201.3,0.274,0
2025-10-06T00:50:00,21.82,43.66,188.5,0.158,0
2025-10-06T00:51:00,26.96,45.93,153.7,0.221,0
2025-10-06T00:52:00,55.46,46.83,225.0,4.807,1
2025-10-06T00:53:00,23.59,47.17,155.8,0.189,0
2025-10-06T00:54:00,24.71,47.75,183.9,0.234,0
2025-10-06T00:55:00,23.85,46.38,209.6,0.219,0
2025-10-06T00:56:00,27.69,50.58,157.8,0.169,0
2025-10-06T00:57:00,22.62,48.9,176.2,0.165,0
2025-10-06T00:58:00,18.33,46.8,186.1,0.251,0
2025-10-06T00:59:00,27.6,48.29,175.4,0.205,0
2025-10-06T01:00:00,29.05,47.47,195.8,0.252,0
2025-10-06T01:01:00,26.57,46.66,174.9,0.141,0
2025-10-06T01:02:00,23.7,50.37,173.4,0.135,0
2025-10-06T01:03:00,25.99,46.12,151.8,0.271,0
2025-10-06T01:04:00,26.66,49.6,147.7,0.232,0
2025-10-06T01:05:00,25.7,47.7,158.0,0.274,0
2025-10-06T01:06:00,27.57,45.22,157.8,0.272,0
2025-10-06T01:07:00,26.94,48.59,160.2,0.314,0
2025-10-06T01:08:00,22.75,50.36,166.0,0.22,0
2025-10-06T01:09:00,23.04,48.63,202.5,0.144,0
2025-10-06T01:10:00,31.88,46.09,174.5,0.293,0
2025-10-06T01:11:00,29.67,46.92,203.3,0.215,0
2025-10-06T01:12:00,22.63,46.22,174.0,0.12,0
2025-10-06T01:13:00,25.81,48.34,207.5,0.239,0
2025-10-06T01:14:00,25.67,44.64,158.7,0.198,0
2025-10-06T01:15:00,25.17,49.16,180.7,0.168,0
2025-10-06T01:16:00,23.16,49.23,173.5,0.229,0
2025-10-06T01:17:00,25.95,46.08,204.7,0.238,0
2025-10-06T01:18:00,25.65,48.02,184.8,0.211,0
2025-10-06T01:19:00,24.17,47.74,186.8,0.221,0
2025-10-06T01:20:00,26.54,45.49,172.0,0.248,0
2025-10-06T01:21:00,29.58,51.08,214.7,0.232,0
2025-10-06T01:22:00,25.31,47.39,201.6,0.151,0
2025-10-06T01:23:00,22.55,43.37,185.7,0.142,0
2025-10-06T01:24:00,23.55,45.66,202.2,0.107,0
2025-10-06T01:25:00,20.85,51.09,183.4,0.211,0
2025-10-06T01:26:00,27.64,49.09,127.7,0.264,0
2025-10-06T01:27:00,29.6,46.82,186.8,0.179,0
2025-10-06T01:28:00,27.66,45.7,160.4,0.208,0
2025-10-06T01:29:00,25.03,46.86,177.1,0.213,0
2025-10-06T01:30:00,27.11,45.39,210.3,0.207,0
2025-10-06T01:31:00,25.09,48.79,203.5,0.2,0
2025-10-06T01:32:00,29.76,49.0,218.9,0.226,0
2025-10-06T01:33:00,25.75,49.16,189.2,0.113,0
2025-10-06T01:34:00,19.3,44.15,171.3,0.114,0
2025-10-06T01:35:00,24.9,47.72,161.0,0.171,0
2025-10-06T01:36:00,28.06,49.13,187.9,0.179,0
2025-10-06T01:37:00,22.25,50.7,168.5,0.195,0
2025-10-06T01:38:00,29.99,49.05,178.2,0.172,0
2025-10-06T01:39:00,19.93,49.18,180.0,0.176,0
2025-10-06T01:40:00,27.22,47.67,153.7,0.165,0
2025-10-06T01:41:00,21.72,45.68,174.5,0.204,0
2025-10-06T01:42:00,25.43,45.85,169.6,0.265,0
2025-10-06T01:43:00,28.38,47.36,192.9,0.239,0
2025-10-06T01:44:00,23.86,45.84,182.4,0.194,0
2025-10-06T01:45:00,24.37,47.94,169.0,0.118,0
2025-10-06T01:46:00,25.66,47.28,173.7,0.185,0
2025-10-06T01:47:00,19.9,43.5,178.5,0.174,0
2025-10-06T01:48:00,29.62,44.41,193.0,0.148,0
2025-10-06T01:49:00,28.87,45.15,176.0,0.288,0
2025-10-06T01:50:00,23.88,45.96,212.2,0.236,0
2025-10-06T01:51:00,29.14,49.69,144.3,0.157,0
2025-10-06T01:52:00,35.04,50.77,196.5,0.123,0
2025-10-06T01:53:00,26.28,48.35,166.9,0.237,0
2025-10-06T01:54:00,28.12,47.31,173.4,0.14,0
2025-10-06T01:55:00,31.16,45.1,187.1,0.205,0
2025-10-06T01:56:00,20.56,47.25,175.1,0.18,0
2025-10-06T01:57:00,24.38,48.65,186.1,0.302,0
2025-10-06T01:58:00,24.97,49.29,197.0,0.105,0
2025-10-06T01:59:00,21.25,46.59,190.5,0.253,0
2025-10-06T02:00:00,25.72,46.53,193.6,0.205,0
2025-10-06T02:01:00,26.44,48.85,220.2,0.319,0
2025-10-06T02:02:00,24.03,50.25,177.5,0.229,0
2025-10-06T02:03:00,21.62,48.91,203.1,0.151,0
2025-10-06T02:04:00,26.0,48.03,208.5,0.212,0
2025-10-06T02:05:00,26.45,51.18,190.6,0.226,0
2025-10-06T02:06:00,25.81,50.49,202.4,0.192,0
2025-10-06T02:07:00,28.51,46.75,203.3,0.181,0
2025-10-06T02:08:00,29.88,47.47,208.5,0.11,0
2025-10-06T02:09:00,29.92,47.73,179.7,0.225,0
2025-10-06T02:10:00,25.02,48.62,180.3,0.144,0
2025-10-06T02:11:00,27.4,48.39,206.4,0.188,0
2025-10-06T02:12:00,24.89,51.98,223.7,0.147,0
2025-10-06T02:13:00,25.84,46.11,194.2,0.189,0
2025-10-06T02:14:00,23.84,47.61,180.2,0.201,0
2025-10-06T02:15:00,27.53,45.43,155.8,0.212,0
2025-10-06T02:16:00,20.72,43.96,224.5,0.055,0
2025-10-06T02:17:00,25.91,48.37,178.5,0.245,0
2025-10-06T02:18:00,31.13,49.0,184.4,0.282,0
2025-10-06T02:19:00,27.05,44.71,139.9,0.168,0
2025-10-06T02:20:00,27.87,47.43,238.7,0.193,0
2025-10-06T02:21:00,23.99,47.15,196.2,0.18,0
2025-10-06T02:22:00,29.75,42.53,162.0,0.235,0
2025-10-06T02:23:00,26.7,47.12,221.8,0.233,0
2025-10-06T02:24:00,28.92,45.46,214.4,0.208,0
2025-10-06T02:25:00,25.98,48.52,219.6,0.271,0
2025-10-06T02:26:00,27.08,47.86,223.8,0.262,0
2025-10-06T02:27:00,28.88,47.69,188.4,0.158,0
2025-10-06T02:28:00,29.34,47.8,182.5,0.214,0
2025-10-06T02:29:00,25.74,50.71,209.2,0.204,0
2025-10-06T02:30:00,31.43,46.46,193.6,0.249,0
2025-10-06T02:31:00,28.52,45.26,158.8,0.254,0
2025-10-06T02:32:00,27.45,50.06,207.9,0.217,0
2025-10-06T02:33:00,23.02,46.56,187.6,0.172,0
2025-10-06T02:34:00,26.98,47.12,204.5,0.129,0
2025-10-06T02:35:00,21.31,47.85,151.8,0.202,0
2025-10-06T02:36:00,27.56,48.64,188.5,0.174,0
2025-10-06T02:37:00,31.19,47.05,152.7,0.231,0
2025-10-06T02:38:00,25.45,46.01,184.2,0.152,0
2025-10-06T02:39:00,29.44,47.66,207.5,0.211,0
2025-10-06T02:40:00,29.02,49.83,228.3,0.215,0
2025-10-06T02:41:00,25.4,47.35,223.3,0.16,0
2025-10-06T02:42:00,25.19,45.44,176.7,0.126,0
2025-10-06T02:43:00,32.89,48.31,226.4,0.18,0
2025-10-06T02:44:00,25.51,47.85,178.9,0.219,0
2025-10-06T02:45:00,31.59,52.4,172.1,0.183,0
2025-10-06T02:46:00,28.08,44.76,175.5,0.223,0
2025-10-06T02:47:00,24.85,49.68,214.8,0.24,0
2025-10-06T02:48:00,28.26,48.71,185.3,0.213,0
2025-10-06T02:49:00,23.67,50.82,157.2,0.226,0
2025-10-06T02:50:00,23.55,48.5,226.6,0.116,0
2025-10-06T02:51:00,25.88,44.99,205.8,0.188,0
2025-10-06T02:52:00,30.97,47.82,177.2,0.267,0
2025-10-06T02:53:00,25.14,50.07,193.9,0.255,0
2025-10-06T02:54:00,26.7,48.36,201.9,0.189,0
2025-10-06T02:55:00,25.29,48.93,195.4,0.22,0
2025-10-06T02:56:00,32.31,46.57,163.9,0.123,0
2025-10-06T02:57:00,33.69,47.62,209.6,0.192,0
2025-10-06T02:58:00,28.43,49.09,192.6,0.163,0
2025-10-06T02:59:00,59.51,47.47,248.0,7.626,1
2025-10-06T03:00:00,28.88,47.03,189.7,0.197,0
2025-10-06T03:01:00,35.24,47.06,239.7,0.186,0
2025-10-06T03:02:00,67.92,50.95,216.1,3.312,1
2025-10-06T03:03:00,29.95,49.75,221.4,0.249,0
2025-10-06T03:04:00,27.55,46.67,189.1,0.16,0
2025-10-06T03:05:00,29.08,48.15,210.6,0.147,0
2025-10-06T03:06:00,29.74,49.51,228.5,0.26,0
2025-10-06T03:07:00,30.29,48.51,210.9,0.178,0
2025-10-06T03:08:00,29.49,48.7,222.0,0.19,0
2025-10-06T03:09:00,22.3,47.79,176.4,0.241,0
2025-10-06T03:10:00,30.19,50.12,178.2,0.198,0
2025-10-06T03:11:00,29.29,47.6,218.5,0.206,0
2025-10-06T03:12:00,27.43,48.16,221.1,0.136,0
2025-10-06T03:13:00,30.63,49.98,243.1,0.242,0
2025-10-06T03:14:00,32.07,48.5,187.5,0.244,0
2025-10-06T03:15:00,29.45,54.06,213.4,0.197,0
2025-10-06T03:16:00,31.23,48.68,196.3,0.21,0
2025-10-06T03:17:00,31.45,52.23,206.7,0.157,0
2025-10-06T03:18:00,30.21,48.82,206.7,0.241,0
2025-10-06T03:19:00,28.81,47.81,216.8,0.155,0
2025-10-06T03:20:00,35.71,50.3,210.8,0.167,0
2025-10-06T03:21:00,31.89,48.21,190.9,0.213,0
2025-10-06T03:22:00,29.74,50.91,191.0,0.214,0
2025-10-06T03:23:00,33.64,48.42,189.0,0.158,0
2025-10-06T03:24:00,27.78,52.68,167.0,0.145,0
2025-10-06T03:25:00,31.42,48.29,220.0,0.163,0
2025-10-06T03:26:00,29.71,50.87,217.3,0.095,0
2025-10-06T03:27:00,30.35,47.69,206.2,0.207,0
2025-10-06T03:28:00,28.45,51.5,172.8,0.174,0
2025-10-06T03:29:00,27.69,49.07,200.1,0.221,0
2025-10-06T03:30:00,24.52,48.6,189.6,0.226,0
2025-10-06T03:31:00,23.46,52.08,228.9,0.186,0
2025-10-06T03:32:00,29.63,51.13,195.5,0.211,0
2025-10-06T03:33:00,30.51,50.12,216.4,0.163,0
2025-10-06T03:34:00,28.81,51.55,260.1,0.251,0
2025-10-06T03:35:00,35.71,44.71,214.7,0.162,0
2025-10-06T03:36:00,30.22,47.07,183.6,0.186,0
2025-10-06T03:37:00,30.52,49.18,236.7,0.146,0
2025-10-06T03:38:00,24.75,45.78,233.9,0.165,0
2025-10-06T03:39:00,26.46,49.63,203.6,0.183,0
2025-10-06T03:40:00,28.67,46.38,186.2,0.273,0
2025-10-06T03:41:00,31.24,49.07,195.8,0.265,0
2025-10-06T03:42:00,32.3,54.15,212.2,0.238,0
2025-10-06T03:43:00,28.6,54.32,224.6,0.153,0
2025-10-06T03:44:00,31.04,45.01,164.4,0.267,0
2025-10-06T03:45:00,35.17,47.19,160.8,0.178,0
2025-10-06T03:46:00,32.0,49.49,242.4,0.214,0
2025-10-06T03:47:00,33.07,47.69,230.2,0.208,0
2025-10-06T03:48:00,27.65,51.71,212.0,0.218,0
2025-10-06T03:49:00,27.3,51.85,227.2,0.176,0
2025-10-06T03:50:00,25.29,50.56,224.7,0.113,0
2025-10-06T03:51:00,26.23,47.13,196.3,0.19,0
2025-10-06T03:52:00,33.7,49.28,198.0,0.224,0
2025-10-06T03:53:00,31.41,49.27,232.4,0.257,0
2025-10-06T03:54:00,30.14,50.65,248.1,0.187,0
2025-10-06T03:55:00,25.92,47.56,222.3,0.299,0
2025-10-06T03:56:00,24.63,49.24,185.6,0.208,0
2025-10-06T03:57:00,32.74,50.57,164.9,0.282,0
2025-10-06T03:58:00,31.99,49.02,222.6,0.267,0
2025-10-06T03:59:00,29.6,50.6,206.7,0.328,0
2025-10-06T04:00:00,35.37,56.67,234.7,0.174,0
2025-10-06T04:01:00,32.14,50.1,193.1,0.103,0
2025-10-06T04:02:00,33.92,52.43,244.0,0.205,0
2025-10-06T04:03:00,31.63,51.48,211.0,0.206,0
2025-10-06T04:04:00,34.34,52.32,233.2,0.252,0
2025-10-06T04:05:00,33.77,51.42,280.8,0.177,0
2025-10-06T04:06:00,33.13,49.86,236.7,0.21,0
2025-10-06T04:07:00,38.04,48.83,243.7,0.237,0
2025-10-06T04:08:00,34.12,49.04,240.1,0.223,0
2025-10-06T04:09:00,40.91,48.8,254.9,0.18,0
2025-10-06T04:10:00,30.17,49.4,252.6,0.096,0
2025-10-06T04:11:00,34.83,48.56,217.3,0.086,0
2025-10-06T04:12:00,30.53,55.35,234.4,0.25,0
2025-10-06T04:13:00,31.65,51.35,207.7,0.118,0
2025-10-06T04:14:00,34.92,50.4,251.4,0.303,0
2025-10-06T04:15:00,33.43,51.15,236.5,0.179,0
2025-10-06T04:16:00,37.52,53.56,285.2,0.143,0
2025-10-06T04:17:00,28.47,51.47,233.0,0.255,0
2025-10-06T04:18:00,29.28,51.55,231.0,0.208,0
2025-10-06T04:19:00,35.95,50.82,228.5,0.195,0
2025-10-06T04:20:00,30.08,47.81,234.8,0.128,0
2025-10-06T04:21:00,26.42,47.92,225.9,0.128,0
2025-10-06T04:22:00,27.64,55.36,225.4,0.228,0
2025-10-06T04:23:00,34.82,53.75,256.0,0.216,0
2025-10-06T04:24:00,32.54,48.16,227.0,0.188,0
2025-10-06T04:25:00,37.15,48.95,210.2,0.206,0
2025-10-06T04:26:00,36.86,54.04,222.6,0.239,0
2025-10-06T04:27:00,25.54,52.71,249.7,0.245,0
2025-10-06T04:28:00,29.4,49.21,268.1,0.132,0
2025-10-06T04:29:00,31.48,52.03,228.4,0.197,0
2025-10-06T04:30:00,31.77,52.19,218.5,0.233,0
2025-10-06T04:31:00,30.52,50.48,272.1,0.122,0
2025-10-06T04:32:00,39.21,52.09,289.5,0.212,0
2025-10-06T04:33:00,36.66,49.31,258.1,0.272,0
2025-10-06T04:34:00,31.37,51.77,212.1,0.245,0
2025-10-06T04:35:00,28.85,54.99,229.6,0.164,0
2025-10-06T04:36:00,33.15,50.67,246.2,0.26,0
2025-10-06T04:37:00,36.53,51.84,232.8,0.158,0
2025-10-06T04:38:00,32.14,52.29,233.7,0.239,0
2025-10-06T04:39:00,76.4,50.45,272.6,3.336,1
2025-10-06T04:40:00,31.28,50.44,262.9,0.133,0
2025-10-06T04:41:00,31.85,55.57,235.4,0.208,0
2025-10-06T04:42:00,34.56,52.13,223.7,0.14,0
2025-10-06T04:43:00,29.93,53.29,225.8,0.152,0
2025-10-06T04:44:00,31.42,50.51,282.8,0.125,0
2025-10-06T04:45:00,31.86,48.81,227.5,0.199,0
2025-10-06T04:46:00,29.89,47.45,256.4,0.197,0
2025-10-06T04:47:00,28.47,48.52,235.2,0.224,0
2025-10-06T04:48:00,26.5,52.56,235.7,0.224,0
2025-10-06T04:49:00,35.29,52.22,256.3,0.147,0
2025-10-06T04:50:00,36.16,52.83,252.8,0.233,0
2025-10-06T04:51:00,30.91,51.92,253.0,0.131,0
2025-10-06T04:52:00,32.69,52.68,206.5,0.253,0
2025-10-06T04:53:00,29.93,49.92,254.1,0.15,0
2025-10-06T04:54:00,29.8,52.75,273.6,0.118,0
2025-10-06T04:55:00,34.43,50.93,203.9,0.2,0
2025-10-06T04:56:00,30.41,49.62,247.9,0.091,0
2025-10-06T04:57:00,32.57,52.23,251.1,0.129,0
2025-10-06T04:58:00,31.66,50.9,216.7,0.239,0
2025-10-06T04:59:00,36.48,50.32,259.5,0.15,0
2025-10-06T05:00:00,33.72,53.67,275.9,0.241,0
2025-10-06T05:01:00,37.85,53.32,280.0,0.194,0
2025-10-06T05:02:00,34.75,51.71,258.9,0.214,0
2025-10-06T05:03:00,37.16,52.65,298.4,0.213,0
2025-10-06T05:04:00,40.07,52.65,276.5,0.148,0
2025-10-06T05:05:00,36.09,55.31,262.0,0.222,0
2025-10-06T05:06:00,40.36,51.84,242.3,0.067,0
2025-10-06T05:07:00,33.18,48.31,259.3,0.181,0
2025-10-06T05:08:00,32.99,53.21,266.5,0.211,0
2025-10-06T05:09:00,36.12,51.63,262.5,0.199,0
2025-10-06T05:10:00,38.06,54.07,281.3,0.238,0
2025-10-06T05:11:00,35.02,51.59,262.9,0.168,0
2025-10-06T05:12:00,37.4,55.79,270.0,0.159,0
2025-10-06T05:13:00,36.01,51.09,276.1,0.221,0
2025-10-06T05:14:00,36.89,49.35,261.0,0.23,0
2025-10-06T05:15:00,35.62,53.54,248.4,0.108,0
2025-10-06T05:16:00,38.91,53.79,307.4,0.201,0
2025-10-06T05:17:00,39.46,58.4,296.6,0.172,0
2025-10-06T05:18:00,34.94,51.38,272.1,0.239,0
2025-10-06T05:19:00,36.6,51.96,265.7,0.185,0
2025-10-06T05:20:00,39.46,53.43,275.8,0.191,0
2025-10-06T05:21:00,37.93,54.42,224.1,0.21,0
2025-10-06T05:22:00,41.4,52.82,290.2,0.214,0
2025-10-06T05:23:00,31.62,53.43,285.9,0.25,0
2025-10-06T05:24:00,33.6,52.24,246.2,0.239,0
2025-10-06T05:25:00,37.17,52.64,272.0,0.246,0
2025-10-06T05:26:00,33.28,54.01,264.6,0.231,0
2025-10-06T05:27:00,37.07,54.17,265.5,0.179,0
2025-10-06T05:28:00,33.98,52.43,314.9,0.137,0
2025-10-06T05:29:00,42.09,56.23,273.2,0.099,0
2025-10-06T05:30:00,34.12,51.34,250.9,0.181,0
2025-10-06T05:31:00,35.01,51.13,267.9,0.17,0
2025-10-06T05:32:00,31.13,56.33,226.8,0.134,0
2025-10-06T05:33:00,37.16,50.57,275.5,0.126,0
2025-10-06T05:34:00,37.79,52.38,284.9,0.161,0
2025-10-06T05:35:00,30.27,55.28,280.1,0.161,0
2025-10-06T05:36:00,32.98,47.9,263.6,0.19,0
2025-10-06T05:37:00,30.87,52.76,271.9,0.17,0
2025-10-06T05:38:00,35.19,50.88,277.6,0.264,0
2025-10-06T05:39:00,37.41,53.78,289.7,0.107,0
2025-10-06T05:40:00,32.26,53.18,291.6,0.186,0
2025-10-06T05:41:00,41.08,53.26,258.4,0.224,0
2025-10-06T05:42:00,34.09,55.25,237.8,0.139,0
2025-10-06T05:43:00,35.41,52.88,257.4,0.208,0
2025-10-06T05:44:00,37.22,53.09,261.7,0.197,0
2025-10-06T05:45:00,38.29,56.19,302.7,0.259,0
2025-10-06T05:46:00,36.91,51.93,259.5,0.268,0
2025-10-06T05:47:00,34.2,49.4,221.7,0.202,0
2025-10-06T05:48:00,37.76,55.7,253.7,0.17,0
2025-10-06T05:49:00,40.31,56.78,249.8,0.271,0
2025-10-06T05:50:00,36.83,51.04,248.7,0.104,0
2025-10-06T05:51:00,28.88,52.44,286.1,0.237,0
2025-10-06T05:52:00,33.06,53.73,234.1,0.169,0
2025-10-06T05:53:00,38.42,56.08,239.0,0.234,0
2025-10-06T05:54:00,28.03,56.19,264.8,0.103,0
2025-10-06T05:55:00,36.87,54.84,275.6,0.194,0
2025-10-06T05:56:00,33.58,53.69,279.2,0.18,0
2025-10-06T05:57:00,41.39,51.98,288.9,0.301,0
2025-10-06T05:58:00,35.33,53.18,280.9,0.249,0
2025-10-06T05:59:00,39.04,50.55,296.9,0.145,0
2025-10-06T06:00:00,36.0,51.57,309.8,0.262,0
2025-10-06T06:01:00,41.27,52.26,341.6,0.14,0
2025-10-06T06:02:00,35.65,59.12,315.3,0.201,0
2025-10-06T06:03:00,41.44,53.8,332.7,0.194,0
2025-10-06T06:04:00,39.63,52.86,300.2,0.075,0
2025-10-06T06:05:00,44.86,53.93,269.9,0.246,0
2025-10-06T06:06:00,36.62,57.82,297.1,0.223,0
2025-10-06T06:07:00,39.26,54.6,309.1,0.131,0
2025-10-06T06:08:00,36.76,54.91,291.9,0.141,0
2025-10-06T06:09:00,40.78,52.64,298.6,0.146,0
2025-10-06T06:10:00,42.64,57.16,285.2,0.181,0
2025-10-06T06:11:00,43.28,57.27,290.2,0.23,0
2025-10-06T06:12:00,44.73,57.38,308.0,0.257,0
2025-10-06T06:13:00,39.85,57.97,277.6,0.2,0
2025-10-06T06:14:00,48.12,54.98,274.7,0.199,0
2025-10-06T06:15:00,41.95,53.74,297.0,0.217,0
2025-10-06T06:16:00,37.87,55.78,294.4,0.167,0
2025-10-06T06:17:00,43.78,57.02,288.5,0.18,0
2025-10-06T06:18:00,34.75,55.2,300.2,0.259,0
2025-10-06T06:19:00,37.89,51.4,290.9,0.128,0
2025-10-06T06:20:00,37.15,50.22,279.7,0.142,0
2025-10-06T06:21:00,44.61,55.51,327.2,0.247,0
2025-10-06T06:22:00,42.58,55.5,306.3,0.286,0
2025-10-06T06:23:00,37.61,57.8,319.2,0.163,0
2025-10-06T06:24:00,38.61,53.72,298.3,0.232,0
2025-10-06T06:25:00,36.84,57.63,330.9,0.319,0
2025-10-06T06:26:00,42.8,53.85,277.7,0.177,0
2025-10-06T06:27:00,39.27,57.7,299.7,0.16,0
2025-10-06T06:28:00,39.78,51.29,304.1,0.321,0
2025-10-06T06:29:00,40.12,54.1,291.0,0.266,0
2025-10-06T06:30:00,36.42,52.51,313.0,0.238,0
2025-10-06T06:31:00,45.0,57.6,321.2,0.234,0
2025-10-06T06:32:00,42.0,54.3,311.6,0.082,0
2025-10-06T06:33:00,42.81,54.9,300.1,0.178,0
2025-10-06T06:34:00,38.52,56.69,343.0,0.134,0
2025-10-06T06:35:00,33.88,56.29,290.3,0.2,0
2025-10-06T06:36:00,35.15,56.61,304.5,0.23,0
2025-10-06T06:37:00,36.41,56.73,281.4,0.182,0
2025-10-06T06:38:00,42.07,54.94,291.2,0.178,0
2025-10-06T06:39:00,34.99,54.9,318.5,0.252,0
2025-10-06T06:40:00,44.01,56.59,289.0,0.255,0
2025-10-06T06:41:00,35.29,56.42,333.7,0.228,0
2025-10-06T06:42:00,43.93,56.09,281.8,0.255,0
2025-10-06T06:43:00,41.58,57.63,295.5,0.193,0
2025-10-06T06:44:00,43.35,54.98,295.9,0.11,0
2025-10-06T06:45:00,43.28,52.92,315.4,0.176,0
2025-10-06T06:46:00,40.44,51.7,261.0,0.234,0
2025-10-06T06:47:00,36.94,57.95,309.7,0.315,0
2025-10-06T06:48:00,41.51,52.83,325.6,0.169,0
2025-10-06T06:49:00,52.08,57.18,314.3,0.222,0
2025-10-06T06:50:00,44.99,54.89,303.7,0.246,0
2025-10-06T06:51:00,43.78,54.12,280.8,0.228,0
2025-10-06T06:52:00,40.05,57.1,326.4,0.117,0
2025-10-06T06:53:00,35.72,53.63,299.2,0.166,0
2025-10-06T06:54:00,40.38,55.65,272.7,0.193,0
2025-10-06T06:55:00,46.22,55.04,295.9,0.188,0
2025-10-06T06:56:00,40.55,55.73,303.6,0.135,0
2025-10-06T06:57:00,42.02,54.67,313.8,0.224,0
2025-10-06T06:58:00,36.9,57.63,309.4,0.296,0
2025-10-06T06:59:00,44.2,55.5,319.9,0.225,0
2025-10-06T07:00:00,48.15,55.65,313.1,0.205,0
2025-10-06T07:01:00,48.08,58.65,361.4,0.305,0
2025-10-06T07:02:00,46.49,57.27,339.1,0.076,0
2025-10-06T07:03:00,45.46,56.44,363.9,0.236,0
2025-10-06T07:04:00,76.39,57.66,147.9,3.751,1
2025-10-06T07:05:00,45.35,57.09,354.7,0.25,0
2025-10-06T07:06:00,46.81,57.96,323.4,0.24,0
2025-10-06T07:07:00,48.47,56.12,334.0,0.194,0
2025-10-06T07:08:00,42.06,57.35,348.8,0.169,0
2025-10-06T07:09:00,45.34,59.77,368.6,0.209,0
2025-10-06T07:10:00,45.74,58.23,310.9,0.19,0
2025-10-06T07:11:00,41.5,56.16,323.7,0.234,0
2025-10-06T07:12:00,42.38,55.32,318.1,0.096,0
2025-10-06T07:13:00,47.14,56.37,312.3,0.171,0
2025-10-06T07:14:00,40.22,56.89,351.2,0.188,0
2025-10-06T07:15:00,42.57,52.76,356.5,0.25,0
2025-10-06T07:16:00,46.94,58.77,324.8,0.198,0
2025-10-06T07:17:00,49.79,57.7,328.6,0.27,0
2025-10-06T07:18:00,44.89,56.02,327.5,0.074,0
2025-10-06T07:19:00,46.39,57.91,351.0,0.108,0
2025-10-06T07:20:00,38.04,55.77,325.3,0.146,0
2025-10-06T07:21:00,42.95,59.08,329.4,0.213,0
2025-10-06T07:22:00,43.54,60.98,363.7,0.178,0
2025-10-06T07:23:00,47.06,59.79,385.8,0.255,0
2025-10-06T07:24:00,40.83,55.72,319.9,0.17,0
2025-10-06T07:25:00,43.07,57.61,299.2,0.256,0
2025-10-06T07:26:00,40.62,55.04,331.4,0.231,0
2025-10-06T07:27:00,33.85,56.36,355.2,0.279,0
2025-10-06T07:28:00,49.42,56.88,366.3,0.273,0
2025-10-06T07:29:00,66.34,54.92,302.3,6.809,1
2025-10-06T07:30:00,48.0,59.28,340.3,0.126,0
2025-10-06T07:31:00,45.87,57.41,343.1,0.227,0
2025-10-06T07:32:00,44.29,53.96,339.2,0.112,0
2025-10-06T07:33:00,37.15,61.58,348.1,0.175,0
2025-10-06T07:34:00,41.43,54.47,317.6,0.199,0
2025-10-06T07:35:00,39.29,57.58,326.3,0.274,0
2025-10-06T07:36:00,40.22,56.97,305.4,0.248,0
2025-10-06T07:37:00,42.32,53.66,383.6,0.249,0
2025-10-06T07:38:00,43.89,59.59,348.0,0.187,0
2025-10-06T07:39:00,44.33,58.59,345.4,0.081,0
2025-10-06T07:40:00,41.4,57.92,330.1,0.218,0
2025-10-06T07:41:00,85.51,58.04,253.9,3.536,1
2025-10-06T07:42:00,44.85,57.18,329.7,0.284,0
2025-10-06T07:43:00,43.05,59.0,335.9,0.292,0
2025-10-06T07:44:00,43.2,54.28,343.0,0.299,0
2025-10-06T07:45:00,47.08,54.4,361.5,0.197,0
2025-10-06T07:46:00,79.61,56.75,187.5,5.936,1
2025-10-06T07:47:00,47.3,53.68,347.5,0.206,0
2025-10-06T07:48:00,46.39,58.06,341.5,0.315,0
2025-10-06T07:49:00,47.87,58.78,356.4,0.248,0
2025-10-06T07:50:00,43.4,56.82,313.5,0.28,0
2025-10-06T07:51:00,38.23,57.23,340.1,0.235,0
2025-10-06T07:52:00,47.02,57.24,379.6,0.196,0
2025-10-06T07:53:00,43.5,54.49,325.2,0.216,0
2025-10-06T07:54:00,46.28,57.22,338.5,0.188,0
2025-10-06T07:55:00,41.33,57.93,341.2,0.15,0
2025-10-06T07:56:00,38.28,53.66,354.6,0.243,0
2025-10-06T07:57:00,38.65,56.78,376.8,0.168,0
2025-10-06T07:58:00,44.73,53.61,325.4,0.227,0
2025-10-06T07:59:00,42.61,60.33,312.9,0.185,0
2025-10-06T08:00:00,46.77,57.04,356.1,0.24,0
2025-10-06T08:01:00,45.38,56.47,339.7,0.236,0
2025-10-06T08:02:00,43.64,59.87,350.2,0.211,0
2025-10-06T08:03:00,49.86,61.19,372.7,0.119,0
2025-10-06T08:04:00,52.05,58.97,355.7,0.175,0
2025-10-06T08:05:00,45.89,56.86,389.3,0.152,0
2025-10-06T08:06:00,48.49,59.69,364.1,0.295,0
2025-10-06T08:07:00,49.67,59.66,356.2,0.177,0
2025-10-06T08:08:00,47.9,60.26,340.7,0.181,0
2025-10-06T08:09:00,51.19,56.37,386.8,0.237,0
2025-10-06T08:10:00,49.87,56.73,343.1,0.19,0
2025-10-06T08:11:00,50.14,54.53,349.7,0.273,0
2025-10-06T08:12:00,45.68,58.48,378.6,0.235,0
2025-10-06T08:13:00,50.92,58.08,349.4,0.19,0
2025-10-06T08:14:00,48.06,55.65,356.5,0.255,0
2025-10-06T08:15:00,46.78,57.93,367.1,0.152,0
2025-10-06T08:16:00,48.35,57.56,335.3,0.186,0
2025-10-06T08:17:00,49.45,56.14,343.3,0.107,0
2025-10-06T08:18:00,49.18,62.2,390.5,0.174,0
2025-10-06T08:19:00,50.3,61.83,388.4,0.17,0
2025-10-06T08:20:00,54.08,57.34,326.4,0.216,0
2025-10-06T08:21:00,47.21,59.13,374.7,0.21,0
2025-10-06T08:22:00,46.46,55.31,330.4,0.164,0
2025-10-06T08:23:00,47.93,59.27,374.6,0.151,0
2025-10-06T08:24:00,47.66,59.39,387.3,0.154,0
2025-10-06T08:25:00,52.01,58.67,375.0,0.238,0
2025-10-06T08:26:00,48.0,60.56,351.8,0.114,0
2025-10-06T08:27:00,40.32,56.97,363.4,0.258,0
2025-10-06T08:28:00,52.68,59.18,325.8,0.193,0
2025-10-06T08:29:00,50.29,57.85,343.4,0.202,0
2025-10-06T08:30:00,48.95,57.13,382.3,0.273,0
2025-10-06T08:31:00,55.19,58.25,352.6,0.184,0
2025-10-06T08:32:00,49.05,60.5,350.8,0.259,0
2025-10-06T08:33:00,82.82,58.25,216.5,5.789,1
2025-10-06T08:34:00,49.7,58.72,351.0,0.207,0
2025-10-06T08:35:00,45.2,59.8,359.7,0.141,0
2025-10-06T08:36:00,50.64,58.2,375.1,0.152,0
2025-10-06T08:37:00,48.51,58.35,393.2,0.219,0
2025-10-06T08:38:00,51.69,59.1,351.1,0.245,0
2025-10-06T08:39:00,49.61,57.77,384.0,0.198,0
2025-10-06T08:40:00,50.17,57.85,388.0,0.147,0
2025-10-06T08:41:00,40.92,60.36,402.6,0.237,0
2025-10-06T08:42:00,49.3,55.39,345.5,0.157,0
2025-10-06T08:43:00,43.13,58.37,330.9,0.115,0
2025-10-06T08:44:00,49.49,61.37,379.4,0.236,0
2025-10-06T08:45:00,50.32,63.05,338.7,0.246,0
2025-10-06T08:46:00,49.28,59.39,344.9,0.226,0
2025-10-06T08:47:00,46.68,57.79,396.2,0.255,0
2025-10-06T08:48:00,47.07,60.4,365.6,0.158,0
2025-10-06T08:49:00,49.6,55.26,349.5,0.192,0
2025-10-06T08:50:00,47.13,57.73,373.3,0.147,0
2025-10-06T08:51:00,48.02,57.94,358.4,0.151,0
2025-10-06T08:52:00,46.03,59.45,360.7,0.276,0
2025-10-06T08:53:00,47.94,61.55,346.2,0.116,0
2025-10-06T08:54:00,54.35,58.29,356.5,0.193,0
2025-10-06T08:55:00,46.93,57.76,369.5,0.239,0
2025-10-06T08:56:00,47.31,57.69,374.6,0.284,0
2025-10-06T08:57:00,50.74,60.87,369.5,0.174,0
2025-10-06T08:58:00,48.35,59.14,371.1,0.132,0
2025-10-06T08:59:00,47.8,55.19,363.1,0.233,0
2025-10-06T09:00:00,47.75,58.65,393.7,0.184,0
2025-10-06T09:01:00,48.8,62.96,309.3,0.218,0
2025-10-06T09:02:00,54.05,62.36,370.3,0.144,0
2025-10-06T09:03:00,53.04,60.81,392.9,0.175,0
2025-10-06T09:04:00,50.32,61.54,388.4,0.235,0
2025-10-06T09:05:00,54.74,58.01,402.5,0.31,0
2025-10-06T09:06:00,49.83,62.84,344.0,0.221,0
2025-10-06T09:07:00,49.32,60.32,368.2,0.183,0
2025-10-06T09:08:00,49.71,59.0,350.7,0.112,0
2025-10-06T09:09:00,50.32,58.8,382.1,0.195,0
2025-10-06T09:10:00,49.8,59.3,399.4,0.228,0
2025-10-06T09:11:00,47.26,61.2,378.8,0.146,0
2025-10-06T09:12:00,47.01,59.72,405.3,0.18,0
2025-10-06T09:13:00,47.5,63.49,380.0,0.072,0
2025-10-06T09:14:00,54.65,61.12,362.5,0.17,0
2025-10-06T09:15:00,51.34,62.09,369.7,0.191,0
2025-10-06T09:16:00,47.51,62.16,372.2,0.195,0
2025-10-06T09:17:00,46.31,60.76,380.2,0.212,0
2025-10-06T09:18:00,51.77,59.07,351.5,0.243,0
2025-10-06T09:19:00,57.1,63.02,397.2,0.188,0
2025-10-06T09:20:00,56.66,63.36,375.9,0.234,0
2025-10-06T09:21:00,48.91,63.1,404.4,0.17,0
2025-10-06T09:22:00,55.82,60.2,341.2,0.208,0
2025-10-06T09:23:00,47.43,62.47,361.0,0.233,0
2025-10-06T09:24:00,47.63,58.92,431.4,0.193,0
2025-10-06T09:25:00,46.66,63.93,397.9,0.192,0
2025-10-06T09:26:00,51.1,60.92,419.7,0.22,0
2025-10-06T09:27:00,53.23,58.23,355.6,0.151,0
2025-10-06T09:28:00,51.84,62.16,379.9,0.157,0
2025-10-06T09:29:00,49.54,57.5,402.2,0.113,0
2025-10-06T09:30:00,52.27,59.97,422.3,0.176,0
2025-10-06T09:31:00,44.68,62.05,425.2,0.122,0
2025-10-06T09:32:00,52.68,61.48,406.2,0.208,0
2025-10-06T09:33:00,52.12,56.73,366.6,0.178,0
2025-10-06T09:34:00,44.57,61.45,386.0,0.165,0
2025-10-06T09:35:00,51.32,62.14,427.9,0.092,0
2025-10-06T09:36:00,53.85,59.72,384.6,0.146,0
2025-10-06T09:37:00,56.27,63.13,401.6,0.172,0
2025-10-06T09:38:00,47.74,63.41,408.1,0.187,0
2025-10-06T09:39:00,51.48,59.58,365.1,0.089,0
2025-10-06T09:40:00,47.93,59.64,375.0,0.278,0
2025-10-06T09:41:00,50.15,61.11,392.3,0.302,0
2025-10-06T09:42:00,50.24,60.12,374.5,0.196,0
2025-10-06T09:43:00,55.31,62.42,386.5,0.207,0
2025-10-06T09:44:00,48.31,57.8,376.9,0.234,0
2025-10-06T09:45:00,55.22,60.65,401.2,0.242,0
2025-10-06T09:46:00,50.94,62.93,417.0,0.213,0
2025-10-06T09:47:00,51.32,57.58,401.2,0.258,0
2025-10-06T09:48:00,46.19,60.96,380.6,0.143,0
2025-10-06T09:49:00,48.84,59.33,382.4,0.277,0
2025-10-06T09:50:00,48.15,60.08,399.0,0.119,0
2025-10-06T09:51:00,49.68,60.23,421.9,0.215,0
2025-10-06T09:52:00,56.48,60.54,382.0,0.156,0
2025-10-06T09:53:00,55.5,57.77,422.6,0.146,0
2025-10-06T09:54:00,52.82,58.28,411.5,0.195,0
2025-10-06T09:55:00,54.02,59.76,416.4,0.165,0
2025-10-06T09:56:00,52.85,59.23,396.4,0.12,0
2025-10-06T09:57:00,52.38,59.25,416.6,0.211,0
2025-10-06T09:58:00,49.38,58.08,368.7,0.183,0
2025-10-06T09:59:00,49.37,59.67,383.9,0.134,0
2025-10-06T10:00:00,53.33,61.53,426.7,0.164,0
2025-10-06T10:01:00,56.97,61.77,406.4,0.233,0
2025-10-06T10:02:00,51.84,66.1,403.2,0.166,0
2025-10-06T10:03:00,58.66,60.43,400.5,0.202,0
2025-10-06T10:04:00,55.31,61.68,374.3,0.158,0
2025-10-06T10:05:00,54.67,60.37,397.4,0.153,0
2025-10-06T10:06:00,54.73,61.66,384.3,0.218,0
2025-10-06T10:07:00,54.36,64.17,414.7,0.11,0
2025-10-06T10:08:00,54.42,61.62,390.9,0.225,0
2025-10-06T10:09:00,47.28,62.74,404.2,0.194,0
2025-10-06T10:10:00,52.19,61.36,408.9,0.224,0
2025-10-06T10:11:00,46.72,63.93,440.5,0.157,0
2025-10-06T10:12:00,51.84,62.42,412.4,0.097,0
2025-10-06T10:13:00,50.89,62.21,389.6,0.194,0
2025-10-06T10:14:00,50.57,59.83,417.9,0.292,0
2025-10-06T10:15:00,53.01,63.67,386.7,0.27,0
2025-10-06T10:16:00,51.06,60.25,418.2,0.123,0
2025-10-06T10:17:00,53.13,63.92,429.9,0.134,0
2025-10-06T10:18:00,51.75,60.8,402.5,0.229,0
2025-10-06T10:19:00,58.41,57.39,412.2,0.2,0
2025-10-06T10:20:00,52.92,67.9,428.1,0.182,0
2025-10-06T10:21:00,50.36,59.88,416.9,0.135,0
2025-10-06T10:22:00,52.05,63.42,352.5,0.267,0
2025-10-06T10:23:00,50.82,62.0,383.9,0.173,0
2025-10-06T10:24:00,49.64,60.12,406.8,0.081,0
2025-10-06T10:25:00,51.04,58.91,433.1,0.183,0
2025-10-06T10:26:00,50.92,61.11,422.4,0.137,0
2025-10-06T10:27:00,54.09,61.04,395.9,0.224,0
2025-10-06T10:28:00,56.19,61.15,377.6,0.076,0
2025-10-06T10:29:00,50.61,63.38,410.0,0.163,0
2025-10-06T10:30:00,53.54,61.4,389.9,0.269,0
2025-10-06T10:31:00,54.19,61.41,396.4,0.21,0
2025-10-06T10:32:00,49.86,64.0,422.4,0.168,0
2025-10-06T10:33:00,49.65,61.74,406.6,0.254,0
2025-10-06T10:34:00,55.83,64.87,393.2,0.182,0
2025-10-06T10:35:00,59.36,61.39,432.2,0.186,0
2025-10-06T10:36:00,56.21,64.09,406.6,0.147,0
2025-10-06T10:37:00,57.57,61.36,402.5,0.106,0
2025-10-06T10:38:00,52.78,60.49,444.9,0.113,0
2025-10-06T10:39:00,56.14,62.27,394.8,0.207,0
2025-10-06T10:40:00,50.7,60.92,358.4,0.247,0
2025-10-06T10:41:00,50.72,59.78,444.4,0.117,0
2025-10-06T10:42:00,48.15,61.76,381.1,0.238,0
2025-10-06T10:43:00,56.93,59.64,361.5,0.184,0
2025-10-06T10:44:00,54.01,61.2,431.2,0.129,0
2025-10-06T10:45:00,49.73,60.45,374.8,0.258,0
2025-10-06T10:46:00,58.3,61.75,436.5,0.328,0
2025-10-06T10:47:00,46.64,61.38,372.0,0.229,0
2025-10-06T10:48:00,54.49,60.74,407.4,0.265,0
2025-10-06T10:49:00,53.64,62.39,408.3,0.213,0
2025-10-06T10:50:00,50.74,65.77,392.0,0.082,0
2025-10-06T10:51:00,50.3,62.59,398.8,0.28,0
2025-10-06T10:52:00,58.98,61.08,423.0,0.241,0
2025-10-06T10:53:00,58.27,65.76,389.6,0.262,0
2025-10-06T10:54:00,50.96,60.81,410.8,0.228,0
2025-10-06T10:55:00,50.62,68.47,421.7,0.167,0
2025-10-06T10:56:00,52.07,61.96,378.5,0.235,0
2025-10-06T10:57:00,53.13,60.06,413.1,0.202,0
2025-10-06T10:58:00,49.79,63.9,421.4,0.175,0
2025-10-06T10:59:00,55.98,59.98,405.6,0.165,0
2025-10-06T11:00:00,56.06,62.9,380.2,0.21,0
2025-10-06T11:01:00,55.6,65.85,376.1,0.152,0
2025-10-06T11:02:00,53.05,65.52,429.0,0.216,0
2025-10-06T11:03:00,51.64,61.24,418.5,0.209,0
2025-10-06T11:04:00,54.89,60.37,395.4,0.103,0
2025-10-06T11:05:00,52.84,62.47,408.8,0.201,0
2025-10-06T11:06:00,55.18,62.87,413.4,0.27,0
2025-10-06T11:07:00,57.3,65.42,408.2,0.17,0
2025-10-06T11:08:00,56.17,63.79,447.5,0.169,0
2025-10-06T11:09:00,51.15,60.9,408.4,0.209,0
2025-10-06T11:10:00,53.62,62.9,437.3,0.325,0
2025-10-06T11:11:00,61.63,65.82,438.0,0.229,0
2025-10-06T11:12:00,53.56,60.12,408.8,0.193,0
2025-10-06T11:13:00,56.57,61.67,452.8,0.224,0
2025-10-06T11:14:00,54.45,64.75,435.6,0.177,0
2025-10-06T11:15:00,55.53,63.39,445.1,0.214,0
2025-10-06T11:16:00,55.82,60.45,403.7,0.225,0
2025-10-06T11:17:00,50.21,59.82,413.6,0.236,0
2025-10-06T11:18:00,56.19,62.75,413.6,0.16,0
2025-10-06T11:19:00,54.61,60.48,418.2,0.218,0
2025-10-06T11:20:00,93.07,62.13,296.4,3.832,1
2025-10-06T11:21:00,55.25,63.68,406.5,0.161,0
2025-10-06T11:22:00,55.85,63.35,440.8,0.261,0
2025-10-06T11:23:00,53.86,64.57,418.4,0.212,0
2025-10-06T11:24:00,52.28,61.09,419.1,0.205,0
2025-10-06T11:25:00,54.45,62.87,427.8,0.099,0
2025-10-06T11:26:00,52.19,61.64,412.2,0.215,0
2025-10-06T11:27:00,54.81,63.26,426.8,0.193,0
2025-10-06T11:28:00,58.17,59.42,454.7,0.232,0
2025-10-06T11:29:00,57.18,63.46,411.3,0.189,0
2025-10-06T11:30:00,57.36,62.71,403.8,0.125,0
2025-10-06T11:31:00,51.15,60.93,434.4,0.208,0
2025-10-06T11:32:00,49.91,60.26,428.9,0.201,0
2025-10-06T11:33:00,49.27,62.34,414.1,0.157,0
2025-10-06T11:34:00,54.89,65.4,456.8,0.188,0
2025-10-06T11:35:00,51.97,65.39,442.3,0.176,0
2025-10-06T11:36:00,56.4,64.59,425.0,0.321,0
2025-10-06T11:37:00,52.91,60.08,382.9,0.251,0
2025-10-06T11:38:00,52.51,60.92,408.5,0.192,0
2025-10-06T11:39:00,58.12,63.42,418.7,0.219,0
2025-10-06T11:40:00,51.38,59.35,447.6,0.217,0
2025-10-06T11:41:00,54.41,60.76,413.4,0.198,0
2025-10-06T11:42:00,60.46,63.55,389.4,0.184,0
2025-10-06T11:43:00,54.79,64.79,385.8,0.199,0
2025-10-06T11:44:00,51.79,60.65,414.9,0.187,0
2025-10-06T11:45:00,52.44,62.32,397.0,0.24,0
2025-10-06T11:46:00,57.1,59.42,421.9,0.21,0
2025-10-06T11:47:00,52.42,61.33,420.2,0.215,0
2025-10-06T11:48:00,51.34,62.99,396.9,0.153,0
2025-10-06T11:49:00,52.52,63.0,409.4,0.181,0
2025-10-06T11:50:00,56.31,60.55,406.1,0.25,0
2025-10-06T11:51:00,53.6,61.91,426.2,0.219,0
2025-10-06T11:52:00,54.13,61.43,441.3,0.128,0
2025-10-06T11:53:00,56.24,61.93,433.4,0.178,0
2025-10-06T11:54:00,55.4,63.5,398.8,0.216,0
2025-10-06T11:55:00,57.58,62.67,362.6,0.213,0
2025-10-06T11:56:00,59.86,64.55,408.8,0.139,0
2025-10-06T11:57:00,57.71,64.37,444.8,0.232,0
2025-10-06T11:58:00,57.11,59.39,426.5,0.195,0
2025-10-06T11:59:00,55.66,65.62,423.8,0.18,0
2025-10-06T12:00:00,51.56,63.05,441.2,0.136,0
2025-10-06T12:01:00,57.38,63.49,407.0,0.278,0
2025-10-06T12:02:00,51.5,66.98,439.7,0.259,0
2025-10-06T12:03:00,50.37,62.88,433.1,0.204,0
2025-10-06T12:04:00,55.04,65.15,390.4,0.263,0
2025-10-06T12:05:00,53.91,63.4,384.9,0.135,0
2025-10-06T12:06:00,52.88,62.13,398.3,0.232,0
2025-10-06T12:07:00,51.77,64.37,432.5,0.213,0
2025-10-06T12:08:00,52.82,63.88,391.1,0.143,0
2025-10-06T12:09:00,51.36,64.3,413.0,0.136,0
2025-10-06T12:10:00,56.31,64.3,426.3,0.19,0
2025-10-06T12:11:00,57.89,64.82,410.6,0.22,0
2025-10-06T12:12:00,54.41,61.09,423.4,0.091,0
2025-10-06T12:13:00,56.12,61.11,371.5,0.161,0
2025-10-06T12:14:00,57.93,63.7,394.8,0.226,0
2025-10-06T12:15:00,54.43,62.25,404.3,0.216,0
2025-10-06T12:16:00,63.11,65.8,423.3,0.153,0
2025-10-06T12:17:00,96.83,64.01,445.4,7.871,1
2025-10-06T12:18:00,51.11,59.34,408.7,0.216,0
2025-10-06T12:19:00,57.47,63.66,424.6,0.236,0
2025-10-06T12:20:00,52.39,59.81,432.9,0.145,0
2025-10-06T12:21:00,56.08,67.08,429.6,0.218,0
2025-10-06T12:22:00,52.53,62.94,460.2,0.162,0
2025-10-06T12:23:00,60.28,62.64,409.8,0.225,0
2025-10-06T12:24:00,57.18,62.29,392.3,0.188,0
2025-10-06T12:25:00,55.54,64.26,455.0,0.232,0
2025-10-06T12:26:00,57.28,65.97,392.4,0.089,0
2025-10-06T12:27:00,54.94,63.12,441.7,0.234,0
2025-10-06T12:28:00,56.51,63.07,395.5,0.24,0
2025-10-06T12:29:00,92.32,64.03,468.1,8.208,1
2025-10-06T12:30:00,54.24,63.32,426.4,0.223,0
2025-10-06T12:31:00,51.47,64.78,432.7,0.176,0
2025-10-06T12:32:00,49.67,62.55,444.9,0.08,0
2025-10-06T12:33:00,55.3,62.18,412.4,0.242,0
2025-10-06T12:34:00,59.85,61.17,457.8,0.088,0
2025-10-06T12:35:00,54.35,64.15,433.5,0.135,0
2025-10-06T12:36:00,54.8,63.62,432.5,0.238,0
2025-10-06T12:37:00,57.32,61.62,386.7,0.176,0
2025-10-06T12:38:00,60.23,63.16,395.9,0.286,0
2025-10-06T12:39:00,61.26,62.38,445.7,0.285,0
2025-10-06T12:40:00,50.81,60.03,402.9,0.33,0
2025-10-06T12:41:00,56.13,62.13,411.6,0.138,0
2025-10-06T12:42:00,55.61,66.64,397.2,0.182,0
2025-10-06T12:43:00,51.94,64.42,392.0,0.243,0
2025-10-06T12:44:00,50.42,60.77,424.1,0.173,0
2025-10-06T12:45:00,50.26,60.38,412.6,0.182,0
2025-10-06T12:46:00,52.78,65.3,393.8,0.155,0
2025-10-06T12:47:00,55.7,64.84,437.2,0.192,0
2025-10-06T12:48:00,52.22,63.86,418.9,0.173,0
2025-10-06T12:49:00,52.96,62.27,407.1,0.166,0
2025-10-06T12:50:00,57.7,59.29,404.1,0.2,0
2025-10-06T12:51:00,59.53,61.71,410.3,0.278,0
2025-10-06T12:52:00,53.62,59.86,412.6,0.173,0
2025-10-06T12:53:00,60.32,60.66,431.2,0.275,0
2025-10-06T12:54:00,58.86,64.26,432.2,0.224,0
2025-10-06T12:55:00,47.93,61.16,422.9,0.185,0
2025-10-06T12:56:00,53.13,63.1,413.9,0.259,0
2025-10-06T12:57:00,55.75,63.5,423.3,0.137,0
2025-10-06T12:58:00,50.02,62.87,412.0,0.262,0
2025-10-06T12:59:00,51.58,65.2,423.8,0.21,0
2025-10-06T13:00:00,54.82,63.81,408.8,0.289,0
2025-10-06T13:01:00,51.21,66.51,392.2,0.196,0
2025-10-06T13:02:00,52.51,63.33,438.9,0.199,0
2025-10-06T13:03:00,56.02,63.3,421.7,0.224,0
2025-10-06T13:04:00,53.03,56.97,407.6,0.245,0
2025-10-06T13:05:00,52.17,64.92,400.3,0.154,0
2025-10-06T13:06:00,54.03,60.18,406.0,0.215,0
2025-10-06T13:07:00,47.69,59.66,398.3,0.205,0
2025-10-06T13:08:00,54.58,63.74,422.6,0.228,0
2025-10-06T13:09:00,54.07,62.84,385.8,0.227,0
2025-10-06T13:10:00,59.11,61.79,412.7,0.171,0
2025-10-06T13:11:00,53.96,59.86,413.0,0.176,0
2025-10-06T13:12:00,51.52,63.37,426.8,0.188,0
2025-10-06T13:13:00,53.26,62.11,389.8,0.199,0
2025-10-06T13:14:00,55.55,62.17,430.7,0.284,0
2025-10-06T13:15:00,57.5,65.6,417.4,0.202,0
2025-10-06T13:16:00,55.16,60.63,432.2,0.139,0
2025-10-06T13:17:00,53.49,65.17,454.6,0.196,0
2025-10-06T13:18:00,50.25,59.61,429.8,0.235,0
2025-10-06T13:19:00,50.21,61.0,413.0,0.196,0
2025-10-06T13:20:00,54.57,61.18,420.5,0.222,0
2025-10-06T13:21:00,53.64,64.67,409.0,0.175,0
2025-10-06T13:22:00,53.09,64.82,395.9,0.139,0
2025-10-06T13:23:00,53.96,62.9,437.5,0.195,0
2025-10-06T13:24:00,48.87,66.34,421.4,0.225,0
2025-10-06T13:25:00,54.42,63.43,390.0,0.202,0
2025-10-06T13:26:00,55.71,61.02,390.7,0.122,0
2025-10-06T13:27:00,54.79,62.12,412.1,0.26,0
2025-10-06T13:28:00,55.99,59.85,422.0,0.239,0
2025-10-06T13:29:00,54.05,62.31,405.0,0.221,0
2025-10-06T13:30:00,58.62,60.56,436.4,0.253,0
2025-10-06T13:31:00,49.52,60.4,411.7,0.238,0
2025-10-06T13:32:00,57.24,66.25,427.0,0.233,0
2025-10-06T13:33:00,62.49,63.71,417.0,0.305,0
2025-10-06T13:34:00,50.13,60.02,414.6,0.18,0
2025-10-06T13:35:00,53.25,63.1,461.4,0.192,0
2025-10-06T13:36:00,55.25,62.95,403.1,0.144,0
2025-10-06T13:37:00,56.34,63.48,408.1,0.178,0
2025-10-06T13:38:00,51.74,61.9,421.9,0.279,0
2025-10-06T13:39:00,59.37,57.31,418.6,0.207,0
2025-10-06T13:40:00,58.17,65.17,411.8,0.098,0
2025-10-06T13:41:00,50.71,66.46,419.2,0.247,0
2025-10-06T13:42:00,51.6,62.84,389.0,0.218,0
2025-10-06T13:43:00,50.63,62.29,425.6,0.212,0
2025-10-06T13:44:00,50.78,60.63,426.9,0.196,0
2025-10-06T13:45:00,53.81,63.35,403.9,0.108,0
2025-10-06T13:46:00,53.31,61.94,427.2,0.234,0
2025-10-06T13:47:00,49.84,63.31,424.3,0.246,0
2025-10-06T13:48:00,54.55,61.99,433.5,0.268,0
2025-10-06T13:49:00,57.44,63.99,418.0,0.176,0
2025-10-06T13:50:00,46.92,64.15,420.1,0.173,0
2025-10-06T13:51:00,49.39,65.74,411.5,0.241,0
2025-10-06T13:52:00,56.42,61.82,428.8,0.287,0
2025-10-06T13:53:00,60.69,61.49,416.3,0.28,0
2025-10-06T13:54:00,54.32,64.8,403.2,0.189,0
2025-10-06T13:55:00,56.1,61.3,401.3,0.238,0
2025-10-06T13:56:00,55.68,63.62,443.8,0.21,0
2025-10-06T13:57:00,52.35,61.56,398.1,0.205,0
2025-10-06T13:58:00,55.57,60.68,423.4,0.213,0
2025-10-06T13:59:00,54.07,64.22,431.2,0.181,0
2025-10-06T14:00:00,53.33,63.21,419.6,0.269,0
2025-10-06T14:01:00,51.59,60.08,394.0,0.177,0
2025-10-06T14:02:00,53.87,63.86,427.8,0.197,0
2025-10-06T14:03:00,52.34,61.14,437.9,0.264,0
2025-10-06T14:04:00,54.48,64.56,411.5,0.205,0
2025-10-06T14:05:00,56.73,62.73,366.4,0.169,0
2025-10-06T14:06:00,53.02,59.86,414.9,0.184,0
2025-10-06T14:07:00,56.12,62.82,392.3,0.187,0
2025-10-06T14:08:00,53.9,59.36,384.6,0.126,0
2025-10-06T14:09:00,54.99,63.04,462.7,0.212,0
2025-10-06T14:10:00,54.8,60.32,398.8,0.218,0
2025-10-06T14:11:00,56.31,63.49,344.5,0.154,0
2025-10-06T14:12:00,56.34,62.25,378.8,0.279,0
2025-10-06T14:13:00,53.13,61.72,408.3,0.178,0
2025-10-06T14:14:00,54.85,62.09,368.4,0.154,0
2025-10-06T14:15:00,45.65,63.17,400.1,0.179,0
2025-10-06T14:16:00,48.49,62.41,416.6,0.183,0
2025-10-06T14:17:00,53.39,61.48,430.4,0.27,0
2025-10-06T14:18:00,56.31,61.58,392.1,0.176,0
2025-10-06T14:19:00,52.74,59.53,365.0,0.228,0
2025-10-06T14:20:00,57.82,62.11,424.8,0.185,0
2025-10-06T14:21:00,55.11,63.52,391.6,0.172,0
2025-10-06T14:22:00,55.69,61.25,398.0,0.277,0
2025-10-06T14:23:00,51.29,62.8,387.4,0.183,0
2025-10-06T14:24:00,55.05,60.34,402.9,0.256,0
2025-10-06T14:25:00,53.66,60.81,414.5,0.134,0
2025-10-06T14:26:00,53.94,61.52,372.0,0.153,0
2025-10-06T14:27:00,48.75,64.21,399.2,0.186,0
2025-10-06T14:28:00,55.45,59.2,427.9,0.174,0
2025-10-06T14:29:00,51.12,61.35,396.4,0.174,0
2025-10-06T14:30:00,53.02,65.47,395.4,0.098,0
2025-10-06T14:31:00,49.92,64.48,406.9,0.302,0
2025-10-06T14:32:00,55.71,65.26,412.0,0.199,0
2025-10-06T14:33:00,54.87,61.66,393.9,0.232,0
2025-10-06T14:34:00,48.08,63.51,406.8,0.166,0
2025-10-06T14:35:00,50.17,57.94,442.0,0.235,0
2025-10-06T14:36:00,81.26,64.55,301.0,7.385,1
2025-10-06T14:37:00,57.2,59.97,413.0,0.152,0
2025-10-06T14:38:00,57.81,63.79,435.2,0.099,0
2025-10-06T14:39:00,46.97,60.64,389.6,0.231,0
2025-10-06T14:40:00,59.87,64.23,409.4,0.342,0
2025-10-06T14:41:00,53.01,63.43,385.0,0.172,0
2025-10-06T14:42:00,55.03,59.48,369.4,0.265,0
2025-10-06T14:43:00,50.59,62.13,405.5,0.177,0
2025-10-06T14:44:00,57.97,63.63,365.3,0.182,0
2025-10-06T14:45:00,51.05,64.77,404.5,0.173,0
2025-10-06T14:46:00,55.98,59.5,443.0,0.168,0
2025-10-06T14:47:00,50.65,61.12,403.9,0.217,0
2025-10-06T14:48:00,52.99,59.02,414.1,0.172,0
2025-10-06T14:49:00,47.49,61.85,386.8,0.155,0
2025-10-06T14:50:00,53.09,60.32,407.9,0.226,0
2025-10-06T14:51:00,54.48,61.61,398.6,0.127,0
2025-10-06T14:52:00,50.83,63.38,402.5,0.114,0
2025-10-06T14:53:00,47.59,59.72,369.5,0.231,0
2025-10-06T14:54:00,51.35,62.53,396.3,0.233,0
2025-10-06T14:55:00,54.82,63.23,395.2,0.26,0
2025-10-06T14:56:00,53.05,58.81,378.3,0.18,0
2025-10-06T14:57:00,56.17,61.36,451.3,0.197,0
2025-10-06T14:58:00,55.55,61.04,403.5,0.219,0
2025-10-06T14:59:00,52.06,61.31,399.8,0.227,0
2025-10-06T15:00:00,49.05,56.38,378.0,0.181,0
2025-10-06T15:01:00,50.67,58.68,371.9,0.233,0
2025-10-06T15:02:00,46.35,63.14,389.5,0.264,0
2025-10-06T15:03:00,50.27,59.41,373.5,0.217,0
2025-10-06T15:04:00,52.92,56.74,369.5,0.0,0
2025-10-06T15:05:00,49.73,59.07,397.1,0.21,0
2025-10-06T15:06:00,49.67,61.02,383.2,0.182,0
2025-10-06T15:07:00,51.04,63.0,379.1,0.251,0
2025-10-06T15:08:00,54.06,62.12,397.2,0.176,0
2025-10-06T15:09:00,50.53,60.39,398.3,0.17,0
2025-10-06T15:10:00,49.17,64.13,380.8,0.271,0
2025-10-06T15:11:00,50.73,62.4,370.9,0.137,0
2025-10-06T15:12:00,54.49,60.88,381.7,0.148,0
2025-10-06T15:13:00,48.42,59.83,353.3,0.134,0
2025-10-06T15:14:00,53.75,59.54,401.4,0.178,0
2025-10-06T15:15:00,49.21,57.81,375.3,0.193,0
2025-10-06T15:16:00,46.85,60.75,389.8,0.226,0
2025-10-06T15:17:00,50.54,62.41,371.7,0.1,0
2025-10-06T15:18:00,50.35,59.55,397.5,0.21,0
2025-10-06T15:19:00,46.1,61.29,360.8,0.282,0
2025-10-06T15:20:00,50.24,61.96,366.8,0.17,0
2025-10-06T15:21:00,50.58,62.4,417.4,0.16,0
2025-10-06T15:22:00,50.06,64.25,383.3,0.236,0
2025-10-06T15:23:00,53.34,59.74,364.9,0.223,0
2025-10-06T15:24:00,48.31,65.36,388.6,0.202,0
2025-10-06T15:25:00,78.88,58.83,509.0,3.225,1
2025-10-06T15:26:00,48.6,58.79,376.7,0.214,0
2025-10-06T15:27:00,54.21,63.08,380.5,0.149,0
2025-10-06T15:28:00,49.87,61.31,358.3,0.224,0
2025-10-06T15:29:00,55.73,58.87,429.4,0.138,0
2025-10-06T15:30:00,51.51,63.74,374.8,0.133,0
2025-10-06T15:31:00,50.31,61.57,388.2,0.131,0
2025-10-06T15:32:00,54.25,59.81,385.3,0.152,0
2025-10-06T15:33:00,44.32,62.4,402.3,0.193,0
2025-10-06T15:34:00,49.77,62.58,377.8,0.147,0
2025-10-06T15:35:00,49.71,58.98,378.2,0.258,0
2025-10-06T15:36:00,49.97,65.55,344.0,0.213,0
2025-10-06T15:37:00,98.02,61.76,491.7,6.367,1
2025-10-06T15:38:00,52.14,58.17,366.0,0.152,0
2025-10-06T15:39:00,50.95,60.28,369.6,0.185,0
2025-10-06T15:40:00,50.06,63.09,386.6,0.238,0
2025-10-06T15:41:00,49.67,58.54,357.3,0.272,0
2025-10-06T15:42:00,49.64,63.84,389.8,0.198,0
2025-10-06T15:43:00,52.86,60.08,382.5,0.181,0
2025-10-06T15:44:00,56.59,60.13,377.2,0.257,0
2025-10-06T15:45:00,54.04,62.55,413.8,0.214,0
2025-10-06T15:46:00,49.68,62.9,367.3,0.199,0
2025-10-06T15:47:00,48.6,60.67,402.9,0.229,0
2025-10-06T15:48:00,48.19,61.25,390.3,0.217,0
2025-10-06T15:49:00,46.66,64.59,391.1,0.199,0
2025-10-06T15:50:00,44.16,61.07,394.4,0.28,0
2025-10-06T15:51:00,48.3,60.77,383.7,0.197,0
2025-10-06T15:52:00,42.28,60.04,405.1,0.141,0
2025-10-06T15:53:00,50.86,63.13,358.9,0.189,0
2025-10-06T15:54:00,44.02,58.51,404.1,0.196,0
2025-10-06T15:55:00,49.84,61.73,404.5,0.198,0
2025-10-06T15:56:00,53.34,59.92,347.4,0.184,0
2025-10-06T15:57:00,50.78,61.83,409.9,0.267,0
2025-10-06T15:58:00,53.29,58.56,381.8,0.301,0
2025-10-06T15:59:00,47.63,61.6,391.0,0.202,0
2025-10-06T16:00:00,46.87,60.43,368.7,0.257,0
2025-10-06T16:01:00,48.22,57.05,377.6,0.189,0
2025-10-06T16:02:00,38.68,57.69,348.7,0.238,0
2025-10-06T16:03:00,47.88,61.77,372.0,0.217,0
2025-10-06T16:04:00,51.94,56.44,381.2,0.23,0
2025-10-06T16:05:00,40.67,58.82,366.8,0.177,0
2025-10-06T16:06:00,48.61,57.66,392.8,0.156,0
2025-10-06T16:07:00,41.1,57.85,379.9,0.141,0
2025-10-06T16:08:00,52.53,56.16,343.6,0.23,0
2025-10-06T16:09:00,45.83,56.05,347.2,0.2,0
2025-10-06T16:10:00,46.75,61.65,343.4,0.268,0
2025-10-06T16:11:00,93.5,58.51,216.7,6.459,1
2025-10-06T16:12:00,51.72,59.25,362.4,0.103,0
2025-10-06T16:13:00,47.84,60.21,403.3,0.184,0
2025-10-06T16:14:00,48.19,60.21,350.4,0.235,0
2025-10-06T16:15:00,46.47,61.25,380.1,0.234,0
2025-10-06T16:16:00,50.81,60.07,381.9,0.177,0
2025-10-06T16:17:00,43.55,62.49,377.6,0.248,0
2025-10-06T16:18:00,52.69,59.11,358.2,0.177,0
2025-10-06T16:19:00,46.9,56.22,354.3,0.23,0
2025-10-06T16:20:00,47.69,60.53,330.2,0.175,0
2025-10-06T16:21:00,43.19,58.65,382.2,0.127,0
2025-10-06T16:22:00,45.38,57.63,330.3,0.186,0
2025-10-06T16:23:00,72.6,59.55,360.6,6.757,1
2025-10-06T16:24:00,51.85,57.72,349.7,0.264,0
2025-10-06T16:25:00,49.02,63.18,346.2,0.275,0
2025-10-06T16:26:00,50.44,62.23,369.7,0.196,0
2025-10-06T16:27:00,48.43,54.99,373.0,0.19,0
2025-10-06T16:28:00,47.32,61.03,365.2,0.187,0
2025-10-06T16:29:00,45.26,58.66,325.7,0.143,0
2025-10-06T16:30:00,49.05,62.23,351.1,0.247,0
2025-10-06T16:31:00,52.02,59.08,389.3,0.193,0
2025-10-06T16:32:00,47.16,61.77,358.6,0.207,0
2025-10-06T16:33:00,42.57,60.89,375.9,0.215,0
2025-10-06T16:34:00,42.79,60.62,354.4,0.232,0
2025-10-06T16:35:00,48.06,55.84,396.9,0.224,0
2025-10-06T16:36:00,42.71,58.03,361.4,0.159,0
2025-10-06T16:37:00,45.92,57.68,369.7,0.229,0
2025-10-06T16:38:00,41.94,57.06,322.3,0.144,0
2025-10-06T16:39:00,50.16,59.79,371.3,0.178,0
2025-10-06T16:40:00,47.85,56.47,299.3,0.197,0
2025-10-06T16:41:00,46.06,61.61,354.2,0.163,0
2025-10-06T16:42:00,48.36,59.48,377.3,0.22,0
2025-10-06T16:43:00,54.74,59.59,331.3,0.129,0
2025-10-06T16:44:00,88.53,59.19,401.8,6.809,1
2025-10-06T16:45:00,49.01,60.66,327.3,0.208,0
2025-10-06T16:46:00,46.08,60.64,346.9,0.152,0
2025-10-06T16:47:00,50.3,57.87,355.3,0.225,0
2025-10-06T16:48:00,50.1,58.58,369.3,0.27,0
2025-10-06T16:49:00,48.26,60.25,355.5,0.235,0
2025-10-06T16:50:00,46.81,57.3,357.5,0.177,0
2025-10-06T16:51:00,42.89,59.85,377.2,0.354,0
2025-10-06T16:52:00,47.11,61.84,368.7,0.23,0
2025-10-06T16:53:00,47.03,58.27,358.3,0.2,0
2025-10-06T16:54:00,45.55,53.35,370.9,0.193,0
2025-10-06T16:55:00,44.14,63.89,359.9,0.168,0
2025-10-06T16:56:00,50.18,55.4,356.3,0.207,0
2025-10-06T16:57:00,46.08,55.78,363.7,0.223,0
2025-10-06T16:58:00,47.66,60.48,369.0,0.141,0
2025-10-06T16:59:00,50.5,64.93,373.0,0.234,0
2025-10-06T17:00:00,46.05,59.38,366.7,0.21,0
2025-10-06T17:01:00,42.05,61.12,327.4,0.222,0
2025-10-06T17:02:00,47.75,57.5,300.4,0.162,0
2025-10-06T17:03:00,46.25,60.04,315.7,0.243,0
2025-10-06T17:04:00,48.86,54.71,317.4,0.228,0
2025-10-06T17:05:00,45.4,57.2,345.8,0.141,0
2025-10-06T17:06:00,44.08,59.98,308.1,0.212,0
2025-10-06T17:07:00,41.48,58.72,335.7,0.133,0
2025-10-06T17:08:00,46.67,55.37,326.4,0.242,0
2025-10-06T17:09:00,36.89,57.07,295.2,0.194,0
2025-10-06T17:10:00,44.66,55.86,307.6,0.19,0
2025-10-06T17:11:00,42.0,56.85,325.8,0.247,0
2025-10-06T17:12:00,45.6,57.8,316.6,0.173,0
2025-10-06T17:13:00,45.28,55.09,324.2,0.275,0
2025-10-06T17:14:00,45.62,57.98,351.2,0.15,0
2025-10-06T17:15:00,46.23,53.85,326.2,0.189,0
2025-10-06T17:16:00,44.04,59.06,349.7,0.183,0
2025-10-06T17:17:00,39.9,59.38,340.9,0.152,0
2025-10-06T17:18:00,43.22,56.98,316.1,0.228,0
2025-10-06T17:19:00,44.14,60.06,266.9,0.26,0
2025-10-06T17:20:00,44.53,55.67,331.4,0.201,0
2025-10-06T17:21:00,43.35,58.34,322.3,0.223,0
2025-10-06T17:22:00,80.51,57.18,249.3,4.68,1
2025-10-06T17:23:00,43.4,57.74,365.9,0.179,0
2025-10-06T17:24:00,49.52,58.23,353.7,0.21,0
2025-10-06T17:25:00,42.1,60.36,357.8,0.153,0
2025-10-06T17:26:00,45.1,56.07,342.1,0.129,0
2025-10-06T17:27:00,46.12,56.68,332.9,0.223,0
2025-10-06T17:28:00,42.95,55.39,320.7,0.274,0
2025-10-06T17:29:00,45.6,60.51,294.5,0.214,0
2025-10-06T17:30:00,41.09,56.86,316.2,0.164,0
2025-10-06T17:31:00,49.51,58.79,342.2,0.178,0
2025-10-06T17:32:00,46.24,56.78,353.3,0.147,0
2025-10-06T17:33:00,42.72,56.83,281.1,0.181,0
2025-10-06T17:34:00,41.25,55.85,360.4,0.213,0
2025-10-06T17:35:00,45.16,60.38,353.6,0.261,0
2025-10-06T17:36:00,46.86,58.78,325.9,0.311,0
2025-10-06T17:37:00,46.29,53.3,358.7,0.195,0
2025-10-06T17:38:00,45.19,54.18,330.4,0.205,0
2025-10-06T17:39:00,41.62,52.64,329.5,0.257,0
2025-10-06T17:40:00,47.07,57.41,346.5,0.176,0
2025-10-06T17:41:00,37.81,53.66,307.9,0.152,0
2025-10-06T17:42:00,39.55,56.11,333.3,0.204,0
2025-10-06T17:43:00,49.23,58.84,331.0,0.28,0
2025-10-06T17:44:00,49.61,55.62,331.4,0.268,0
2025-10-06T17:45:00,46.39,55.81,314.6,0.306,0
2025-10-06T17:46:00,42.11,58.84,307.4,0.267,0
2025-10-06T17:47:00,44.58,54.59,339.8,0.234,0
2025-10-06T17:48:00,41.21,49.99,346.4,0.154,0
2025-10-06T17:49:00,44.3,52.22,302.1,0.26,0
2025-10-06T17:50:00,41.42,55.74,361.8,0.193,0
2025-10-06T17:51:00,42.22,55.9,311.3,0.193,0
2025-10-06T17:52:00,47.78,56.48,319.9,0.102,0
2025-10-06T17:53:00,44.88,53.26,307.8,0.184,0
2025-10-06T17:54:00,45.41,57.6,346.9,0.139,0
2025-10-06T17:55:00,46.43,59.58,362.4,0.206,0
2025-10-06T17:56:00,46.15,57.77,336.0,0.169,0
2025-10-06T17:57:00,45.41,57.08,352.6,0.193,0
2025-10-06T17:58:00,43.88,56.9,335.5,0.185,0
2025-10-06T17:59:00,45.62,56.87,328.0,0.224,0
2025-10-06T18:00:00,46.76,53.67,296.9,0.214,0
2025-10-06T18:01:00,39.85,57.26,322.4,0.201,0
2025-10-06T18:02:00,40.48,54.56,315.5,0.227,0
2025-10-06T18:03:00,44.27,56.16,304.5,0.103,0
2025-10-06T18:04:00,41.61,55.13,342.0,0.344,0
2025-10-06T18:05:00,42.57,51.63,317.4,0.263,0
2025-10-06T18:06:00,42.17,53.99,305.3,0.13,0
2025-10-06T18:07:00,37.58,55.58,286.2,0.188,0
2025-10-06T18:08:00,37.75,55.46,291.9,0.283,0
2025-10-06T18:09:00,43.9,51.71,320.1,0.14,0
2025-10-06T18:10:00,39.63,57.26,299.3,0.206,0
2025-10-06T18:11:00,41.31,52.94,290.5,0.225,0
2025-10-06T18:12:00,38.48,57.65,292.7,0.158,0
2025-10-06T18:13:00,39.35,53.74,318.4,0.267,0
2025-10-06T18:14:00,39.57,55.64,301.8,0.234,0
2025-10-06T18:15:00,38.77,55.31,322.0,0.175,0
2025-10-06T18:16:00,37.12,56.07,284.5,0.215,0
2025-10-06T18:17:00,41.21,54.68,293.4,0.185,0
2025-10-06T18:18:00,42.69,52.47,307.6,0.176,0
2025-10-06T18:19:00,43.79,52.15,304.7,0.236,0
2025-10-06T18:20:00,39.61,53.61,307.3,0.079,0
2025-10-06T18:21:00,42.87,53.74,293.7,0.16,0
2025-10-06T18:22:00,38.36,54.65,245.2,0.232,0
2025-10-06T18:23:00,42.48,55.28,306.0,0.187,0
2025-10-06T18:24:00,35.02,58.99,290.1,0.184,0
2025-10-06T18:25:00,42.62,61.26,279.8,0.108,0
2025-10-06T18:26:00,40.68,54.61,317.9,0.094,0
2025-10-06T18:27:00,37.13,61.11,308.1,0.256,0
2025-10-06T18:28:00,35.49,54.28,290.2,0.221,0
2025-10-06T18:29:00,42.38,54.09,301.6,0.169,0
2025-10-06T18:30:00,42.56,55.24,333.5,0.233,0
2025-10-06T18:31:00,42.08,54.72,285.0,0.171,0
2025-10-06T18:32:00,38.39,54.5,311.5,0.248,0
2025-10-06T18:33:00,37.47,55.14,305.8,0.166,0
2025-10-06T18:34:00,37.46,54.54,319.1,0.186,0
2025-10-06T18:35:00,42.82,57.05,285.3,0.164,0
2025-10-06T18:36:00,41.51,54.15,296.8,0.282,0
2025-10-06T18:37:00,38.0,55.86,303.9,0.154,0
2025-10-06T18:38:00,38.19,54.89,314.9,0.257,0
2025-10-06T18:39:00,40.18,54.76,313.9,0.207,0
2025-10-06T18:40:00,39.91,54.56,282.9,0.186,0
2025-10-06T18:41:00,41.66,54.87,308.4,0.211,0
2025-10-06T18:42:00,33.05,56.52,272.2,0.168,0
2025-10-06T18:43:00,37.49,54.98,245.9,0.211,0
2025-10-06T18:44:00,39.72,51.45,335.5,0.144,0
2025-10-06T18:45:00,41.25,55.88,274.8,0.199,0
2025-10-06T18:46:00,40.97,52.95,298.8,0.322,0
2025-10-06T18:47:00,37.2,56.01,312.4,0.184,0
2025-10-06T18:48:00,38.33,52.66,311.7,0.2,0
2025-10-06T18:49:00,38.03,54.73,315.2,0.249,0
2025-10-06T18:50:00,38.14,51.01,287.0,0.111,0
2025-10-06T18:51:00,38.25,51.08,310.0,0.227,0
2025-10-06T18:52:00,43.69,55.41,334.9,0.18,0
2025-10-06T18:53:00,40.42,50.64,292.0,0.279,0
2025-10-06T18:54:00,33.4,56.23,289.6,0.191,0
2025-10-06T18:55:00,38.71,55.69,276.1,0.169,0
2025-10-06T18:56:00,39.89,55.49,290.0,0.157,0
2025-10-06T18:57:00,41.87,54.72,305.6,0.243,0
2025-10-06T18:58:00,40.0,52.22,296.1,0.217,0
2025-10-06T18:59:00,41.05,53.46,309.8,0.221,0
2025-10-06T19:00:00,34.31,53.6,284.8,0.153,0
2025-10-06T19:01:00,35.69,53.08,261.5,0.118,0
2025-10-06T19:02:00,40.9,55.99,298.2,0.163,0
2025-10-06T19:03:00,34.93,55.22,265.9,0.233,0
2025-10-06T19:04:00,37.19,54.12,271.9,0.249,0
2025-10-06T19:05:00,35.89,52.44,293.1,0.228,0
2025-10-06T19:06:00,39.49,51.28,277.3,0.223,0
2025-10-06T19:07:00,34.08,53.32,271.9,0.19,0
2025-10-06T19:08:00,39.23,52.49,257.0,0.183,0
2025-10-06T19:09:00,42.79,51.83,288.8,0.197,0
2025-10-06T19:10:00,35.63,50.86,257.9,0.157,0
2025-10-06T19:11:00,43.89,52.69,271.8,0.129,0
2025-10-06T19:12:00,37.09,54.95,288.3,0.206,0
2025-10-06T19:13:00,33.34,53.54,273.1,0.12,0
2025-10-06T19:14:00,36.59,55.4,256.6,0.302,0
2025-10-06T19:15:00,41.88,53.08,272.5,0.179,0
2025-10-06T19:16:00,37.95,53.85,281.5,0.219,0
2025-10-06T19:17:00,35.06,56.43,262.6,0.176,0
2025-10-06T19:18:00,35.72,54.39,285.2,0.169,0
2025-10-06T19:19:00,36.9,58.32,269.7,0.169,0
2025-10-06T19:20:00,32.3,50.9,271.5,0.144,0
2025-10-06T19:21:00,34.73,51.39,246.5,0.115,0
2025-10-06T19:22:00,35.54,51.44,303.9,0.147,0
2025-10-06T19:23:00,30.72,51.07,274.5,0.185,0
2025-10-06T19:24:00,34.35,51.96,266.2,0.206,0
2025-10-06T19:25:00,35.66,53.85,269.3,0.211,0
2025-10-06T19:26:00,31.24,52.57,247.3,0.278,0
2025-10-06T19:27:00,31.91,53.82,270.9,0.226,0
2025-10-06T19:28:00,36.94,55.85,261.6,0.234,0
2025-10-06T19:29:00,37.31,53.73,271.9,0.226,0
2025-10-06T19:30:00,35.4,54.75,255.7,0.256,0
2025-10-06T19:31:00,40.02,53.68,276.6,0.254,0
2025-10-06T19:32:00,37.73,54.71,247.1,0.198,0
2025-10-06T19:33:00,34.3,53.74,289.0,0.223,0
2025-10-06T19:34:00,36.19,54.68,291.3,0.192,0
2025-10-06T19:35:00,39.51,50.43,273.4,0.23,0
2025-10-06T19:36:00,33.24,52.97,242.6,0.292,0
2025-10-06T19:37:00,40.36,53.11,306.2,0.116,0
2025-10-06T19:38:00,37.99,50.46,259.7,0.188,0
2025-10-06T19:39:00,33.29,50.37,315.4,0.189,0
2025-10-06T19:40:00,34.11,50.93,258.7,0.17,0
2025-10-06T19:41:00,38.98,56.16,289.4,0.164,0
2025-10-06T19:42:00,32.64,51.63,277.1,0.175,0
2025-10-06T19:43:00,38.29,51.97,287.9,0.207,0
2025-10-06T19:44:00,36.66,52.16,256.8,0.142,0
2025-10-06T19:45:00,34.91,54.81,274.7,0.217,0
2025-10-06T19:46:00,30.56,49.94,282.4,0.215,0
2025-10-06T19:47:00,38.57,54.4,287.4,0.282,0
2025-10-06T19:48:00,35.15,52.99,276.8,0.11,0
2025-10-06T19:49:00,38.37,51.28,297.9,0.213,0
2025-10-06T19:50:00,33.94,54.84,305.4,0.16,0
2025-10-06T19:51:00,36.1,53.99,271.3,0.218,0
2025-10-06T19:52:00,31.91,55.0,233.2,0.182,0
2025-10-06T19:53:00,36.81,52.62,288.4,0.246,0
2025-10-06T19:54:00,35.48,52.56,223.8,0.08,0
2025-10-06T19:55:00,43.75,54.53,259.5,0.216,0
2025-10-06T19:56:00,36.42,52.94,274.0,0.2,0
2025-10-06T19:57:00,38.35,49.64,228.5,0.188,0
2025-10-06T19:58:00,37.4,49.94,271.9,0.138,0
2025-10-06T19:59:00,37.15,49.97,245.1,0.13,0
2025-10-06T20:00:00,33.55,50.35,235.5,0.218,0
2025-10-06T20:01:00,35.4,50.4,229.7,0.308,0
2025-10-06T20:02:00,26.37,51.27,228.6,0.232,0
2025-10-06T20:03:00,28.97,47.52,210.2,0.102,0
2025-10-06T20:04:00,31.8,47.9,264.8,0.222,0
2025-10-06T20:05:00,32.87,50.09,274.4,0.225,0
2025-10-06T20:06:00,37.14,53.48,224.0,0.19,0
2025-10-06T20:07:00,25.68,51.6,253.0,0.162,0
2025-10-06T20:08:00,32.2,52.21,205.3,0.182,0
2025-10-06T20:09:00,37.44,49.84,277.0,0.25,0
2025-10-06T20:10:00,32.51,49.83,246.8,0.245,0
2025-10-06T20:11:00,33.6,52.08,249.5,0.134,0
2025-10-06T20:12:00,35.42,52.43,262.4,0.239,0
2025-10-06T20:13:00,34.83,50.83,233.5,0.159,0
2025-10-06T20:14:00,39.5,49.45,244.7,0.136,0
2025-10-06T20:15:00,33.34,51.66,240.6,0.32,0
2025-10-06T20:16:00,32.8,51.73,243.8,0.213,0
2025-10-06T20:17:00,31.17,51.51,265.8,0.183,0
2025-10-06T20:18:00,28.96,49.05,253.3,0.181,0
2025-10-06T20:19:00,32.13,53.56,226.8,0.191,0
2025-10-06T20:20:00,33.86,49.99,259.5,0.197,0
2025-10-06T20:21:00,35.89,51.8,211.7,0.2,0
2025-10-06T20:22:00,38.73,53.08,253.2,0.173,0
2025-10-06T20:23:00,28.66,49.79,251.3,0.204,0
2025-10-06T20:24:00,36.15,50.95,206.3,0.222,0
2025-10-06T20:25:00,32.19,51.46,261.6,0.27,0
2025-10-06T20:26:00,36.17,53.2,254.0,0.227,0
2025-10-06T20:27:00,30.51,50.34,267.8,0.143,0
2025-10-06T20:28:00,31.49,47.69,207.2,0.165,0
2025-10-06T20:29:00,29.56,48.14,285.0,0.189,0
2025-10-06T20:30:00,34.65,51.31,255.0,0.214,0
2025-10-06T20:31:00,33.77,51.72,255.8,0.23,0
2025-10-06T20:32:00,32.72,49.68,233.5,0.234,0
2025-10-06T20:33:00,33.38,47.72,243.2,0.154,0
2025-10-06T20:34:00,32.07,48.42,249.8,0.199,0
2025-10-06T20:35:00,32.18,53.04,186.6,0.218,0
2025-10-06T20:36:00,33.36,52.58,246.3,0.254,0
2025-10-06T20:37:00,28.33,48.74,263.6,0.085,0
2025-10-06T20:38:00,31.53,52.49,218.2,0.232,0
2025-10-06T20:39:00,29.88,53.12,223.9,0.11,0
2025-10-06T20:40:00,30.09,51.13,245.5,0.234,0
2025-10-06T20:41:00,34.19,49.03,251.9,0.237,0
2025-10-06T20:42:00,34.15,48.92,258.3,0.215,0
2025-10-06T20:43:00,29.92,51.24,234.8,0.214,0
2025-10-06T20:44:00,26.06,48.7,242.0,0.215,0
2025-10-06T20:45:00,32.99,50.63,254.2,0.189,0
2025-10-06T20:46:00,34.0,49.52,238.8,0.182,0
2025-10-06T20:47:00,38.04,51.32,235.0,0.139,0
2025-10-06T20:48:00,33.67,49.17,192.3,0.27,0
2025-10-06T20:49:00,36.71,47.63,226.9,0.167,0
2025-10-06T20:50:00,27.84,52.71,254.3,0.155,0
2025-10-06T20:51:00,35.58,54.41,207.9,0.136,0
2025-10-06T20:52:00,30.48,50.8,230.9,0.219,0
2025-10-06T20:53:00,36.25,52.32,237.8,0.311,0
2025-10-06T20:54:00,29.67,50.79,237.6,0.182,0
2025-10-06T20:55:00,33.24,47.93,239.4,0.171,0
2025-10-06T20:56:00,29.55,50.03,215.9,0.213,0
2025-10-06T20:57:00,32.91,50.85,270.5,0.121,0
2025-10-06T20:58:00,33.66,47.77,238.7,0.189,0
2025-10-06T20:59:00,34.64,46.35,220.0,0.209,0
2025-10-06T21:00:00,31.98,48.44,233.6,0.228,0
2025-10-06T21:01:00,28.07,47.05,226.3,0.167,0
2025-10-06T21:02:00,35.28,52.27,234.4,0.122,0
2025-10-06T21:03:00,25.22,50.29,220.7,0.269,0
2025-10-06T21:04:00,31.55,47.22,204.5,0.221,0
2025-10-06T21:05:00,26.97,50.53,236.0,0.166,0
2025-10-06T21:06:00,28.82,51.04,216.3,0.202,0
2025-10-06T21:07:00,26.73,53.51,196.1,0.117,0
2025-10-06T21:08:00,31.72,49.12,231.5,0.223,0
2025-10-06T21:09:00,23.39,48.05,196.3,0.229,0
2025-10-06T21:10:00,28.33,47.73,215.5,0.287,0
2025-10-06T21:11:00,31.65,50.09,183.5,0.33,0
2025-10-06T21:12:00,29.42,48.19,173.6,0.224,0
2025-10-06T21:13:00,32.06,50.16,212.9,0.262,0
2025-10-06T21:14:00,32.55,44.38,223.4,0.293,0
2025-10-06T21:15:00,27.03,51.05,207.0,0.212,0
2025-10-06T21:16:00,27.81,52.36,205.0,0.26,0
2025-10-06T21:17:00,28.1,48.84,196.4,0.158,0
2025-10-06T21:18:00,28.77,51.13,228.8,0.273,0
2025-10-06T21:19:00,27.44,51.62,234.2,0.199,0
2025-10-06T21:20:00,28.9,54.06,218.5,0.303,0
2025-10-06T21:21:00,31.27,51.08,203.9,0.189,0
2025-10-06T21:22:00,27.15,48.75,228.7,0.226,0
2025-10-06T21:23:00,34.12,48.96,213.4,0.136,0
2025-10-06T21:24:00,30.27,48.84,215.5,0.171,0
2025-10-06T21:25:00,28.32,51.56,203.3,0.194,0
2025-10-06T21:26:00,31.17,52.41,206.3,0.234,0
2025-10-06T21:27:00,35.98,48.53,221.1,0.222,0
2025-10-06T21:28:00,26.26,48.29,253.7,0.236,0
2025-10-06T21:29:00,34.58,49.03,192.5,0.179,0
2025-10-06T21:30:00,21.88,51.3,239.7,0.204,0
2025-10-06T21:31:00,28.59,48.74,201.4,0.169,0
2025-10-06T21:32:00,32.57,46.27,231.5,0.147,0
2025-10-06T21:33:00,23.5,49.49,203.9,0.185,0
2025-10-06T21:34:00,34.57,53.12,208.0,0.236,0
2025-10-06T21:35:00,31.38,51.68,206.1,0.228,0
2025-10-06T21:36:00,26.48,47.74,214.4,0.189,0
2025-10-06T21:37:00,23.45,49.72,215.7,0.145,0
2025-10-06T21:38:00,25.23,48.42,222.2,0.225,0
2025-10-06T21:39:00,34.27,47.94,183.3,0.186,0
2025-10-06T21:40:00,70.48,49.12,171.4,7.285,1
2025-10-06T21:41:00,24.94,49.18,263.1,0.226,0
2025-10-06T21:42:00,24.13,50.12,235.1,0.23,0
2025-10-06T21:43:00,34.17,48.92,229.2,0.084,0
2025-10-06T21:44:00,31.13,47.87,188.6,0.152,0
2025-10-06T21:45:00,35.77,48.56,211.9,0.162,0
2025-10-06T21:46:00,30.49,47.6,228.8,0.171,0
2025-10-06T21:47:00,29.16,47.02,225.2,0.207,0
2025-10-06T21:48:00,28.28,46.8,227.7,0.168,0
2025-10-06T21:49:00,26.96,48.5,228.9,0.158,0
2025-10-06T21:50:00,26.66,50.52,206.0,0.169,0
2025-10-06T21:51:00,33.95,45.9,226.1,0.204,0
2025-10-06T21:52:00,69.54,50.29,377.2,6.623,1
2025-10-06T21:53:00,34.63,46.84,228.4,0.165,0
2025-10-06T21:54:00,30.12,48.19,219.7,0.218,0
2025-10-06T21:55:00,67.62,50.24,308.8,5.618,1
2025-10-06T21:56:00,29.1,51.06,210.0,0.192,0
2025-10-06T21:57:00,36.38,51.43,208.2,0.201,0
2025-10-06T21:58:00,32.06,49.2,250.9,0.172,0
2025-10-06T21:59:00,25.18,47.77,201.1,0.063,0
2025-10-06T22:00:00,27.68,46.13,150.9,0.266,0
2025-10-06T22:01:00,29.62,48.94,184.4,0.222,0
2025-10-06T22:02:00,24.55,47.42,182.8,0.168,0
2025-10-06T22:03:00,28.11,52.57,194.2,0.125,0
2025-10-06T22:04:00,32.35,49.17,204.9,0.152,0
2025-10-06T22:05:00,28.0,50.63,193.6,0.247,0
2025-10-06T22:06:00,30.13,48.91,156.9,0.308,0
2025-10-06T22:07:00,29.02,49.56,222.6,0.145,0
2025-10-06T22:08:00,26.34,47.94,180.6,0.134,0
2025-10-06T22:09:00,23.46,48.47,214.5,0.253,0
2025-10-06T22:10:00,29.89,46.82,195.4,0.199,0
2025-10-06T22:11:00,31.64,50.91,204.5,0.092,0
2025-10-06T22:12:00,29.63,48.56,212.7,0.203,0
2025-10-06T22:13:00,27.97,43.2,246.2,0.135,0
2025-10-06T22:14:00,25.5,42.83,174.0,0.145,0
2025-10-06T22:15:00,25.75,48.92,172.6,0.193,0
2025-10-06T22:16:00,25.67,45.27,208.7,0.147,0
2025-10-06T22:17:00,25.43,51.34,211.7,0.265,0
2025-10-06T22:18:00,29.42,48.8,170.6,0.179,0
2025-10-06T22:19:00,24.01,47.75,188.7,0.241,0
2025-10-06T22:20:00,26.99,46.07,247.7,0.201,0
2025-10-06T22:21:00,28.02,44.17,240.2,0.223,0
2025-10-06T22:22:00,31.06,48.14,189.5,0.243,0
2025-10-06T22:23:00,22.18,46.56,245.9,0.209,0
2025-10-06T22:24:00,30.75,48.3,181.8,0.286,0
2025-10-06T22:25:00,26.24,49.97,172.0,0.194,0
2025-10-06T22:26:00,20.61,49.32,203.4,0.155,0
2025-10-06T22:27:00,28.34,46.93,205.3,0.236,0
2025-10-06T22:28:00,28.92,47.33,194.8,0.251,0
2025-10-06T22:29:00,26.57,48.47,178.2,0.246,0
2025-10-06T22:30:00,23.39,48.47,190.5,0.205,0
2025-10-06T22:31:00,23.78,46.08,223.5,0.121,0
2025-10-06T22:32:00,30.87,49.03,200.8,0.137,0
2025-10-06T22:33:00,27.07,47.86,186.8,0.218,0
2025-10-06T22:34:00,26.35,46.76,200.6,0.179,0
2025-10-06T22:35:00,26.55,47.59,221.1,0.198,0
2025-10-06T22:36:00,28.74,45.38,184.7,0.234,0
2025-10-06T22:37:00,24.08,48.45,193.9,0.176,0
2025-10-06T22:38:00,26.0,46.32,190.2,0.119,0
2025-10-06T22:39:00,27.65,47.84,216.8,0.203,0
2025-10-06T22:40:00,31.66,48.89,214.4,0.298,0
2025-10-06T22:41:00,25.8,48.27,206.6,0.249,0
2025-10-06T22:42:00,27.58,48.68,225.2,0.194,0
2025-10-06T22:43:00,28.41,48.38,246.4,0.209,0
2025-10-06T22:44:00,26.43,47.78,170.4,0.186,0
2025-10-06T22:45:00,27.29,52.21,211.4,0.223,0
2025-10-06T22:46:00,27.51,48.43,184.0,0.187,0
2025-10-06T22:47:00,29.58,46.49,198.1,0.204,0
2025-10-06T22:48:00,23.0,47.25,164.0,0.166,0
2025-10-06T22:49:00,30.66,46.69,210.8,0.238,0
2025-10-06T22:50:00,31.46,45.71,171.1,0.139,0
2025-10-06T22:51:00,26.74,48.12,170.7,0.223,0
2025-10-06T22:52:00,28.44,49.56,192.1,0.148,0
2025-10-06T22:53:00,28.05,48.08,195.8,0.158,0
2025-10-06T22:54:00,28.45,50.78,150.5,0.267,0
2025-10-06T22:55:00,31.78,44.52,155.9,0.224,0
2025-10-06T22:56:00,22.06,47.74,217.4,0.237,0
2025-10-06T22:57:00,29.33,46.79,194.5,0.172,0
2025-10-06T22:58:00,31.35,46.2,213.1,0.215,0
2025-10-06T22:59:00,28.65,48.22,179.0,0.155,0
2025-10-06T23:00:00,27.85,43.78,212.8,0.198,0
2025-10-06T23:01:00,30.16,49.95,206.5,0.291,0
2025-10-06T23:02:00,27.75,52.69,183.7,0.148,0
2025-10-06T23:03:00,23.29,50.17,175.9,0.212,0
2025-10-06T23:04:00,56.19,46.07,221.1,5.025,1
2025-10-06T23:05:00,28.59,44.78,180.9,0.167,0
2025-10-06T23:06:00,24.95,47.11,213.0,0.206,0
2025-10-06T23:07:00,33.34,46.93,129.5,0.231,0
2025-10-06T23:08:00,25.41,45.73,193.8,0.222,0
2025-10-06T23:09:00,23.81,49.59,199.3,0.21,0
2025-10-06T23:10:00,26.31,46.23,166.7,0.225,0
2025-10-06T23:11:00,25.92,47.59,205.1,0.175,0
2025-10-06T23:12:00,28.78,48.15,173.6,0.103,0
2025-10-06T23:13:00,25.7,51.31,190.1,0.21,0
2025-10-06T23:14:00,25.53,45.39,177.9,0.209,0
2025-10-06T23:15:00,68.16,48.63,254.2,3.309,1
2025-10-06T23:16:00,22.17,47.63,201.5,0.148,0
2025-10-06T23:17:00,25.7,45.03,161.0,0.112,0
2025-10-06T23:18:00,28.94,49.73,167.1,0.198,0
2025-10-06T23:19:00,26.36,48.47,200.4,0.303,0
2025-10-06T23:20:00,29.07,47.76,162.1,0.215,0
2025-10-06T23:21:00,26.8,49.57,194.5,0.123,0
2025-10-06T23:22:00,17.73,45.73,163.2,0.141,0
2025-10-06T23:23:00,26.61,51.36,174.0,0.231,0
2025-10-06T23:24:00,26.64,44.78,177.4,0.236,0
2025-10-06T23:25:00,22.27,45.22,187.6,0.168,0
2025-10-06T23:26:00,25.83,49.16,186.2,0.171,0
2025-10-06T23:27:00,26.47,50.49,131.2,0.135,0
2025-10-06T23:28:00,23.04,45.05,182.6,0.331,0
2025-10-06T23:29:00,21.56,47.3,167.3,0.236,0
2025-10-06T23:30:00,27.79,50.67,197.9,0.23,0
2025-10-06T23:31:00,25.82,47.78,191.2,0.183,0
2025-10-06T23:32:00,23.67,49.18,191.2,0.176,0
2025-10-06T23:33:00,24.43,47.64,199.2,0.166,0
2025-10-06T23:34:00,24.03,46.67,209.9,0.202,0
2025-10-06T23:35:00,24.4,45.74,146.7,0.161,0
2025-10-06T23:36:00,26.93,44.72,187.0,0.1,0
2025-10-06T23:37:00,24.54,49.65,174.5,0.279,0
2025-10-06T23:38:00,27.7,52.2,179.6,0.224,0
2025-10-06T23:39:00,24.77,46.39,199.5,0.233,0
2025-10-06T23:40:00,29.7,47.53,190.8,0.149,0
2025-10-06T23:41:00,25.01,46.67,203.4,0.091,0
2025-10-06T23:42:00,25.67,46.7,187.1,0.153,0
2025-10-06T23:43:00,23.37,46.99,170.9,0.187,0
2025-10-06T23:44:00,25.03,49.34,176.5,0.216,0
2025-10-06T23:45:00,21.26,48.04,178.6,0.196,0
2025-10-06T23:46:00,28.09,45.3,172.3,0.202,0
2025-10-06T23:47:00,24.32,48.11,168.1,0.086,0
2025-10-06T23:48:00,22.03,49.14,195.9,0.216,0
2025-10-06T23:49:00,25.16,46.5,188.1,0.262,0
2025-10-06T23:50:00,20.67,48.75,183.4,0.098,0
2025-10-06T23:51:00,28.71,45.5,158.8,0.194,0
2025-10-06T23:52:00,26.48,44.62,171.0,0.132,0
2025-10-06T23:53:00,27.45,46.44,168.6,0.145,0
2025-10-06T23:54:00,26.59,46.87,177.6,0.262,0
2025-10-06T23:55:00,23.15,47.98,161.2,0.159,0
2025-10-06T23:56:00,26.36,48.62,209.9,0.25,0
2025-10-06T23:57:00,23.36,48.86,187.0,0.134,0
2025-10-06T23:58:00,28.77,47.8,179.9,0.262,0
2025-10-06T23:59:00,26.78,48.91,191.3,0.239,0
2025-10-07T00:00:00,24.07,41.3,184.4,0.235,0
2025-10-07T00:01:00,21.71,45.42,162.1,0.175,0
2025-10-07T00:02:00,27.6,48.31,148.4,0.214,0
2025-10-07T00:03:00,28.35,49.1,143.6,0.218,0
2025-10-07T00:04:00,24.36,48.88,159.4,0.203,0
2025-10-07T00:05:00,30.56,46.88,185.0,0.142,0
2025-10-07T00:06:00,27.3,41.74,181.5,0.159,0
2025-10-07T00:07:00,25.48,47.61,182.4,0.203,0
2025-10-07T00:08:00,22.94,47.0,165.0,0.172,0
2025-10-07T00:09:00,22.88,45.83,197.1,0.299,0
2025-10-07T00:10:00,25.76,48.7,171.5,0.155,0
2025-10-07T00:11:00,17.88,46.36,177.4,0.155,0
2025-10-07T00:12:00,37.16,45.39,193.4,0.201,0
2025-10-07T00:13:00,23.87,46.57,196.0,0.175,0
2025-10-07T00:14:00,25.0,45.26,179.9,0.135,0
2025-10-07T00:15:00,26.66,45.7,204.8,0.155,0
2025-10-07T00:16:00,25.04,43.77,195.8,0.181,0
2025-10-07T00:17:00,19.96,43.4,221.2,0.255,0
2025-10-07T00:18:00,24.93,49.73,147.0,0.267,0
2025-10-07T00:19:00,20.61,47.8,163.4,0.315,0
2025-10-07T00:20:00,25.01,50.77,190.3,0.187,0
2025-10-07T00:21:00,23.78,50.69,168.1,0.144,0
2025-10-07T00:22:00,19.38,46.57,206.6,0.25,0
2025-10-07T00:23:00,27.59,46.02,200.4,0.256,0
2025-10-07T00:24:00,16.9,47.03,180.0,0.233,0
2025-10-07T00:25:00,26.38,50.03,195.1,0.316,0
2025-10-07T00:26:00,21.86,49.32,153.6,0.158,0
2025-10-07T00:27:00,26.89,46.74,182.6,0.275,0
2025-10-07T00:28:00,31.31,46.88,181.3,0.274,0
2025-10-07T00:29:00,26.08,44.37,184.0,0.312,0
2025-10-07T00:30:00,25.93,49.15,193.4,0.19,0
2025-10-07T00:31:00,25.66,48.32,177.7,0.182,0
2025-10-07T00:32:00,21.15,44.55,187.8,0.23,0
2025-10-07T00:33:00,26.37,46.35,180.5,0.251,0
2025-10-07T00:34:00,23.07,46.3,201.1,0.214,0
2025-10-07T00:35:00,25.0,51.72,169.3,0.189,0
2025-10-07T00:36:00,25.35,51.01,183.8,0.089,0
2025-10-07T00:37:00,27.9,44.58,179.3,0.196,0
2025-10-07T00:38:00,21.52,44.67,170.2,0.176,0
2025-10-07T00:39:00,27.06,49.62,171.0,0.164,0
2025-10-07T00:40:00,26.37,45.61,194.8,0.195,0
2025-10-07T00:41:00,25.59,46.85,212.7,0.153,0
2025-10-07T00:42:00,22.4,46.17,129.4,0.207,0
2025-10-07T00:43:00,23.8,48.48,165.5,0.132,0
2025-10-07T00:44:00,22.08,47.05,174.2,0.112,0
2025-10-07T00:45:00,24.44,47.17,193.8,0.142,0
2025-10-07T00:46:00,23.16,47.01,157.4,0.232,0
2025-10-07T00:47:00,21.12,46.39,208.9,0.268,0
2025-10-07T00:48:00,26.76,47.77,187.6,0.225,0
2025-10-07T00:49:00,24.15,47.98,194.2,0.163,0
2025-10-07T00:50:00,24.48,46.58,226.5,0.218,0
2025-10-07T00:51:00,18.86,45.64,148.4,0.269,0
2025-10-07T00:52:00,23.42,45.5,193.1,0.224,0
2025-10-07T00:53:00,26.12,44.62,172.6,0.163,0
2025-10-07T00:54:00,25.1,46.0,155.8,0.158,0
2025-10-07T00:55:00,25.98,48.45,163.2,0.158,0
2025-10-07T00:56:00,27.25,50.28,200.6,0.311,0
2025-10-07T00:57:00,22.17,47.33,163.6,0.223,0
2025-10-07T00:58:00,25.07,45.63,181.0,0.212,0
2025-10-07T00:59:00,31.2,51.08,200.4,0.19,0
2025-10-07T01:00:00,26.78,51.24,166.5,0.173,0
2025-10-07T01:01:00,24.65,48.1,193.4,0.272,0
2025-10-07T01:02:00,30.51,48.24,198.6,0.183,0
2025-10-07T01:03:00,26.21,46.77,154.0,0.214,0
2025-10-07T01:04:00,26.57,45.39,205.5,0.195,0
2025-10-07T01:05:00,19.71,45.96,198.6,0.255,0
2025-10-07T01:06:00,24.63,45.84,206.1,0.186,0
2025-10-07T01:07:00,24.2,44.05,202.0,0.207,0
2025-10-07T01:08:00,26.44,46.25,180.4,0.236,0
2025-10-07T01:09:00,23.73,48.15,172.6,0.218,0
2025-10-07T01:10:00,31.79,44.08,203.3,0.146,0
2025-10-07T01:11:00,25.29,49.62,166.6,0.247,0
2025-10-07T01:12:00,25.09,47.85,176.0,0.251,0
2025-10-07T01:13:00,25.86,48.36,190.6,0.085,0
2025-10-07T01:14:00,21.86,44.98,162.0,0.133,0
2025-10-07T01:15:00,24.69,46.27,204.6,0.19,0
2025-10-07T01:16:00,25.61,50.56,197.9,0.254,0
2025-10-07T01:17:00,25.88,48.53,202.4,0.191,0
2025-10-07T01:18:00,20.64,46.01,144.9,0.184,0
2025-10-07T01:19:00,27.11,47.16,140.2,0.222,0
2025-10-07T01:20:00,24.43,49.38,216.1,0.196,0
2025-10-07T01:21:00,26.82,49.07,198.2,0.202,0
2025-10-07T01:22:00,22.47,46.16,174.7,0.16,0
2025-10-07T01:23:00,23.54,47.46,220.1,0.207,0
2025-10-07T01:24:00,27.89,44.87,202.1,0.25,0
2025-10-07T01:25:00,24.08,46.61,182.4,0.143,0
2025-10-07T01:26:00,30.72,46.32,177.8,0.193,0
2025-10-07T01:27:00,26.92,47.25,211.0,0.298,0
2025-10-07T01:28:00,22.1,49.24,201.1,0.212,0
2025-10-07T01:29:00,25.05,45.22,160.7,0.168,0
2025-10-07T01:30:00,27.38,49.38,178.3,0.253,0
2025-10-07T01:31:00,28.89,48.43,171.0,0.272,0
2025-10-07T01:32:00,25.5,44.51,154.3,0.165,0
2025-10-07T01:33:00,27.01,50.91,219.4,0.212,0
2025-10-07T01:34:00,25.15,47.13,183.2,0.205,0
2025-10-07T01:35:00,23.38,49.45,159.0,0.289,0
2025-10-07T01:36:00,24.22,47.79,133.3,0.113,0
2025-10-07T01:37:00,24.96,43.58,196.5,0.206,0
2025-10-07T01:38:00,23.45,47.94,175.5,0.152,0
2025-10-07T01:39:00,21.63,50.04,186.0,0.182,0
2025-10-07T01:40:00,29.92,50.63,164.8,0.35,0
2025-10-07T01:41:00,22.66,47.01,208.6,0.114,0
2025-10-07T01:42:00,25.3,45.93,176.9,0.135,0
2025-10-07T01:43:00,25.79,48.04,184.7,0.204,0
2025-10-07T01:44:00,22.51,47.98,167.6,0.153,0
2025-10-07T01:45:00,24.41,47.07,196.2,0.243,0
2025-10-07T01:46:00,22.42,46.97,159.1,0.09,0
2025-10-07T01:47:00,24.37,47.59,194.3,0.165,0
2025-10-07T01:48:00,24.31,49.62,158.9,0.33,0
2025-10-07T01:49:00,25.61,49.15,173.1,0.186,0
2025-10-07T01:50:00,25.66,47.63,154.6,0.241,0
2025-10-07T01:51:00,61.74,43.62,350.8,4.897,1
2025-10-07T01:52:00,28.23,47.41,158.1,0.222,0
2025-10-07T01:53:00,24.95,46.72,195.4,0.186,0
2025-10-07T01:54:00,24.01,46.81,177.4,0.151,0
2025-10-07T01:55:00,22.77,45.88,180.0,0.26,0
2025-10-07T01:56:00,23.93,47.47,191.3,0.236,0
2025-10-07T01:57:00,21.35,44.94,187.8,0.161,0
2025-10-07T01:58:00,31.25,47.66,159.8,0.158,0
2025-10-07T01:59:00,26.19,48.28,176.4,0.173,0
2025-10-07T02:00:00,32.63,48.29,177.7,0.21,0
2025-10-07T02:01:00,24.06,50.66,212.6,0.106,0
2025-10-07T02:02:00,27.28,49.59,149.0,0.137,0
2025-10-07T02:03:00,24.77,46.75,209.0,0.156,0
2025-10-07T02:04:00,19.54,49.79,132.8,0.175,0
2025-10-07T02:05:00,31.0,48.78,184.6,0.174,0
2025-10-07T02:06:00,33.28,47.58,197.8,0.191,0
2025-10-07T02:07:00,19.26,48.3,190.6,0.205,0
2025-10-07T02:08:00,24.94,47.28,191.3,0.168,0
2025-10-07T02:09:00,27.0,48.5,198.7,0.18,0
2025-10-07T02:10:00,26.49,49.47,210.3,0.241,0
2025-10-07T02:11:00,20.48,48.62,184.7,0.189,0
2025-10-07T02:12:00,31.47,49.88,192.5,0.234,0
2025-10-07T02:13:00,24.94,47.48,227.0,0.199,0
2025-10-07T02:14:00,27.84,46.81,184.6,0.253,0
2025-10-07T02:15:00,28.62,52.18,196.9,0.219,0
2025-10-07T02:16:00,29.54,46.49,203.4,0.194,0
2025-10-07T02:17:00,24.81,49.06,175.4,0.187,0
2025-10-07T02:18:00,22.89,49.3,208.7,0.244,0
2025-10-07T02:19:00,25.25,47.87,219.0,0.179,0
2025-10-07T02:20:00,25.92,48.34,221.3,0.248,0
2025-10-07T02:21:00,26.83,47.57,215.6,0.23,0
2025-10-07T02:22:00,28.53,47.69,189.3,0.22,0
2025-10-07T02:23:00,26.34,46.67,196.9,0.199,0
2025-10-07T02:24:00,24.19,48.45,216.3,0.137,0
2025-10-07T02:25:00,22.89,45.81,179.9,0.213,0
2025-10-07T02:26:00,28.29,47.21,189.0,0.179,0
2025-10-07T02:27:00,28.3,46.48,193.3,0.247,0
2025-10-07T02:28:00,25.33,46.43,180.5,0.239,0
2025-10-07T02:29:00,27.62,46.42,176.7,0.18,0
2025-10-07T02:30:00,24.37,46.46,225.9,0.243,0
2025-10-07T02:31:00,24.92,47.78,209.1,0.143,0
2025-10-07T02:32:00,25.67,45.24,205.8,0.208,0
2025-10-07T02:33:00,31.72,45.52,204.6,0.081,0
2025-10-07T02:34:00,25.02,46.54,185.7,0.221,0
2025-10-07T02:35:00,30.16,48.19,225.7,0.206,0
2025-10-07T02:36:00,23.06,48.12,205.1,0.188,0
2025-10-07T02:37:00,24.31,49.67,175.8,0.096,0
2025-10-07T02:38:00,25.21,48.93,172.1,0.248,0
2025-10-07T02:39:00,27.98,45.93,188.6,0.311,0
2025-10-07T02:40:00,31.01,49.48,218.4,0.167,0
2025-10-07T02:41:00,22.84,50.61,175.8,0.2,0
2025-10-07T02:42:00,24.07,47.59,187.7,0.237,0
2025-10-07T02:43:00,29.56,53.56,201.0,0.206,0
2025-10-07T02:44:00,28.36,49.49,185.0,0.288,0
2025-10-07T02:45:00,29.5,45.63,158.1,0.305,0
2025-10-07T02:46:00,26.03,47.56,191.4,0.231,0
2025-10-07T02:47:00,58.07,48.77,215.6,6.271,1
2025-10-07T02:48:00,31.99,47.12,211.3,0.233,0
2025-10-07T02:49:00,32.98,49.71,217.9,0.182,0
2025-10-07T02:50:00,28.55,50.46,201.9,0.221,0
2025-10-07T02:51:00,26.68,47.66,159.3,0.166,0
2025-10-07T02:52:00,26.65,45.95,208.5,0.241,0
2025-10-07T02:53:00,29.88,51.12,179.6,0.157,0
2025-10-07T02:54:00,27.49,46.52,147.1,0.109,0
2025-10-07T02:55:00,31.7,49.11,195.1,0.221,0
2025-10-07T02:56:00,25.09,47.17,182.5,0.275,0
2025-10-07T02:57:00,28.16,47.69,180.0,0.164,0
2025-10-07T02:58:00,28.9,51.61,194.2,0.181,0
2025-10-07T02:59:00,27.84,49.01,173.4,0.197,0
2025-10-07T03:00:00,29.41,51.57,255.3,0.257,0
2025-10-07T03:01:00,22.78,47.91,236.9,0.182,0
2025-10-07T03:02:00,28.36,51.63,192.8,0.237,0
2025-10-07T03:03:00,30.33,48.71,202.0,0.266,0
2025-10-07T03:04:00,32.56,51.49,231.1,0.257,0
2025-10-07T03:05:00,28.56,50.85,239.4,0.173,0
2025-10-07T03:06:00,69.11,47.0,367.1,3.755,1
2025-10-07T03:07:00,29.77,49.81,251.4,0.176,0
2025-10-07T03:08:00,29.36,49.14,253.0,0.173,0
2025-10-07T03:09:00,25.98,46.6,214.2,0.237,0
2025-10-07T03:10:00,30.01,50.31,200.5,0.253,0
2025-10-07T03:11:00,34.04,54.02,171.2,0.189,0
2025-10-07T03:12:00,29.94,50.41,206.9,0.171,0
2025-10-07T03:13:00,29.76,51.03,181.9,0.219,0
2025-10-07T03:14:00,29.29,51.54,227.2,0.201,0
2025-10-07T03:15:00,28.83,47.45,233.3,0.281,0
2025-10-07T03:16:00,24.99,51.46,194.2,0.216,0
2025-10-07T03:17:00,26.1,49.54,211.0,0.228,0
2025-10-07T03:18:00,35.56,51.51,187.2,0.279,0
2025-10-07T03:19:00,30.23,48.53,177.5,0.18,0
2025-10-07T03:20:00,27.28,53.72,246.3,0.088,0
2025-10-07T03:21:00,31.51,51.48,239.6,0.19,0
2025-10-07T03:22:00,29.04,48.41,211.4,0.175,0
2025-10-07T03:23:00,28.27,48.35,187.2,0.201,0
2025-10-07T03:24:00,31.76,47.54,212.0,0.127,0
2025-10-07T03:25:00,28.89,51.12,244.7,0.199,0
2025-10-07T03:26:00,28.1,51.11,199.6,0.222,0
2025-10-07T03:27:00,33.28,48.76,213.5,0.295,0
2025-10-07T03:28:00,37.8,49.88,214.0,0.254,0
2025-10-07T03:29:00,26.99,48.49,188.1,0.297,0
2025-10-07T03:30:00,30.62,49.68,212.4,0.071,0
2025-10-07T03:31:00,28.67,49.46,227.8,0.144,0
2025-10-07T03:32:00,33.04,48.06,173.9,0.214,0
2025-10-07T03:33:00,23.99,44.61,197.5,0.136,0
2025-10-07T03:34:00,26.19,51.8,175.0,0.146,0
2025-10-07T03:35:00,28.06,51.67,194.4,0.219,0
2025-10-07T03:36:00,27.15,49.03,227.7,0.196,0
2025-10-07T03:37:00,30.82,51.86,216.6,0.197,0
2025-10-07T03:38:00,31.85,49.45,199.7,0.211,0
2025-10-07T03:39:00,29.07,48.67,222.5,0.098,0
2025-10-07T03:40:00,31.01,48.67,178.9,0.239,0
2025-10-07T03:41:00,30.69,48.2,182.0,0.114,0
2025-10-07T03:42:00,26.75,49.82,229.8,0.268,0
2025-10-07T03:43:00,31.64,49.65,240.1,0.234,0
2025-10-07T03:44:00,24.06,48.87,240.2,0.193,0
2025-10-07T03:45:00,70.23,47.64,84.4,7.38,1
2025-10-07T03:46:00,28.33,47.79,188.3,0.269,0
2025-10-07T03:47:00,32.88,50.97,220.5,0.169,0
2025-10-07T03:48:00,35.26,49.31,218.0,0.171,0
2025-10-07T03:49:00,29.91,50.41,233.9,0.211,0
2025-10-07T03:50:00,30.12,51.44,246.2,0.244,0
2025-10-07T03:51:00,29.06,49.75,190.8,0.21,0
2025-10-07T03:52:00,32.2,50.94,216.8,0.233,0
2025-10-07T03:53:00,31.58,50.68,210.0,0.254,0
2025-10-07T03:54:00,29.33,52.0,186.9,0.256,0
2025-10-07T03:55:00,24.45,49.85,220.0,0.288,0
2025-10-07T03:56:00,31.87,49.39,244.7,0.171,0
2025-10-07T03:57:00,30.2,48.38,245.1,0.228,0
2025-10-07T03:58:00,29.39,50.13,190.6,0.222,0
2025-10-07T03:59:00,58.57,47.91,360.4,7.794,1
2025-10-07T04:00:00,29.46,52.61,219.5,0.279,0
2025-10-07T04:01:00,31.51,52.74,213.5,0.12,0
2025-10-07T04:02:00,32.56,51.02,230.6,0.206,0
2025-10-07T04:03:00,31.03,51.58,268.2,0.148,0
2025-10-07T04:04:00,37.0,47.4,223.7,0.154,0
2025-10-07T04:05:00,34.36,50.47,265.5,0.243,0
2025-10-07T04:06:00,28.74,52.75,243.8,0.144,0
2025-10-07T04:07:00,31.39,49.43,229.2,0.263,0
2025-10-07T04:08:00,32.09,55.3,251.1,0.277,0
2025-10-07T04:09:00,33.96,51.61,251.7,0.249,0
2025-10-07T04:10:00,37.84,51.38,208.5,0.187,0
2025-10-07T04:11:00,30.55,49.71,247.5,0.226,0
2025-10-07T04:12:00,37.45,49.07,235.8,0.244,0
2025-10-07T04:13:00,32.1,53.36,237.5,0.131,0
2025-10-07T04:14:00,31.68,53.48,247.8,0.214,0
2025-10-07T04:15:00,29.54,49.33,226.4,0.307,0
2025-10-07T04:16:00,30.47,52.18,225.3,0.216,0
2025-10-07T04:17:00,33.17,52.78,221.8,0.234,0
2025-10-07T04:18:00,29.65,54.0,236.9,0.166,0
2025-10-07T04:19:00,30.37,50.41,230.8,0.187,0
2025-10-07T04:20:00,35.26,53.65,237.1,0.139,0
2025-10-07T04:21:00,32.13,50.11,209.8,0.143,0
2025-10-07T04:22:00,36.46,52.43,206.1,0.172,0
2025-10-07T04:23:00,31.81,49.04,233.8,0.154,0
2025-10-07T04:24:00,37.93,50.54,243.4,0.21,0
2025-10-07T04:25:00,37.4,51.37,230.6,0.156,0
2025-10-07T04:26:00,34.91,51.68,244.9,0.278,0
2025-10-07T04:27:00,33.41,47.46,254.5,0.143,0
2025-10-07T04:28:00,31.25,50.91,236.4,0.169,0
2025-10-07T04:29:00,31.47,48.81,269.7,0.207,0
2025-10-07T04:30:00,31.77,52.31,217.5,0.16,0
2025-10-07T04:31:00,33.59,49.04,233.1,0.265,0
2025-10-07T04:32:00,31.21,49.8,265.2,0.227,0
2025-10-07T04:33:00,28.16,52.69,240.9,0.145,0
2025-10-07T04:34:00,32.5,51.21,269.3,0.181,0
2025-10-07T04:35:00,38.65,48.05,225.7,0.178,0
2025-10-07T04:36:00,30.03,51.71,239.6,0.236,0
2025-10-07T04:37:00,34.48,55.48,227.8,0.192,0
2025-10-07T04:38:00,29.8,49.96,218.6,0.146,0
2025-10-07T04:39:00,31.82,51.39,228.7,0.256,0
2025-10-07T04:40:00,35.37,49.62,216.0,0.075,0
2025-10-07T04:41:00,32.44,48.2,247.6,0.123,0
2025-10-07T04:42:00,31.3,50.91,268.4,0.198,0
2025-10-07T04:43:00,36.34,52.62,260.3,0.118,0
2025-10-07T04:44:00,33.15,50.82,267.6,0.201,0
2025-10-07T04:45:00,33.6,50.68,267.7,0.173,0
2025-10-07T04:46:00,29.39,52.07,263.6,0.274,0
2025-10-07T04:47:00,35.51,47.12,217.0,0.307,0
2025-10-07T04:48:00,29.66,51.41,220.9,0.22,0
2025-10-07T04:49:00,30.15,48.14,270.1,0.231,0
2025-10-07T04:50:00,31.01,50.74,185.4,0.194,0
2025-10-07T04:51:00,26.94,50.65,232.2,0.288,0
2025-10-07T04:52:00,29.85,52.55,274.1,0.25,0
2025-10-07T04:53:00,30.95,52.71,236.8,0.186,0
2025-10-07T04:54:00,32.98,50.86,257.2,0.196,0
2025-10-07T04:55:00,34.62,50.23,238.0,0.216,0
2025-10-07T04:56:00,31.34,51.83,258.7,0.162,0
2025-10-07T04:57:00,32.63,49.43,250.7,0.172,0
2025-10-07T04:58:00,32.24,49.88,235.8,0.162,0
2025-10-07T04:59:00,40.02,51.33,203.4,0.179,0
2025-10-07T05:00:00,38.47,54.34,233.9,0.249,0
2025-10-07T05:01:00,39.81,55.07,274.5,0.226,0
2025-10-07T05:02:00,32.54,52.17,304.6,0.24,0
2025-10-07T05:03:00,34.48,56.12,275.7,0.215,0
2025-10-07T05:04:00,32.88,56.35,303.7,0.187,0
2025-10-07T05:05:00,40.65,52.83,241.5,0.138,0
2025-10-07T05:06:00,34.25,52.42,280.1,0.222,0
2025-10-07T05:07:00,36.74,54.51,299.2,0.305,0
2025-10-07T05:08:00,38.9,51.91,302.6,0.198,0
2025-10-07T05:09:00,33.57,54.24,279.0,0.192,0
2025-10-07T05:10:00,37.02,53.16,281.5,0.136,0
2025-10-07T05:11:00,38.58,53.06,266.9,0.26,0
2025-10-07T05:12:00,34.45,56.18,267.8,0.25,0
2025-10-07T05:13:00,33.07,53.65,288.4,0.144,0
2025-10-07T05:14:00,38.01,51.43,266.3,0.302,0
2025-10-07T05:15:00,82.24,53.03,445.6,5.808,1
2025-10-07T05:16:00,35.79,49.71,222.2,0.223,0
2025-10-07T05:17:00,37.04,52.07,260.4,0.243,0
2025-10-07T05:18:00,34.98,56.36,256.0,0.135,0
2025-10-07T05:19:00,37.98,55.47,286.0,0.227,0
2025-10-07T05:20:00,35.81,54.64,237.9,0.226,0
2025-10-07T05:21:00,31.43,54.52,263.2,0.226,0
2025-10-07T05:22:00,37.08,51.64,263.3,0.231,0
2025-10-07T05:23:00,36.53,55.76,284.8,0.224,0
2025-10-07T05:24:00,35.85,54.31,263.7,0.218,0
2025-10-07T05:25:00,33.9,52.21,276.3,0.233,0
2025-10-07T05:26:00,35.31,55.45,264.3,0.217,0
2025-10-07T05:27:00,35.43,51.62,265.6,0.12,0
2025-10-07T05:28:00,32.09,53.63,275.6,0.124,0
2025-10-07T05:29:00,38.49,51.02,310.9,0.28,0
2025-10-07T05:30:00,32.22,54.05,253.0,0.203,0
2025-10-07T05:31:00,37.62,53.78,254.2,0.129,0
2025-10-07T05:32:00,32.61,51.37,285.0,0.288,0
2025-10-07T05:33:00,37.42,52.34,265.6,0.263,0
2025-10-07T05:34:00,38.15,53.49,279.2,0.09,0
2025-10-07T05:35:00,32.57,53.81,269.9,0.159,0
2025-10-07T05:36:00,36.51,54.96,271.6,0.123,0
2025-10-07T05:37:00,32.45,53.81,254.9,0.226,0
2025-10-07T05:38:00,29.63,51.06,277.1,0.254,0
2025-10-07T05:39:00,37.16,51.33,226.8,0.238,0
2025-10-07T05:40:00,31.67,53.93,278.4,0.208,0
2025-10-07T05:41:00,40.87,56.84,239.1,0.273,0
2025-10-07T05:42:00,39.78,53.25,232.0,0.251,0
2025-10-07T05:43:00,37.27,54.07,237.1,0.22,0
2025-10-07T05:44:00,31.82,54.84,245.1,0.181,0
2025-10-07T05:45:00,40.9,53.86,214.9,0.196,0
2025-10-07T05:46:00,37.48,53.5,309.8,0.281,0
2025-10-07T05:47:00,34.52,51.55,244.6,0.133,0
2025-10-07T05:48:00,38.12,51.93,257.5,0.145,0
2025-10-07T05:49:00,43.41,55.64,270.3,0.167,0
2025-10-07T05:50:00,30.79,54.64,236.0,0.179,0
2025-10-07T05:51:00,37.14,49.47,262.6,0.128,0
2025-10-07T05:52:00,34.67,49.77,254.9,0.181,0
2025-10-07T05:53:00,35.54,54.58,235.6,0.131,0
2025-10-07T05:54:00,34.25,54.91,285.7,0.185,0
2025-10-07T05:55:00,39.01,53.57,300.8,0.178,0
2025-10-07T05:56:00,36.01,54.49,257.6,0.121,0
2025-10-07T05:57:00,35.56,51.3,291.5,0.266,0
2025-10-07T05:58:00,35.5,50.13,276.5,0.222,0
2025-10-07T05:59:00,38.05,51.78,257.9,0.197,0
2025-10-07T06:00:00,44.26,56.55,306.1,0.232,0
2025-10-07T06:01:00,36.76,53.84,296.2,0.172,0
2025-10-07T06:02:00,37.5,55.9,302.9,0.222,0
2025-10-07T06:03:00,43.46,54.76,312.7,0.223,0
2025-10-07T06:04:00,36.56,55.92,272.8,0.166,0
2025-10-07T06:05:00,40.37,59.3,313.3,0.231,0
2025-10-07T06:06:00,40.2,57.3,294.7,0.228,0
2025-10-07T06:07:00,35.38,54.0,298.2,0.182,0
2025-10-07T06:08:00,40.18,52.46,276.0,0.198,0
2025-10-07T06:09:00,37.38,54.66,306.7,0.235,0
2025-10-07T06:10:00,40.41,56.3,319.4,0.176,0
2025-10-07T06:11:00,43.41,52.83,341.4,0.109,0
2025-10-07T06:12:00,39.17,52.89,292.5,0.187,0
2025-10-07T06:13:00,38.04,57.78,301.8,0.064,0
2025-10-07T06:14:00,39.45,54.1,299.9,0.182,0
2025-10-07T06:15:00,41.09,51.27,291.9,0.17,0
2025-10-07T06:16:00,43.5,53.53,298.0,0.239,0
2025-10-07T06:17:00,40.12,57.67,319.9,0.257,0
2025-10-07T06:18:00,35.01,59.46,323.4,0.211,0
2025-10-07T06:19:00,40.96,56.0,295.1,0.201,0
2025-10-07T06:20:00,42.71,52.48,303.8,0.2,0
2025-10-07T06:21:00,34.32,52.68,313.6,0.186,0
2025-10-07T06:22:00,40.25,54.7,299.1,0.176,0
2025-10-07T06:23:00,36.85,58.69,321.5,0.216,0
2025-10-07T06:24:00,39.71,57.35,289.6,0.069,0
2025-10-07T06:25:00,46.27,55.44,299.9,0.234,0
2025-10-07T06:26:00,37.08,55.08,284.6,0.21,0
2025-10-07T06:27:00,40.7,57.42,309.5,0.072,0
2025-10-07T06:28:00,40.53,57.17,331.6,0.265,0
2025-10-07T06:29:00,37.81,58.58,315.7,0.233,0
2025-10-07T06:30:00,38.24,52.44,283.7,0.131,0
2025-10-07T06:31:00,37.3,54.07,302.8,0.225,0
2025-10-07T06:32:00,42.45,56.25,284.1,0.129,0
2025-10-07T06:33:00,35.56,50.55,313.2,0.224,0
2025-10-07T06:34:00,39.4,59.6,324.3,0.204,0
2025-10-07T06:35:00,40.93,56.98,320.3,0.155,0
2025-10-07T06:36:00,38.62,57.53,299.6,0.217,0
2025-10-07T06:37:00,45.05,56.07,277.1,0.08,0
2025-10-07T06:38:00,41.69,51.29,324.9,0.21,0
2025-10-07T06:39:00,37.92,57.16,278.0,0.166,0
2025-10-07T06:40:00,41.27,55.18,316.3,0.16,0
2025-10-07T06:41:00,40.03,55.33,303.8,0.158,0
2025-10-07T06:42:00,37.75,57.7,321.5,0.113,0
2025-10-07T06:43:00,36.95,57.28,298.3,0.16,0
2025-10-07T06:44:00,40.38,54.24,298.6,0.232,0
2025-10-07T06:45:00,41.11,58.94,275.6,0.217,0
2025-10-07T06:46:00,34.34,52.55,326.8,0.148,0
2025-10-07T06:47:00,46.15,55.8,305.9,0.186,0
2025-10-07T06:48:00,41.62,53.83,287.3,0.099,0
2025-10-07T06:49:00,38.07,58.17,316.8,0.192,0
2025-10-07T06:50:00,36.22,55.65,273.1,0.156,0
2025-10-07T06:51:00,39.18,57.67,290.5,0.157,0
2025-10-07T06:52:00,36.64,57.19,323.3,0.247,0
2025-10-07T06:53:00,44.42,59.16,292.9,0.227,0
2025-10-07T06:54:00,35.45,54.94,299.3,0.252,0
2025-10-07T06:55:00,38.97,58.88,295.0,0.262,0
2025-10-07T06:56:00,41.05,54.75,281.5,0.092,0
2025-10-07T06:57:00,37.63,55.83,285.7,0.183,0
2025-10-07T06:58:00,40.45,56.3,332.5,0.156,0
2025-10-07T06:59:00,39.56,54.56,328.0,0.208,0
2025-10-07T07:00:00,46.92,57.09,318.8,0.222,0
2025-10-07T07:01:00,40.88,58.08,342.3,0.227,0
2025-10-07T07:02:00,39.83,55.42,276.4,0.168,0
2025-10-07T07:03:00,49.01,56.11,374.9,0.243,0
2025-10-07T07:04:00,46.04,58.65,328.6,0.176,0
2025-10-07T07:05:00,46.12,58.34,355.3,0.151,0
2025-10-07T07:06:00,42.29,57.49,325.0,0.231,0
2025-10-07T07:07:00,48.15,55.0,355.1,0.248,0
2025-10-07T07:08:00,45.08,55.96,309.9,0.169,0
2025-10-07T07:09:00,41.17,59.66,297.2,0.192,0
2025-10-07T07:10:00,41.61,59.44,378.2,0.213,0
2025-10-07T07:11:00,42.62,59.65,341.5,0.149,0
2025-10-07T07:12:00,39.99,57.83,328.3,0.17,0
2025-10-07T07:13:00,76.48,58.32,489.0,5.571,1
2025-10-07T07:14:00,44.76,58.21,348.7,0.165,0
2025-10-07T07:15:00,42.06,57.15,328.5,0.226,0
2025-10-07T07:16:00,40.55,56.16,329.0,0.236,0
2025-10-07T07:17:00,41.74,61.37,342.6,0.171,0
2025-10-07T07:18:00,48.84,54.72,296.6,0.221,0
2025-10-07T07:19:00,46.47,58.27,294.3,0.295,0
2025-10-07T07:20:00,50.68,56.36,359.9,0.109,0
2025-10-07T07:21:00,41.2,57.04,316.5,0.201,0
2025-10-07T07:22:00,41.02,57.1,339.8,0.246,0
2025-10-07T07:23:00,41.57,57.89,307.7,0.131,0
2025-10-07T07:24:00,40.14,54.81,374.3,0.156,0
2025-10-07T07:25:00,44.6,58.78,324.8,0.2,0
2025-10-07T07:26:00,40.69,59.51,349.7,0.161,0
2025-10-07T07:27:00,46.63,56.49,331.1,0.254,0
2025-10-07T07:28:00,47.65,56.44,335.4,0.25,0
2025-10-07T07:29:00,39.87,56.21,361.5,0.267,0
2025-10-07T07:30:00,39.75,57.4,321.9,0.223,0
2025-10-07T07:31:00,45.92,58.16,356.3,0.243,0
2025-10-07T07:32:00,44.7,55.92,307.8,0.19,0
2025-10-07T07:33:00,46.04,59.3,313.9,0.242,0
2025-10-07T07:34:00,43.09,58.08,342.5,0.217,0
2025-10-07T07:35:00,41.57,57.46,366.3,0.277,0
2025-10-07T07:36:00,44.16,57.72,323.4,0.223,0
2025-10-07T07:37:00,49.58,57.64,316.1,0.199,0
2025-10-07T07:38:00,42.15,57.24,320.0,0.231,0
2025-10-07T07:39:00,45.73,57.33,328.2,0.242,0
2025-10-07T07:40:00,41.93,60.03,331.4,0.25,0
2025-10-07T07:41:00,46.23,58.15,334.2,0.245,0
2025-10-07T07:42:00,44.01,56.03,313.4,0.217,0
2025-10-07T07:43:00,46.12,58.63,348.4,0.231,0
2025-10-07T07:44:00,43.32,53.64,325.4,0.226,0
2025-10-07T07:45:00,45.49,54.56,331.8,0.202,0
2025-10-07T07:46:00,45.75,58.76,335.3,0.16,0
2025-10-07T07:47:00,46.17,56.79,341.5,0.175,0
2025-10-07T07:48:00,46.22,54.79,336.3,0.204,0
2025-10-07T07:49:00,38.55,55.76,337.2,0.253,0
2025-10-07T07:50:00,43.73,57.77,307.1,0.156,0
2025-10-07T07:51:00,48.08,57.31,373.1,0.147,0
2025-10-07T07:52:00,42.28,54.74,304.4,0.332,0
2025-10-07T07:53:00,44.82,60.63,342.6,0.177,0
2025-10-07T07:54:00,44.51,58.67,304.2,0.213,0
2025-10-07T07:55:00,42.26,53.89,363.7,0.289,0
2025-10-07T07:56:00,45.89,58.83,316.5,0.196,0
2025-10-07T07:57:00,38.75,57.42,349.9,0.129,0
2025-10-07T07:58:00,41.67,56.68,351.9,0.14,0
2025-10-07T07:59:00,37.71,56.74,366.8,0.22,0
2025-10-07T08:00:00,46.3,58.72,332.0,0.222,0
2025-10-07T08:01:00,49.87,58.25,351.6,0.219,0
2025-10-07T08:02:00,53.28,54.59,341.2,0.167,0
2025-10-07T08:03:00,52.48,57.24,341.6,0.211,0
2025-10-07T08:04:00,44.9,57.53,361.3,0.219,0
2025-10-07T08:05:00,46.44,57.41,344.1,0.236,0
2025-10-07T08:06:00,47.54,57.08,350.3,0.195,0
2025-10-07T08:07:00,51.03,60.79,363.1,0.229,0
2025-10-07T08:08:00,45.98,57.99,352.3,0.157,0
2025-10-07T08:09:00,43.87,60.26,363.9,0.236,0
2025-10-07T08:10:00,50.49,59.03,359.9,0.13,0
2025-10-07T08:11:00,49.73,58.53,349.6,0.211,0
2025-10-07T08:12:00,47.97,60.82,384.0,0.221,0
2025-10-07T08:13:00,44.69,60.65,350.9,0.196,0
2025-10-07T08:14:00,50.17,56.71,374.1,0.215,0
2025-10-07T08:15:00,90.41,58.64,458.8,5.563,1
2025-10-07T08:16:00,42.92,59.05,393.6,0.2,0
2025-10-07T08:17:00,44.87,60.17,383.0,0.137,0
2025-10-07T08:18:00,50.43,56.47,343.1,0.219,0
2025-10-07T08:19:00,46.5,61.93,365.2,0.188,0
2025-10-07T08:20:00,48.45,60.38,339.8,0.276,0
2025-10-07T08:21:00,46.19,58.91,323.9,0.167,0
2025-10-07T08:22:00,46.01,60.58,361.2,0.296,0
2025-10-07T08:23:00,44.64,56.88,360.3,0.261,0
2025-10-07T08:24:00,46.09,56.38,347.5,0.202,0
2025-10-07T08:25:00,42.7,59.54,364.9,0.208,0
2025-10-07T08:26:00,49.22,60.68,350.3,0.156,0
2025-10-07T08:27:00,43.27,59.74,353.6,0.132,0
2025-10-07T08:28:00,47.26,60.67,349.9,0.192,0
2025-10-07T08:29:00,47.32,60.01,356.5,0.168,0
2025-10-07T08:30:00,43.02,56.75,362.4,0.265,0
2025-10-07T08:31:00,51.89,61.98,349.9,0.186,0
2025-10-07T08:32:00,49.74,56.65,317.8,0.135,0
2025-10-07T08:33:00,49.49,59.46,387.4,0.127,0
2025-10-07T08:34:00,47.43,58.72,336.4,0.272,0
2025-10-07T08:35:00,44.48,60.72,329.3,0.183,0
2025-10-07T08:36:00,48.12,60.32,362.8,0.151,0
2025-10-07T08:37:00,84.39,62.09,459.9,6.428,1
2025-10-07T08:38:00,49.51,58.13,360.0,0.18,0
2025-10-07T08:39:00,55.53,60.71,364.7,0.162,0
2025-10-07T08:40:00,46.92,59.07,361.4,0.221,0
2025-10-07T08:41:00,46.2,57.89,376.3,0.241,0
2025-10-07T08:42:00,43.49,59.92,370.5,0.288,0
2025-10-07T08:43:00,46.88,60.83,412.9,0.207,0
2025-10-07T08:44:00,51.6,59.87,384.2,0.226,0
2025-10-07T08:45:00,49.63,57.84,397.2,0.173,0
2025-10-07T08:46:00,51.65,57.15,353.0,0.152,0
2025-10-07T08:47:00,45.7,62.87,381.9,0.249,0
2025-10-07T08:48:00,45.52,54.19,381.9,0.144,0
2025-10-07T08:49:00,47.19,57.54,338.1,0.22,0
2025-10-07T08:50:00,45.54,53.42,343.9,0.173,0
2025-10-07T08:51:00,51.55,59.98,366.0,0.167,0
2025-10-07T08:52:00,44.82,57.14,354.8,0.221,0
2025-10-07T08:53:00,41.35,62.21,349.5,0.199,0
2025-10-07T08:54:00,48.73,60.35,372.2,0.187,0
2025-10-07T08:55:00,45.05,58.74,329.2,0.198,0
2025-10-07T08:56:00,48.63,58.42,364.4,0.191,0
2025-10-07T08:57:00,48.73,59.52,386.9,0.231,0
2025-10-07T08:58:00,47.49,60.22,375.6,0.188,0
2025-10-07T08:59:00,46.39,57.73,393.0,0.153,0
2025-10-07T09:00:00,55.83,62.44,377.1,0.251,0
2025-10-07T09:01:00,53.65,60.32,384.4,0.179,0
2025-10-07T09:02:00,53.31,55.86,383.0,0.174,0
2025-10-07T09:03:00,53.83,55.63,415.7,0.282,0
2025-10-07T09:04:00,96.03,60.86,393.4,5.634,1
2025-10-07T09:05:00,49.49,59.04,366.9,0.207,0
2025-10-07T09:06:00,59.53,61.64,401.8,0.163,0
2025-10-07T09:07:00,47.26,57.46,370.8,0.29,0
2025-10-07T09:08:00,49.92,55.02,387.2,0.225,0
2025-10-07T09:09:00,48.04,60.21,374.1,0.161,0
2025-10-07T09:10:00,54.76,61.24,392.4,0.158,0
2025-10-07T09:11:00,49.6,60.11,387.1,0.183,0
2025-10-07T09:12:00,53.01,61.9,382.5,0.203,0
2025-10-07T09:13:00,47.11,61.64,394.7,0.209,0
2025-10-07T09:14:00,52.49,59.3,386.1,0.157,0
2025-10-07T09:15:00,52.45,60.35,404.0,0.152,0
2025-10-07T09:16:00,50.94,57.44,359.0,0.285,0
2025-10-07T09:17:00,50.54,61.39,379.2,0.248,0
2025-10-07T09:18:00,51.3,58.2,397.7,0.17,0
2025-10-07T09:19:00,46.72,61.31,364.4,0.215,0
2025-10-07T09:20:00,49.93,63.21,365.2,0.259,0
2025-10-07T09:21:00,52.91,59.28,355.1,0.153,0
2025-10-07T09:22:00,48.0,64.17,369.5,0.259,0
2025-10-07T09:23:00,50.55,60.56,372.0,0.141,0
2025-10-07T09:24:00,46.4,58.27,399.2,0.202,0
2025-10-07T09:25:00,49.75,57.48,377.8,0.254,0
2025-10-07T09:26:00,50.17,61.42,397.7,0.291,0
2025-10-07T09:27:00,49.76,62.07,399.4,0.18,0
2025-10-07T09:28:00,52.04,57.42,394.7,0.225,0
2025-10-07T09:29:00,47.94,60.88,381.6,0.198,0
2025-10-07T09:30:00,48.82,62.23,388.3,0.199,0
2025-10-07T09:31:00,48.88,58.52,404.3,0.16,0
2025-10-07T09:32:00,53.23,59.25,390.3,0.254,0
2025-10-07T09:33:00,48.47,61.99,371.8,0.274,0
2025-10-07T09:34:00,44.28,60.56,395.5,0.215,0
2025-10-07T09:35:00,50.0,59.97,369.8,0.197,0
2025-10-07T09:36:00,46.3,55.82,374.6,0.206,0
2025-10-07T09:37:00,49.05,61.28,419.6,0.193,0
2025-10-07T09:38:00,48.96,62.82,417.1,0.152,0
2025-10-07T09:39:00,47.5,60.92,374.0,0.194,0
2025-10-07T09:40:00,49.97,58.08,377.3,0.203,0
2025-10-07T09:41:00,51.54,60.53,414.8,0.21,0
2025-10-07T09:42:00,53.57,54.44,388.2,0.278,0
2025-10-07T09:43:00,53.79,63.29,366.5,0.203,0
2025-10-07T09:44:00,43.4,62.52,389.5,0.237,0
2025-10-07T09:45:00,49.58,61.77,372.9,0.26,0
2025-10-07T09:46:00,82.14,59.94,444.0,3.567,1
2025-10-07T09:47:00,48.46,60.64,393.1,0.231,0
2025-10-07T09:48:00,52.84,59.46,367.7,0.166,0
2025-10-07T09:49:00,50.26,60.3,383.8,0.193,0
2025-10-07T09:50:00,55.63,61.4,356.7,0.236,0
2025-10-07T09:51:00,52.73,54.9,401.8,0.189,0
2025-10-07T09:52:00,51.07,61.43,388.9,0.127,0
2025-10-07T09:53:00,49.92,56.12,386.0,0.213,0
2025-10-07T09:54:00,54.05,61.45,408.1,0.247,0
2025-10-07T09:55:00,50.58,60.79,379.7,0.237,0
2025-10-07T09:56:00,47.45,59.26,368.4,0.121,0
2025-10-07T09:57:00,97.89,60.57,316.1,5.5,1
2025-10-07T09:58:00,51.57,59.66,358.4,0.199,0
2025-10-07T09:59:00,44.64,59.11,359.6,0.174,0
2025-10-07T10:00:00,46.39,66.49,394.1,0.232,0
2025-10-07T10:01:00,53.23,59.96,418.0,0.15,0
2025-10-07T10:02:00,51.76,64.3,421.5,0.238,0
2025-10-07T10:03:00,52.06,60.06,369.6,0.18,0
2025-10-07T10:04:00,49.6,64.55,389.1,0.111,0
2025-10-07T10:05:00,51.76,59.73,426.6,0.191,0
2025-10-07T10:06:00,56.48,56.88,387.2,0.235,0
2025-10-07T10:07:00,51.13,63.44,409.9,0.184,0
2025-10-07T10:08:00,48.28,61.04,395.8,0.115,0
2025-10-07T10:09:00,54.28,60.63,431.2,0.128,0
2025-10-07T10:10:00,49.74,61.5,391.3,0.231,0
2025-10-07T10:11:00,54.08,63.1,431.0,0.21,0
2025-10-07T10:12:00,55.97,61.11,436.2,0.231,0
2025-10-07T10:13:00,51.12,60.47,407.9,0.185,0
2025-10-07T10:14:00,55.73,63.04,403.9,0.141,0
2025-10-07T10:15:00,50.72,60.96,446.2,0.283,0
2025-10-07T10:16:00,54.42,61.59,432.2,0.231,0
2025-10-07T10:17:00,54.84,62.28,402.0,0.176,0
2025-10-07T10:18:00,57.07,62.22,407.9,0.193,0
2025-10-07T10:19:00,53.65,65.06,372.8,0.215,0
2025-10-07T10:20:00,54.15,61.42,399.0,0.178,0
2025-10-07T10:21:00,53.72,64.36,429.3,0.221,0
2025-10-07T10:22:00,48.44,64.48,379.5,0.236,0
2025-10-07T10:23:00,55.05,61.77,404.9,0.247,0
2025-10-07T10:24:00,53.45,63.46,428.2,0.186,0
2025-10-07T10:25:00,51.52,66.34,385.9,0.221,0
2025-10-07T10:26:00,56.45,59.65,382.0,0.228,0
2025-10-07T10:27:00,50.91,57.19,417.6,0.284,0
2025-10-07T10:28:00,54.13,63.8,414.0,0.28,0
2025-10-07T10:29:00,52.1,59.57,406.1,0.159,0
2025-10-07T10:30:00,50.91,61.63,410.8,0.239,0
2025-10-07T10:31:00,50.81,61.09,417.4,0.218,0
2025-10-07T10:32:00,52.27,59.6,404.6,0.215,0
2025-10-07T10:33:00,49.96,59.44,391.7,0.153,0
2025-10-07T10:34:00,51.66,58.43,439.2,0.143,0
2025-10-07T10:35:00,51.76,61.87,362.9,0.202,0
2025-10-07T10:36:00,57.27,59.67,427.2,0.22,0
2025-10-07T10:37:00,56.61,59.52,381.3,0.21,0
2025-10-07T10:38:00,54.02,60.53,375.1,0.172,0
2025-10-07T10:39:00,54.94,65.71,353.8,0.239,0
2025-10-07T10:40:00,49.76,60.37,402.6,0.258,0
2025-10-07T10:41:00,49.3,60.3,404.0,0.119,0
2025-10-07T10:42:00,54.23,60.08,388.0,0.152,0
2025-10-07T10:43:00,53.59,63.81,401.9,0.119,0
2025-10-07T10:44:00,55.16,61.93,422.6,0.166,0
2025-10-07T10:45:00,53.26,59.37,399.7,0.208,0
2025-10-07T10:46:00,52.41,60.59,418.7,0.271,0
2025-10-07T10:47:00,57.08,62.91,432.9,0.198,0
2025-10-07T10:48:00,54.78,61.19,447.4,0.214,0
2025-10-07T10:49:00,58.72,62.47,413.4,0.167,0
2025-10-07T10:50:00,53.3,64.51,406.2,0.198,0
2025-10-07T10:51:00,55.91,61.3,421.2,0.166,0
2025-10-07T10:52:00,55.64,67.01,421.6,0.166,0
2025-10-07T10:53:00,51.14,60.61,415.8,0.129,0
2025-10-07T10:54:00,46.27,59.78,397.1,0.183,0
2025-10-07T10:55:00,56.95,61.79,398.0,0.159,0
2025-10-07T10:56:00,50.88,60.93,432.9,0.266,0
2025-10-07T10:57:00,54.93,61.51,437.4,0.097,0
2025-10-07T10:58:00,55.1,61.8,389.9,0.098,0
2025-10-07T10:59:00,53.08,61.08,390.4,0.162,0
2025-10-07T11:00:00,55.78,60.15,396.9,0.17,0
2025-10-07T11:01:00,54.59,63.46,435.4,0.179,0
2025-10-07T11:02:00,49.73,61.68,425.2,0.231,0
2025-10-07T11:03:00,53.91,60.51,435.6,0.252,0
2025-10-07T11:04:00,49.66,63.38,399.1,0.158,0
2025-10-07T11:05:00,53.62,59.25,426.9,0.156,0
2025-10-07T11:06:00,55.36,62.22,433.4,0.201,0
2025-10-07T11:07:00,61.89,62.88,406.2,0.309,0
2025-10-07T11:08:00,58.48,60.73,418.2,0.187,0
2025-10-07T11:09:00,57.51,64.81,420.4,0.166,0
2025-10-07T11:10:00,59.39,65.06,389.3,0.297,0
2025-10-07T11:11:00,52.65,58.34,403.7,0.105,0
2025-10-07T11:12:00,55.0,61.83,413.4,0.204,0
2025-10-07T11:13:00,55.37,60.85,385.6,0.148,0
2025-10-07T11:14:00,48.27,63.08,425.0,0.241,0
2025-10-07T11:15:00,51.39,63.48,412.5,0.212,0
2025-10-07T11:16:00,49.51,64.09,433.9,0.183,0
2025-10-07T11:17:00,53.65,61.18,414.5,0.243,0
2025-10-07T11:18:00,58.38,63.77,423.3,0.239,0
2025-10-07T11:19:00,54.42,65.22,390.6,0.082,0
2025-10-07T11:20:00,50.53,63.24,382.3,0.183,0
2025-10-07T11:21:00,55.35,63.3,443.8,0.2,0
2025-10-07T11:22:00,55.02,61.04,402.4,0.155,0
2025-10-07T11:23:00,56.15,60.98,430.3,0.148,0
2025-10-07T11:24:00,52.5,61.13,428.9,0.255,0
2025-10-07T11:25:00,85.27,61.72,576.5,8.029,1
2025-10-07T11:26:00,57.0,62.26,420.3,0.147,0
2025-10-07T11:27:00,53.59,61.8,396.6,0.128,0
2025-10-07T11:28:00,56.14,59.44,427.5,0.189,0
2025-10-07T11:29:00,51.38,60.12,420.9,0.298,0
2025-10-07T11:30:00,55.92,63.01,391.4,0.168,0
2025-10-07T11:31:00,50.73,64.81,431.3,0.104,0
2025-10-07T11:32:00,50.44,63.95,449.9,0.227,0
2025-10-07T11:33:00,51.35,62.41,445.2,0.204,0
2025-10-07T11:34:00,53.48,59.57,402.1,0.245,0
2025-10-07T11:35:00,54.33,61.49,399.1,0.318,0
2025-10-07T11:36:00,56.37,60.02,414.3,0.19,0
2025-10-07T11:37:00,53.76,63.09,424.0,0.152,0
2025-10-07T11:38:00,55.29,59.04,410.7,0.132,0
2025-10-07T11:39:00,50.01,65.85,438.8,0.208,0
2025-10-07T11:40:00,54.67,61.81,397.9,0.166,0
2025-10-07T11:41:00,50.74,60.79,394.5,0.267,0
2025-10-07T11:42:00,54.29,61.22,388.1,0.309,0
2025-10-07T11:43:00,53.85,60.16,417.0,0.244,0
2025-10-07T11:44:00,53.58,64.97,437.7,0.112,0
2025-10-07T11:45:00,55.74,59.82,440.3,0.259,0
2025-10-07T11:46:00,53.79,61.61,425.5,0.198,0
2025-10-07T11:47:00,51.84,60.26,407.2,0.196,0
2025-10-07T11:48:00,57.79,62.38,396.6,0.173,0
2025-10-07T11:49:00,52.04,65.05,422.7,0.194,0
2025-10-07T11:50:00,57.5,61.22,405.7,0.127,0
2025-10-07T11:51:00,54.13,61.67,410.3,0.195,0
2025-10-07T11:52:00,53.53,58.46,436.6,0.226,0
2025-10-07T11:53:00,58.4,65.46,394.6,0.21,0
2025-10-07T11:54:00,52.35,63.4,395.1,0.129,0
2025-10-07T11:55:00,45.66,67.11,402.0,0.144,0
2025-10-07T11:56:00,53.08,61.87,409.4,0.222,0
2025-10-07T11:57:00,59.45,64.76,437.7,0.222,0
2025-10-07T11:58:00,54.1,61.62,429.5,0.211,0
2025-10-07T11:59:00,50.53,62.32,393.5,0.177,0
2025-10-07T12:00:00,54.11,61.63,408.5,0.141,0
2025-10-07T12:01:00,49.95,62.54,413.9,0.188,0
2025-10-07T12:02:00,53.72,62.51,395.9,0.216,0
2025-10-07T12:03:00,47.93,61.11,429.6,0.136,0
2025-10-07T12:04:00,54.53,62.58,392.5,0.236,0
2025-10-07T12:05:00,55.06,63.81,420.9,0.309,0
2025-10-07T12:06:00,55.5,60.32,402.9,0.203,0
2025-10-07T12:07:00,53.17,59.44,423.0,0.293,0
2025-10-07T12:08:00,54.67,62.96,395.4,0.193,0
2025-10-07T12:09:00,53.68,61.28,406.8,0.149,0
2025-10-07T12:10:00,55.84,60.78,414.7,0.183,0
2025-10-07T12:11:00,55.09,61.26,425.3,0.175,0
2025-10-07T12:12:00,54.78,59.64,422.9,0.308,0
2025-10-07T12:13:00,53.13,64.02,411.3,0.18,0
2025-10-07T12:14:00,51.67,61.58,409.1,0.139,0
2025-10-07T12:15:00,56.73,57.5,392.8,0.205,0
2025-10-07T12:16:00,55.99,62.48,413.3,0.29,0
2025-10-07T12:17:00,58.33,66.56,411.9,0.155,0
2025-10-07T12:18:00,57.21,67.03,436.7,0.141,0
2025-10-07T12:19:00,51.31,62.78,415.9,0.113,0
2025-10-07T12:20:00,51.3,64.29,438.4,0.228,0
2025-10-07T12:21:00,61.2,65.39,425.2,0.172,0
2025-10-07T12:22:00,54.87,61.3,377.5,0.201,0
2025-10-07T12:23:00,54.37,63.41,386.3,0.153,0
2025-10-07T12:24:00,85.31,62.18,335.5,6.208,1
2025-10-07T12:25:00,54.48,64.53,395.6,0.255,0
2025-10-07T12:26:00,54.0,67.68,441.7,0.234,0
2025-10-07T12:27:00,55.84,66.38,419.1,0.248,0
2025-10-07T12:28:00,56.51,63.21,411.3,0.142,0
2025-10-07T12:29:00,59.16,65.41,404.9,0.137,0
2025-10-07T12:30:00,55.13,63.51,411.8,0.263,0
2025-10-07T12:31:00,57.97,64.64,412.8,0.128,0
2025-10-07T12:32:00,58.25,63.09,436.6,0.277,0
2025-10-07T12:33:00,58.26,61.81,444.4,0.173,0
2025-10-07T12:34:00,56.61,61.52,422.2,0.199,0
2025-10-07T12:35:00,55.17,64.77,438.0,0.272,0
2025-10-07T12:36:00,54.83,63.24,417.7,0.265,0
2025-10-07T12:37:00,54.67,66.09,432.9,0.175,0
2025-10-07T12:38:00,54.45,61.74,394.9,0.239,0
2025-10-07T12:39:00,56.51,59.57,413.2,0.179,0
2025-10-07T12:40:00,55.1,63.31,422.0,0.206,0
2025-10-07T12:41:00,53.32,61.49,436.7,0.2,0
2025-10-07T12:42:00,53.47,59.69,441.0,0.237,0
2025-10-07T12:43:00,57.39,64.59,438.3,0.233,0
2025-10-07T12:44:00,54.59,60.48,413.0,0.218,0
2025-10-07T12:45:00,57.76,62.28,425.3,0.277,0
2025-10-07T12:46:00,55.76,61.69,418.7,0.195,0
2025-10-07T12:47:00,55.57,58.47,408.9,0.26,0
2025-10-07T12:48:00,57.16,62.59,418.5,0.18,0
2025-10-07T12:49:00,56.18,65.1,424.8,0.193,0
2025-10-07T12:50:00,51.89,64.62,381.6,0.204,0
2025-10-07T12:51:00,53.6,66.15,401.7,0.166,0
2025-10-07T12:52:00,52.9,63.63,458.2,0.148,0
2025-10-07T12:53:00,54.23,61.49,417.5,0.158,0
2025-10-07T12:54:00,58.9,61.45,430.6,0.246,0
2025-10-07T12:55:00,52.61,63.23,452.1,0.247,0
2025-10-07T12:56:00,55.12,62.14,440.5,0.182,0
2025-10-07T12:57:00,58.49,62.73,444.5,0.217,0
2025-10-07T12:58:00,49.56,66.88,404.4,0.142,0
2025-10-07T12:59:00,55.36,65.57,438.1,0.202,0
2025-10-07T13:00:00,53.01,63.26,427.8,0.269,0
2025-10-07T13:01:00,57.47,64.01,449.8,0.213,0
2025-10-07T13:02:00,52.97,62.36,427.4,0.162,0
2025-10-07T13:03:00,53.34,62.4,406.2,0.205,0
2025-10-07T13:04:00,50.24,62.52,400.9,0.208,0
2025-10-07T13:05:00,58.15,62.78,456.5,0.101,0
2025-10-07T13:06:00,50.02,66.51,417.2,0.176,0
2025-10-07T13:07:00,49.48,62.27,410.7,0.298,0
2025-10-07T13:08:00,51.68,61.26,417.7,0.217,0
2025-10-07T13:09:00,53.26,63.82,438.2,0.204,0
2025-10-07T13:10:00,48.32,61.16,408.9,0.181,0
2025-10-07T13:11:00,57.55,59.25,443.0,0.282,0
2025-10-07T13:12:00,56.84,63.77,422.9,0.176,0
2025-10-07T13:13:00,54.0,61.47,420.4,0.16,0
2025-10-07T13:14:00,56.44,61.44,403.6,0.246,0
2025-10-07T13:15:00,58.45,64.36,438.8,0.188,0
2025-10-07T13:16:00,51.12,64.33,456.3,0.241,0
2025-10-07T13:17:00,49.01,67.28,416.7,0.211,0
2025-10-07T13:18:00,55.93,62.45,389.8,0.11,0
2025-10-07T13:19:00,48.95,65.13,421.6,0.175,0
2025-10-07T13:20:00,50.48,58.41,393.0,0.219,0
2025-10-07T13:21:00,51.25,61.94,416.9,0.196,0
2025-10-07T13:22:00,55.13,64.89,419.6,0.214,0
2025-10-07T13:23:00,54.58,64.94,410.0,0.24,0
2025-10-07T13:24:00,53.96,63.75,464.8,0.219,0
2025-10-07T13:25:00,54.71,62.01,381.7,0.184,0
2025-10-07T13:26:00,54.81,64.01,421.0,0.254,0
2025-10-07T13:27:00,56.31,61.22,424.0,0.278,0
2025-10-07T13:28:00,53.39,57.33,441.5,0.121,0
2025-10-07T13:29:00,55.76,66.99,397.2,0.184,0
2025-10-07T13:30:00,57.22,62.32,409.4,0.181,0
2025-10-07T13:31:00,53.42,60.07,405.2,0.229,0
2025-10-07T13:32:00,50.84,62.32,395.9,0.191,0
2025-10-07T13:33:00,57.44,60.5,395.2,0.205,0
2025-10-07T13:34:00,55.99,60.68,419.9,0.217,0
2025-10-07T13:35:00,56.25,60.22,403.6,0.138,0
2025-10-07T13:36:00,52.34,63.47,401.7,0.218,0
2025-10-07T13:37:00,56.62,64.3,395.0,0.107,0
2025-10-07T13:38:00,46.39,62.16,408.8,0.173,0
2025-10-07T13:39:00,57.17,63.07,405.0,0.2,0
2025-10-07T13:40:00,56.5,65.6,432.2,0.218,0
2025-10-07T13:41:00,56.51,62.77,398.6,0.176,0
2025-10-07T13:42:00,50.98,65.28,472.7,0.235,0
2025-10-07T13:43:00,55.7,66.0,443.7,0.221,0
2025-10-07T13:44:00,55.35,59.98,432.1,0.205,0
2025-10-07T13:45:00,58.53,61.97,424.5,0.206,0
2025-10-07T13:46:00,56.74,63.06,431.6,0.217,0
2025-10-07T13:47:00,56.99,64.19,424.3,0.188,0
2025-10-07T13:48:00,54.44,63.78,402.2,0.22,0
2025-10-07T13:49:00,51.89,61.49,431.5,0.145,0
2025-10-07T13:50:00,48.16,64.0,420.4,0.133,0
2025-10-07T13:51:00,55.24,58.44,410.0,0.196,0
2025-10-07T13:52:00,51.59,61.79,435.6,0.124,0
2025-10-07T13:53:00,53.46,62.72,370.9,0.182,0
2025-10-07T13:54:00,57.3,63.05,426.2,0.222,0
2025-10-07T13:55:00,55.21,61.29,410.4,0.202,0
2025-10-07T13:56:00,58.32,60.28,390.5,0.273,0
2025-10-07T13:57:00,52.69,62.85,417.7,0.17,0
2025-10-07T13:58:00,52.04,67.05,389.3,0.208,0
2025-10-07T13:59:00,53.53,58.2,431.2,0.237,0
2025-10-07T14:00:00,53.95,64.71,388.6,0.242,0
2025-10-07T14:01:00,54.98,62.44,394.2,0.253,0
2025-10-07T14:02:00,51.7,60.63,425.1,0.211,0
2025-10-07T14:03:00,47.59,62.19,391.2,0.185,0
2025-10-07T14:04:00,55.76,64.02,394.5,0.224,0
2025-10-07T14:05:00,52.02,61.51,410.5,0.142,0
2025-10-07T14:06:00,48.15,60.49,372.0,0.203,0
2025-10-07T14:07:00,54.84,62.99,408.0,0.194,0
2025-10-07T14:08:00,56.06,59.73,421.6,0.268,0
2025-10-07T14:09:00,57.49,60.0,380.7,0.219,0
2025-10-07T14:10:00,56.99,64.39,386.6,0.181,0
2025-10-07T14:11:00,57.64,62.87,407.1,0.197,0
2025-10-07T14:12:00,52.5,59.77,404.9,0.136,0
2025-10-07T14:13:00,53.17,64.38,382.5,0.232,0
2025-10-07T14:14:00,53.95,61.84,452.0,0.26,0
2025-10-07T14:15:00,58.0,61.75,413.4,0.34,0
2025-10-07T14:16:00,48.38,61.23,422.9,0.255,0
2025-10-07T14:17:00,50.04,61.36,374.0,0.271,0
2025-10-07T14:18:00,54.45,63.63,348.8,0.234,0
2025-10-07T14:19:00,51.26,61.64,394.0,0.11,0
2025-10-07T14:20:00,55.52,62.5,437.4,0.127,0
2025-10-07T14:21:00,53.35,61.24,414.8,0.218,0
2025-10-07T14:22:00,48.31,61.6,362.2,0.169,0
2025-10-07T14:23:00,50.27,59.52,391.3,0.177,0
2025-10-07T14:24:00,53.31,66.32,420.9,0.283,0
2025-10-07T14:25:00,56.85,61.72,421.9,0.203,0
2025-10-07T14:26:00,59.86,62.36,409.5,0.153,0
2025-10-07T14:27:00,87.15,62.06,435.6,3.46,1
2025-10-07T14:28:00,56.43,62.54,421.1,0.223,0
2025-10-07T14:29:00,56.46,58.69,426.3,0.203,0
2025-10-07T14:30:00,51.81,61.15,423.3,0.273,0
2025-10-07T14:31:00,56.31,62.56,372.2,0.176,0
2025-10-07T14:32:00,52.73,64.37,405.9,0.211,0
2025-10-07T14:33:00,52.83,60.37,391.1,0.245,0
2025-10-07T14:34:00,55.79,64.74,402.0,0.246,0
2025-10-07T14:35:00,52.76,61.12,394.2,0.196,0
2025-10-07T14:36:00,54.42,60.38,391.7,0.178,0
2025-10-07T14:37:00,56.73,65.93,418.5,0.138,0
2025-10-07T14:38:00,55.59,65.31,390.6,0.219,0
2025-10-07T14:39:00,53.46,60.73,366.3,0.249,0
2025-10-07T14:40:00,54.18,61.93,375.6,0.18,0
2025-10-07T14:41:00,54.91,62.09,404.2,0.225,0
2025-10-07T14:42:00,53.84,62.26,369.2,0.242,0
2025-10-07T14:43:00,45.69,63.12,417.5,0.262,0
2025-10-07T14:44:00,50.36,59.93,397.1,0.165,0
2025-10-07T14:45:00,53.64,61.65,397.6,0.117,0
2025-10-07T14:46:00,50.86,62.99,399.4,0.27,0
2025-10-07T14:47:00,58.29,63.58,426.0,0.161,0
2025-10-07T14:48:00,53.66,60.76,404.1,0.297,0
2025-10-07T14:49:00,54.99,65.95,388.9,0.16,0
2025-10-07T14:50:00,48.89,62.15,421.9,0.207,0
2025-10-07T14:51:00,54.34,60.81,408.6,0.267,0
2025-10-07T14:52:00,45.48,60.55,408.6,0.2,0
2025-10-07T14:53:00,52.04,63.04,423.0,0.221,0
2025-10-07T14:54:00,51.96,60.59,424.2,0.227,0
2025-10-07T14:55:00,54.19,66.93,387.3,0.19,0
2025-10-07T14:56:00,50.14,61.63,415.4,0.221,0
2025-10-07T14:57:00,47.4,61.55,418.3,0.259,0
2025-10-07T14:58:00,46.78,60.85,403.0,0.142,0
2025-10-07T14:59:00,47.25,62.6,403.2,0.267,0
2025-10-07T15:00:00,46.58,61.87,348.4,0.195,0
2025-10-07T15:01:00,49.5,59.2,354.4,0.21,0
2025-10-07T15:02:00,49.22,60.5,396.1,0.248,0
2025-10-07T15:03:00,53.38,59.96,338.0,0.18,0
2025-10-07T15:04:00,50.87,60.58,372.2,0.171,0
2025-10-07T15:05:00,46.29,60.32,393.2,0.144,0
2025-10-07T15:06:00,53.39,58.17,374.5,0.225,0
2025-10-07T15:07:00,55.31,60.09,391.6,0.144,0
2025-10-07T15:08:00,52.14,60.96,364.9,0.201,0
2025-10-07T15:09:00,54.5,61.07,378.3,0.184,0
2025-10-07T15:10:00,52.68,60.63,365.2,0.244,0
2025-10-07T15:11:00,52.12,61.49,388.1,0.208,0
2025-10-07T15:12:00,47.75,59.29,357.3,0.191,0
2025-10-07T15:13:00,49.67,61.96,379.1,0.23,0
2025-10-07T15:14:00,53.0,60.83,376.9,0.142,0
2025-10-07T15:15:00,47.14,58.64,441.5,0.129,0
2025-10-07T15:16:00,52.12,61.12,377.6,0.23,0
2025-10-07T15:17:00,52.71,60.2,380.7,0.21,0
2025-10-07T15:18:00,50.26,61.24,347.8,0.23,0
2025-10-07T15:19:00,54.5,65.98,333.0,0.267,0
2025-10-07T15:20:00,51.84,60.56,362.6,0.17,0
2025-10-07T15:21:00,43.81,61.68,406.3,0.177,0
2025-10-07T15:22:00,53.87,64.68,395.4,0.24,0
2025-10-07T15:23:00,48.65,60.1,356.7,0.313,0
2025-10-07T15:24:00,50.64,58.09,358.4,0.231,0
2025-10-07T15:25:00,52.45,56.3,409.4,0.303,0
2025-10-07T15:26:00,48.35,62.03,390.1,0.224,0
2025-10-07T15:27:00,52.63,61.27,397.1,0.194,0
2025-10-07T15:28:00,53.37,61.13,395.1,0.188,0
2025-10-07T15:29:00,43.04,63.83,362.5,0.141,0
2025-10-07T15:30:00,48.95,60.84,416.3,0.24,0
2025-10-07T15:31:00,51.0,61.71,391.6,0.214,0
2025-10-07T15:32:00,51.98,57.72,432.7,0.197,0
2025-10-07T15:33:00,51.09,60.81,380.9,0.183,0
2025-10-07T15:34:00,53.53,58.77,374.6,0.266,0
2025-10-07T15:35:00,51.82,59.01,360.7,0.191,0
2025-10-07T15:36:00,46.4,65.56,390.7,0.181,0
2025-10-07T15:37:00,48.37,58.09,368.1,0.207,0
2025-10-07T15:38:00,56.9,59.18,360.0,0.142,0
2025-10-07T15:39:00,46.28,60.26,419.9,0.24,0
2025-10-07T15:40:00,53.07,59.79,362.5,0.225,0
2025-10-07T15:41:00,42.92,62.69,398.9,0.201,0
2025-10-07T15:42:00,46.33,59.7,423.0,0.169,0
2025-10-07T15:43:00,47.58,62.09,395.5,0.19,0
2025-10-07T15:44:00,50.11,59.33,381.4,0.164,0
2025-10-07T15:45:00,53.79,59.97,402.6,0.209,0
2025-10-07T15:46:00,51.64,60.66,386.1,0.26,0
2025-10-07T15:47:00,51.59,56.62,371.1,0.165,0
2025-10-07T15:48:00,53.9,64.21,397.7,0.098,0
2025-10-07T15:49:00,51.98,63.44,364.4,0.087,0
2025-10-07T15:50:00,49.85,59.38,388.1,0.257,0
2025-10-07T15:51:00,47.29,62.41,396.6,0.197,0
2025-10-07T15:52:00,46.92,61.57,377.4,0.214,0
2025-10-07T15:53:00,52.75,62.25,369.9,0.218,0
2025-10-07T15:54:00,53.84,60.96,364.5,0.165,0
2025-10-07T15:55:00,45.75,64.05,371.7,0.223,0
2025-10-07T15:56:00,56.9,60.83,386.4,0.193,0
2025-10-07T15:57:00,48.5,60.32,406.0,0.192,0
2025-10-07T15:58:00,50.07,64.11,363.3,0.209,0
2025-10-07T15:59:00,53.37,59.71,353.9,0.243,0
2025-10-07T16:00:00,44.62,59.73,364.8,0.223,0
2025-10-07T16:01:00,49.69,60.86,359.3,0.223,0
2025-10-07T16:02:00,44.96,57.95,355.3,0.142,0
2025-10-07T16:03:00,49.85,59.38,375.1,0.172,0
2025-10-07T16:04:00,44.02,55.53,348.5,0.2,0
2025-10-07T16:05:00,45.45,53.43,346.0,0.231,0
2025-10-07T16:06:00,46.35,60.11,358.1,0.155,0
2025-10-07T16:07:00,45.07,56.55,353.7,0.192,0
2025-10-07T16:08:00,46.84,60.48,366.5,0.149,0
2025-10-07T16:09:00,49.09,60.34,359.4,0.134,0
2025-10-07T16:10:00,44.09,54.85,382.8,0.231,0
2025-10-07T16:11:00,42.22,63.49,385.5,0.188,0
2025-10-07T16:12:00,42.94,56.57,371.8,0.221,0
2025-10-07T16:13:00,51.36,57.98,374.5,0.23,0
2025-10-07T16:14:00,49.11,57.96,375.5,0.202,0
2025-10-07T16:15:00,46.12,60.94,364.1,0.158,0
2025-10-07T16:16:00,49.68,58.09,373.4,0.118,0
2025-10-07T16:17:00,47.92,59.86,359.3,0.105,0
2025-10-07T16:18:00,47.97,63.08,339.3,0.254,0
2025-10-07T16:19:00,48.09,61.78,358.3,0.275,0
2025-10-07T16:20:00,42.39,60.89,349.2,0.204,0
2025-10-07T16:21:00,49.14,57.39,323.1,0.258,0
2025-10-07T16:22:00,47.33,61.23,316.5,0.116,0
2025-10-07T16:23:00,40.69,58.09,378.8,0.09,0
2025-10-07T16:24:00,51.81,56.52,326.6,0.275,0
2025-10-07T16:25:00,48.57,60.11,385.1,0.206,0
2025-10-07T16:26:00,44.54,59.61,352.0,0.275,0
2025-10-07T16:27:00,47.52,60.05,355.5,0.132,0
2025-10-07T16:28:00,44.32,59.74,409.1,0.184,0
2025-10-07T16:29:00,45.48,59.51,392.4,0.157,0
2025-10-07T16:30:00,50.91,56.66,362.3,0.115,0
2025-10-07T16:31:00,45.0,59.29,348.9,0.177,0
2025-10-07T16:32:00,43.98,62.62,385.3,0.16,0
2025-10-07T16:33:00,47.26,61.26,338.9,0.223,0
2025-10-07T16:34:00,45.96,58.4,371.2,0.23,0
2025-10-07T16:35:00,47.48,60.25,387.9,0.211,0
2025-10-07T16:36:00,48.73,61.87,340.4,0.191,0
2025-10-07T16:37:00,42.51,60.4,363.0,0.189,0
2025-10-07T16:38:00,48.63,58.6,371.6,0.26,0
2025-10-07T16:39:00,53.48,59.03,333.4,0.223,0
2025-10-07T16:40:00,48.9,58.27,355.2,0.186,0
2025-10-07T16:41:00,44.93,61.93,372.3,0.254,0
2025-10-07T16:42:00,49.29,60.37,366.5,0.205,0
2025-10-07T16:43:00,48.82,58.36,359.9,0.297,0
2025-10-07T16:44:00,47.13,58.29,354.1,0.263,0
2025-10-07T16:45:00,47.15,59.04,419.5,0.267,0
2025-10-07T16:46:00,48.82,61.27,354.4,0.234,0
2025-10-07T16:47:00,44.4,60.55,375.1,0.234,0
2025-10-07T16:48:00,47.02,59.61,354.4,0.223,0
2025-10-07T16:49:00,48.84,57.44,382.8,0.205,0
2025-10-07T16:50:00,45.58,57.09,366.1,0.208,0
2025-10-07T16:51:00,48.23,61.11,340.4,0.191,0
2025-10-07T16:52:00,51.6,59.02,356.6,0.219,0
2025-10-07T16:53:00,50.55,61.51,341.8,0.192,0
2025-10-07T16:54:00,52.27,60.38,319.4,0.248,0
2025-10-07T16:55:00,48.33,62.52,347.4,0.257,0
2025-10-07T16:56:00,46.09,64.76,397.6,0.177,0
2025-10-07T16:57:00,47.72,54.17,338.4,0.275,0
2025-10-07T16:58:00,47.64,57.46,378.3,0.237,0
2025-10-07T16:59:00,50.5,57.27,369.4,0.293,0
2025-10-07T17:00:00,41.4,59.08,347.3,0.15,0
2025-10-07T17:01:00,43.25,57.97,305.6,0.159,0
2025-10-07T17:02:00,39.52,59.37,320.0,0.094,0
2025-10-07T17:03:00,40.79,57.14,288.3,0.161,0
2025-10-07T17:04:00,42.88,58.6,335.7,0.11,0
2025-10-07T17:05:00,41.14,59.52,367.5,0.242,0
2025-10-07T17:06:00,42.7,56.53,335.0,0.179,0
2025-10-07T17:07:00,47.66,58.15,339.3,0.222,0
2025-10-07T17:08:00,45.02,57.2,349.5,0.226,0
2025-10-07T17:09:00,47.81,59.77,333.2,0.292,0
2025-10-07T17:10:00,41.83,55.11,322.2,0.173,0
2025-10-07T17:11:00,42.6,55.92,288.0,0.249,0
2025-10-07T17:12:00,43.44,56.53,363.3,0.149,0
2025-10-07T17:13:00,39.34,57.39,324.6,0.232,0
2025-10-07T17:14:00,45.09,52.47,355.7,0.267,0
2025-10-07T17:15:00,46.21,56.99,349.2,0.165,0
2025-10-07T17:16:00,40.84,54.11,375.2,0.172,0
2025-10-07T17:17:00,44.41,57.08,334.2,0.226,0
2025-10-07T17:18:00,40.66,59.24,322.6,0.175,0
2025-10-07T17:19:00,44.3,59.87,366.2,0.164,0
2025-10-07T17:20:00,42.12,57.1,358.7,0.225,0
2025-10-07T17:21:00,41.57,57.25,273.7,0.191,0
2025-10-07T17:22:00,44.87,55.76,315.4,0.234,0
2025-10-07T17:23:00,39.91,54.12,327.9,0.179,0
2025-10-07T17:24:00,42.48,55.18,333.7,0.174,0
2025-10-07T17:25:00,42.58,59.5,318.8,0.157,0
2025-10-07T17:26:00,44.07,57.03,348.0,0.184,0
2025-10-07T17:27:00,47.95,57.45,318.3,0.289,0
2025-10-07T17:28:00,44.34,52.98,331.6,0.204,0
2025-10-07T17:29:00,39.23,55.26,295.8,0.189,0
2025-10-07T17:30:00,43.51,56.75,342.8,0.155,0
2025-10-07T17:31:00,45.91,61.19,330.1,0.17,0
2025-10-07T17:32:00,47.36,57.91,311.6,0.164,0
2025-10-07T17:33:00,46.13,59.85,302.4,0.267,0
2025-10-07T17:34:00,41.0,56.8,342.3,0.197,0
2025-10-07T17:35:00,41.22,55.75,290.1,0.287,0
2025-10-07T17:36:00,40.47,55.18,323.6,0.095,0
2025-10-07T17:37:00,45.31,60.02,309.5,0.162,0
2025-10-07T17:38:00,42.18,55.4,299.5,0.252,0
2025-10-07T17:39:00,45.56,58.71,342.1,0.126,0
2025-10-07T17:40:00,43.91,57.45,328.4,0.206,0
2025-10-07T17:41:00,39.9,57.87,321.0,0.275,0
2025-10-07T17:42:00,43.35,61.04,335.8,0.243,0
2025-10-07T17:43:00,47.26,58.66,346.6,0.203,0
2025-10-07T17:44:00,44.28,57.67,322.8,0.234,0
2025-10-07T17:45:00,42.18,56.32,305.4,0.169,0
2025-10-07T17:46:00,42.62,57.57,304.9,0.224,0
2025-10-07T17:47:00,44.6,57.56,351.5,0.192,0
2025-10-07T17:48:00,45.15,57.74,363.5,0.182,0
2025-10-07T17:49:00,68.02,55.85,342.6,6.112,1
2025-10-07T17:50:00,41.23,51.09,333.7,0.214,0
2025-10-07T17:51:00,46.75,55.72,357.6,0.193,0
2025-10-07T17:52:00,42.29,60.97,354.5,0.188,0
2025-10-07T17:53:00,44.7,57.21,315.4,0.193,0
2025-10-07T17:54:00,41.28,61.09,326.4,0.145,0
2025-10-07T17:55:00,48.91,59.69,328.5,0.216,0
2025-10-07T17:56:00,47.5,61.12,333.2,0.19,0
2025-10-07T17:57:00,40.7,59.56,365.0,0.18,0
2025-10-07T17:58:00,45.45,56.17,341.9,0.164,0
2025-10-07T17:59:00,41.84,56.37,356.3,0.168,0
2025-10-07T18:00:00,34.74,57.48,338.8,0.291,0
2025-10-07T18:01:00,34.06,55.47,289.9,0.206,0
2025-10-07T18:02:00,75.48,52.89,415.9,6.584,1
2025-10-07T18:03:00,40.21,56.8,257.3,0.119,0
2025-10-07T18:04:00,37.44,54.23,274.1,0.183,0
2025-10-07T18:05:00,40.02,58.64,315.0,0.169,0
2025-10-07T18:06:00,37.25,56.27,309.0,0.273,0
2025-10-07T18:07:00,43.81,51.65,305.2,0.18,0
2025-10-07T18:08:00,39.18,56.45,320.8,0.212,0
2025-10-07T18:09:00,38.46,54.95,319.2,0.229,0
2025-10-07T18:10:00,42.1,53.92,298.2,0.253,0
2025-10-07T18:11:00,44.49,54.1,269.3,0.112,0
2025-10-07T18:12:00,40.89,56.51,309.5,0.242,0
2025-10-07T18:13:00,38.16,55.23,311.9,0.261,0
2025-10-07T18:14:00,41.55,54.09,268.8,0.182,0
2025-10-07T18:15:00,77.17,54.45,304.3,4.567,1
2025-10-07T18:16:00,38.21,56.88,339.6,0.274,0
2025-10-07T18:17:00,33.51,56.01,304.6,0.178,0
2025-10-07T18:18:00,39.34,48.88,290.4,0.231,0
2025-10-07T18:19:00,37.87,56.94,296.6,0.145,0
2025-10-07T18:20:00,39.92,54.28,268.7,0.1,0
2025-10-07T18:21:00,41.57,55.04,333.3,0.194,0
2025-10-07T18:22:00,42.27,54.71,283.4,0.203,0
2025-10-07T18:23:00,34.75,54.38,271.8,0.157,0
2025-10-07T18:24:00,39.7,52.82,331.4,0.179,0
2025-10-07T18:25:00,35.63,54.96,312.8,0.215,0
2025-10-07T18:26:00,42.27,53.43,302.5,0.137,0
2025-10-07T18:27:00,40.87,55.83,299.7,0.196,0
2025-10-07T18:28:00,36.78,55.53,314.5,0.244,0
2025-10-07T18:29:00,35.25,53.0,299.3,0.182,0
2025-10-07T18:30:00,39.35,54.45,294.0,0.195,0
2025-10-07T18:31:00,43.37,54.8,307.8,0.178,0
2025-10-07T18:32:00,34.5,58.53,238.7,0.241,0
2025-10-07T18:33:00,43.65,55.28,288.3,0.231,0
2025-10-07T18:34:00,39.73,56.17,316.7,0.211,0
2025-10-07T18:35:00,43.71,53.33,293.7,0.145,0
2025-10-07T18:36:00,34.68,58.6,315.8,0.162,0
2025-10-07T18:37:00,36.96,58.35,308.1,0.234,0
2025-10-07T18:38:00,37.31,55.02,290.3,0.227,0
2025-10-07T18:39:00,40.08,53.04,298.5,0.195,0
2025-10-07T18:40:00,36.13,53.87,318.4,0.246,0
2025-10-07T18:41:00,44.86,55.06,291.2,0.28,0
2025-10-07T18:42:00,38.39,56.12,280.4,0.238,0
2025-10-07T18:43:00,33.98,54.47,293.5,0.168,0
2025-10-07T18:44:00,42.49,54.13,317.9,0.171,0
2025-10-07T18:45:00,37.65,50.69,308.6,0.147,0
2025-10-07T18:46:00,40.67,51.36,337.7,0.083,0
2025-10-07T18:47:00,38.73,55.13,263.0,0.233,0
2025-10-07T18:48:00,40.29,55.37,281.7,0.252,0
2025-10-07T18:49:00,42.21,54.38,310.4,0.163,0
2025-10-07T18:50:00,44.05,59.29,306.8,0.311,0
2025-10-07T18:51:00,38.7,56.85,312.9,0.179,0
2025-10-07T18:52:00,44.1,52.82,290.1,0.211,0
2025-10-07T18:53:00,35.6,54.85,290.3,0.104,0
2025-10-07T18:54:00,36.16,57.42,309.3,0.179,0
2025-10-07T18:55:00,44.33,54.03,337.2,0.21,0
2025-10-07T18:56:00,41.91,57.79,323.5,0.091,0
2025-10-07T18:57:00,42.17,55.18,316.6,0.163,0
2025-10-07T18:58:00,42.85,56.38,329.7,0.143,0
2025-10-07T18:59:00,39.01,53.94,266.4,0.184,0
2025-10-07T19:00:00,37.46,55.34,295.3,0.204,0
2025-10-07T19:01:00,33.08,52.49,265.3,0.137,0
2025-10-07T19:02:00,29.5,51.68,304.0,0.232,0
2025-10-07T19:03:00,34.91,53.26,276.1,0.268,0
2025-10-07T19:04:00,42.31,53.09,267.4,0.187,0
2025-10-07T19:05:00,35.78,51.24,259.9,0.19,0
2025-10-07T19:06:00,38.51,52.73,281.8,0.154,0
2025-10-07T19:07:00,32.93,51.73,271.6,0.175,0
2025-10-07T19:08:00,36.43,54.42,253.6,0.199,0
2025-10-07T19:09:00,39.72,52.13,244.7,0.17,0
2025-10-07T19:10:00,36.76,53.16,236.8,0.211,0
2025-10-07T19:11:00,35.86,53.87,266.4,0.148,0
2025-10-07T19:12:00,40.1,52.31,252.0,0.176,0
2025-10-07T19:13:00,41.09,51.62,283.4,0.224,0
2025-10-07T19:14:00,39.07,50.0,291.8,0.256,0
2025-10-07T19:15:00,36.73,54.19,277.1,0.212,0
2025-10-07T19:16:00,37.64,53.2,260.6,0.161,0
2025-10-07T19:17:00,34.09,51.0,285.5,0.227,0
2025-10-07T19:18:00,35.28,53.99,271.6,0.219,0
2025-10-07T19:19:00,38.18,52.91,253.8,0.269,0
2025-10-07T19:20:00,36.5,54.75,243.8,0.225,0
2025-10-07T19:21:00,36.91,48.51,282.3,0.23,0
2025-10-07T19:22:00,31.92,52.49,271.3,0.345,0
2025-10-07T19:23:00,38.07,53.06,284.2,0.263,0
2025-10-07T19:24:00,35.53,52.23,292.8,0.207,0
2025-10-07T19:25:00,35.48,51.63,203.5,0.194,0
2025-10-07T19:26:00,34.83,52.52,257.9,0.245,0
2025-10-07T19:27:00,39.01,51.08,267.7,0.249,0
2025-10-07T19:28:00,34.66,51.2,261.1,0.239,0
2025-10-07T19:29:00,42.67,53.4,269.4,0.143,0
2025-10-07T19:30:00,37.39,53.16,230.0,0.238,0
2025-10-07T19:31:00,34.3,52.76,275.8,0.181,0
2025-10-07T19:32:00,40.35,54.11,265.2,0.229,0
2025-10-07T19:33:00,37.56,52.9,268.3,0.225,0
2025-10-07T19:34:00,33.18,54.18,280.3,0.239,0
2025-10-07T19:35:00,35.28,52.31,287.7,0.176,0
2025-10-07T19:36:00,32.12,55.23,244.8,0.15,0
2025-10-07T19:37:00,37.11,51.53,258.7,0.279,0
2025-10-07T19:38:00,37.85,55.47,275.7,0.143,0
2025-10-07T19:39:00,44.56,54.47,277.4,0.215,0
2025-10-07T19:40:00,33.29,55.24,255.8,0.285,0
2025-10-07T19:41:00,38.86,54.67,291.9,0.177,0
2025-10-07T19:42:00,39.26,58.5,255.7,0.189,0
2025-10-07T19:43:00,38.29,55.49,261.7,0.149,0
2025-10-07T19:44:00,38.39,53.68,287.0,0.27,0
2025-10-07T19:45:00,29.29,52.18,290.5,0.207,0
2025-10-07T19:46:00,36.65,51.88,322.3,0.267,0
2025-10-07T19:47:00,37.19,51.61,224.3,0.179,0
2025-10-07T19:48:00,33.61,48.0,258.3,0.169,0
2025-10-07T19:49:00,40.53,51.59,282.9,0.177,0
2025-10-07T19:50:00,36.87,52.96,259.6,0.225,0
2025-10-07T19:51:00,36.9,51.88,264.8,0.237,0
2025-10-07T19:52:00,40.8,53.83,250.0,0.291,0
2025-10-07T19:53:00,44.31,55.88,297.1,0.192,0
2025-10-07T19:54:00,35.22,53.36,300.0,0.261,0
2025-10-07T19:55:00,32.7,54.76,288.1,0.19,0
2025-10-07T19:56:00,40.85,53.04,236.9,0.161,0
2025-10-07T19:57:00,32.64,57.24,262.8,0.225,0
2025-10-07T19:58:00,43.51,52.94,242.0,0.156,0
2025-10-07T19:59:00,36.96,52.85,280.5,0.183,0
2025-10-07T20:00:00,33.65,50.45,254.0,0.183,0
2025-10-07T20:01:00,34.26,51.32,240.2,0.263,0
2025-10-07T20:02:00,38.67,50.59,230.3,0.147,0
2025-10-07T20:03:00,36.26,53.09,274.1,0.283,0
2025-10-07T20:04:00,34.94,45.75,228.9,0.221,0
2025-10-07T20:05:00,32.65,53.3,245.6,0.315,0
2025-10-07T20:06:00,28.01,54.91,236.3,0.313,0
2025-10-07T20:07:00,32.96,53.25,267.7,0.147,0
2025-10-07T20:08:00,33.24,49.57,274.1,0.192,0
2025-10-07T20:09:00,28.44,52.2,223.1,0.247,0
2025-10-07T20:10:00,30.16,53.79,241.1,0.276,0
2025-10-07T20:11:00,31.12,49.39,237.8,0.171,0
2025-10-07T20:12:00,41.01,49.83,232.0,0.193,0
2025-10-07T20:13:00,34.95,51.37,252.6,0.151,0
2025-10-07T20:14:00,37.31,55.12,225.9,0.231,0
2025-10-07T20:15:00,32.61,48.02,257.3,0.197,0
2025-10-07T20:16:00,27.14,49.75,245.6,0.14,0
2025-10-07T20:17:00,32.04,49.19,284.9,0.228,0
2025-10-07T20:18:00,36.01,49.39,257.5,0.211,0
2025-10-07T20:19:00,27.51,50.45,220.8,0.196,0
2025-10-07T20:20:00,31.61,51.02,233.4,0.189,0
2025-10-07T20:21:00,30.81,48.31,244.3,0.173,0
2025-10-07T20:22:00,25.83,52.66,271.2,0.244,0
2025-10-07T20:23:00,32.91,46.04,229.8,0.157,0
2025-10-07T20:24:00,30.84,53.22,228.9,0.279,0
2025-10-07T20:25:00,27.31,51.49,232.9,0.274,0
2025-10-07T20:26:00,34.64,53.64,258.4,0.237,0
2025-10-07T20:27:00,30.98,51.96,243.9,0.22,0
2025-10-07T20:28:00,31.58,48.94,212.3,0.206,0
2025-10-07T20:29:00,27.57,50.87,268.9,0.191,0
2025-10-07T20:30:00,38.51,51.82,229.3,0.245,0
2025-10-07T20:31:00,35.87,49.68,243.6,0.2,0
2025-10-07T20:32:00,28.05,51.33,251.3,0.26,0
2025-10-07T20:33:00,29.04,53.72,241.6,0.088,0
2025-10-07T20:34:00,29.69,48.07,240.6,0.312,0
2025-10-07T20:35:00,29.2,50.18,237.9,0.192,0
2025-10-07T20:36:00,32.63,54.36,262.3,0.158,0
2025-10-07T20:37:00,36.69,52.01,264.4,0.227,0
2025-10-07T20:38:00,28.18,50.66,218.1,0.21,0
2025-10-07T20:39:00,27.61,51.13,208.7,0.282,0
2025-10-07T20:40:00,33.57,51.03,219.0,0.263,0
2025-10-07T20:41:00,35.95,52.55,277.9,0.226,0
2025-10-07T20:42:00,29.26,50.69,266.1,0.144,0
2025-10-07T20:43:00,29.59,48.6,188.6,0.066,0
2025-10-07T20:44:00,28.25,49.75,236.0,0.16,0
2025-10-07T20:45:00,34.19,50.36,231.2,0.213,0
2025-10-07T20:46:00,26.25,48.8,248.4,0.176,0
2025-10-07T20:47:00,32.08,47.94,221.0,0.309,0
2025-10-07T20:48:00,35.96,49.05,214.9,0.066,0
2025-10-07T20:49:00,37.15,52.08,241.2,0.091,0
2025-10-07T20:50:00,34.96,51.63,239.4,0.173,0
2025-10-07T20:51:00,38.22,50.8,238.5,0.207,0
2025-10-07T20:52:00,33.97,53.77,248.3,0.18,0
2025-10-07T20:53:00,34.82,50.62,242.5,0.206,0
2025-10-07T20:54:00,30.87,49.25,213.9,0.161,0
2025-10-07T20:55:00,30.64,48.87,283.3,0.193,0
2025-10-07T20:56:00,29.5,51.16,242.5,0.139,0
2025-10-07T20:57:00,30.45,52.93,242.0,0.21,0
2025-10-07T20:58:00,28.55,52.6,250.4,0.191,0
2025-10-07T20:59:00,29.32,52.89,251.9,0.243,0
2025-10-07T21:00:00,27.81,45.97,214.3,0.208,0
2025-10-07T21:01:00,37.36,48.36,226.9,0.181,0
2025-10-07T21:02:00,73.13,46.03,433.1,5.746,1
2025-10-07T21:03:00,29.15,51.01,202.4,0.166,0
2025-10-07T21:04:00,27.9,52.23,212.8,0.222,0
2025-10-07T21:05:00,27.38,46.78,199.7,0.147,0
2025-10-07T21:06:00,27.58,49.88,185.2,0.211,0
2025-10-07T21:07:00,27.62,46.67,207.1,0.107,0
2025-10-07T21:08:00,31.25,51.63,195.6,0.236,0
2025-10-07T21:09:00,26.22,50.34,220.8,0.177,0
2025-10-07T21:10:00,29.81,49.91,216.4,0.205,0
2025-10-07T21:11:00,28.7,50.15,213.9,0.223,0
2025-10-07T21:12:00,29.76,46.66,187.8,0.199,0
2025-10-07T21:13:00,21.07,50.62,245.6,0.191,0
2025-10-07T21:14:00,25.35,45.53,208.4,0.197,0
2025-10-07T21:15:00,25.82,49.37,193.9,0.218,0
2025-10-07T21:16:00,28.42,47.2,227.9,0.194,0
2025-10-07T21:17:00,27.42,46.11,227.2,0.209,0
2025-10-07T21:18:00,33.34,46.47,250.9,0.183,0
2025-10-07T21:19:00,26.64,44.1,216.9,0.238,0
2025-10-07T21:20:00,24.38,48.5,217.8,0.216,0
2025-10-07T21:21:00,31.21,48.64,228.5,0.256,0
2025-10-07T21:22:00,22.01,49.21,213.0,0.155,0
2025-10-07T21:23:00,33.32,48.3,207.3,0.18,0
2025-10-07T21:24:00,28.07,48.36,254.4,0.182,0
2025-10-07T21:25:00,24.58,47.62,219.9,0.2,0
2025-10-07T21:26:00,28.32,49.93,237.0,0.265,0
2025-10-07T21:27:00,27.56,49.86,223.1,0.125,0
2025-10-07T21:28:00,22.46,51.76,212.8,0.268,0
2025-10-07T21:29:00,33.0,46.9,206.2,0.232,0
2025-10-07T21:30:00,31.32,48.96,227.7,0.168,0
2025-10-07T21:31:00,30.96,52.22,235.3,0.2,0
2025-10-07T21:32:00,32.71,50.12,259.9,0.222,0
2025-10-07T21:33:00,28.47,49.4,203.1,0.175,0
2025-10-07T21:34:00,32.99,47.78,224.1,0.292,0
2025-10-07T21:35:00,29.06,51.39,195.3,0.2,0
2025-10-07T21:36:00,25.49,51.11,215.5,0.184,0
2025-10-07T21:37:00,28.76,47.47,203.6,0.244,0
2025-10-07T21:38:00,26.63,49.2,224.0,0.234,0
2025-10-07T21:39:00,27.27,47.6,204.2,0.186,0
2025-10-07T21:40:00,27.05,47.87,208.4,0.242,0
2025-10-07T21:41:00,30.81,48.77,189.7,0.268,0
2025-10-07T21:42:00,29.33,47.16,253.4,0.223,0
2025-10-07T21:43:00,30.07,45.84,191.3,0.211,0
2025-10-07T21:44:00,30.99,51.06,211.9,0.184,0
2025-10-07T21:45:00,25.58,50.26,230.5,0.129,0
2025-10-07T21:46:00,33.47,50.47,233.2,0.242,0
2025-10-07T21:47:00,28.39,47.53,237.1,0.177,0
2025-10-07T21:48:00,30.65,52.69,205.8,0.226,0
2025-10-07T21:49:00,24.27,47.44,244.9,0.247,0
2025-10-07T21:50:00,35.91,46.16,216.2,0.167,0
2025-10-07T21:51:00,28.97,52.04,217.5,0.2,0
2025-10-07T21:52:00,29.97,51.96,217.1,0.227,0
2025-10-07T21:53:00,32.98,49.19,224.7,0.21,0
2025-10-07T21:54:00,32.7,46.99,201.1,0.248,0
2025-10-07T21:55:00,28.65,51.09,215.7,0.155,0
2025-10-07T21:56:00,30.31,48.13,221.6,0.188,0
2025-10-07T21:57:00,22.31,47.63,216.9,0.121,0
2025-10-07T21:58:00,26.94,49.04,193.3,0.332,0
2025-10-07T21:59:00,28.54,50.86,241.3,0.199,0
2025-10-07T22:00:00,27.96,48.38,205.6,0.214,0
2025-10-07T22:01:00,26.83,47.05,183.0,0.148,0
2025-10-07T22:02:00,28.17,47.6,178.6,0.182,0
2025-10-07T22:03:00,26.91,49.03,188.0,0.183,0
2025-10-07T22:04:00,30.58,49.47,210.7,0.139,0
2025-10-07T22:05:00,21.46,45.63,186.8,0.118,0
2025-10-07T22:06:00,26.96,49.25,173.6,0.123,0
2025-10-07T22:07:00,31.41,50.23,143.8,0.21,0
2025-10-07T22:08:00,30.47,49.16,186.6,0.081,0
2025-10-07T22:09:00,22.4,50.21,182.9,0.161,0
2025-10-07T22:10:00,25.42,48.47,177.7,0.199,0
2025-10-07T22:11:00,22.9,51.28,195.5,0.146,0
2025-10-07T22:12:00,28.32,47.95,187.9,0.136,0
2025-10-07T22:13:00,27.44,48.99,181.1,0.22,0
2025-10-07T22:14:00,25.62,46.51,192.0,0.173,0
2025-10-07T22:15:00,26.61,46.19,184.7,0.182,0
2025-10-07T22:16:00,26.45,46.9,173.5,0.202,0
2025-10-07T22:17:00,32.59,46.87,190.6,0.21,0
2025-10-07T22:18:00,26.57,49.67,205.3,0.155,0
2025-10-07T22:19:00,30.15,46.6,180.9,0.144,0
2025-10-07T22:20:00,27.95,47.42,161.5,0.222,0
2025-10-07T22:21:00,30.84,49.23,208.4,0.299,0
2025-10-07T22:22:00,28.13,47.11,198.1,0.223,0
2025-10-07T22:23:00,29.73,50.96,217.4,0.172,0
2025-10-07T22:24:00,17.89,49.09,192.2,0.157,0
2025-10-07T22:25:00,24.93,46.96,186.8,0.228,0
2025-10-07T22:26:00,68.01,47.63,305.0,8.082,1
2025-10-07T22:27:00,27.25,47.28,169.9,0.293,0
2025-10-07T22:28:00,24.05,52.33,164.0,0.164,0
2025-10-07T22:29:00,23.98,47.58,203.3,0.306,0
2025-10-07T22:30:00,23.28,50.29,184.7,0.185,0
2025-10-07T22:31:00,27.55,48.77,164.8,0.158,0
2025-10-07T22:32:00,22.68,49.47,238.0,0.261,0
2025-10-07T22:33:00,23.15,44.69,197.0,0.171,0
2025-10-07T22:34:00,28.8,48.01,201.3,0.212,0
2025-10-07T22:35:00,28.58,45.77,204.5,0.146,0
2025-10-07T22:36:00,27.09,49.18,176.2,0.19,0
2025-10-07T22:37:00,27.64,47.27,139.7,0.208,0
2025-10-07T22:38:00,24.13,49.62,232.0,0.169,0
2025-10-07T22:39:00,26.65,48.41,214.6,0.18,0
2025-10-07T22:40:00,29.72,43.51,173.3,0.265,0
2025-10-07T22:41:00,24.09,43.01,208.6,0.176,0
2025-10-07T22:42:00,27.14,47.51,186.1,0.073,0
2025-10-07T22:43:00,26.66,47.38,170.6,0.251,0
2025-10-07T22:44:00,32.09,44.25,232.0,0.185,0
2025-10-07T22:45:00,29.67,50.32,165.5,0.245,0
2025-10-07T22:46:00,21.23,46.77,216.1,0.324,0
2025-10-07T22:47:00,25.52,47.06,220.7,0.233,0
2025-10-07T22:48:00,23.13,47.28,221.8,0.217,0
2025-10-07T22:49:00,27.15,49.41,193.7,0.246,0
2025-10-07T22:50:00,26.15,49.17,204.5,0.227,0
2025-10-07T22:51:00,23.45,49.58,178.3,0.203,0
2025-10-07T22:52:00,29.08,47.09,212.7,0.172,0
2025-10-07T22:53:00,23.2,48.05,183.3,0.228,0
2025-10-07T22:54:00,26.12,48.8,225.9,0.295,0
2025-10-07T22:55:00,27.85,50.34,226.7,0.179,0
2025-10-07T22:56:00,24.06,49.31,177.5,0.159,0
2025-10-07T22:57:00,22.89,50.11,171.3,0.191,0
2025-10-07T22:58:00,26.07,46.73,173.3,0.184,0
2025-10-07T22:59:00,27.37,48.4,219.6,0.215,0
2025-10-07T23:00:00,21.4,49.94,214.9,0.218,0
2025-10-07T23:01:00,28.73,50.25,200.4,0.098,0
2025-10-07T23:02:00,24.92,44.6,177.8,0.254,0
2025-10-07T23:03:00,24.65,46.05,190.1,0.204,0
2025-10-07T23:04:00,25.52,48.26,187.0,0.239,0
2025-10-07T23:05:00,26.36,49.25,172.1,0.231,0
2025-10-07T23:06:00,27.29,50.76,189.5,0.232,0
2025-10-07T23:07:00,27.5,44.41,187.2,0.172,0
2025-10-07T23:08:00,25.88,49.03,175.7,0.205,0
2025-10-07T23:09:00,26.91,47.4,181.9,0.255,0
2025-10-07T23:10:00,24.98,45.72,151.8,0.249,0
2025-10-07T23:11:00,25.45,47.09,184.4,0.138,0
2025-10-07T23:12:00,19.49,47.05,198.9,0.27,0
2025-10-07T23:13:00,24.9,45.89,192.7,0.202,0
2025-10-07T23:14:00,27.92,48.37,219.3,0.139,0
2025-10-07T23:15:00,23.02,46.13,157.4,0.145,0
2025-10-07T23:16:00,28.62,49.46,155.2,0.157,0
2025-10-07T23:17:00,27.16,46.76,181.4,0.159,0
2025-10-07T23:18:00,66.79,42.73,16.5,5.392,1
2025-10-07T23:19:00,26.83,47.68,166.2,0.104,0
2025-10-07T23:20:00,17.27,46.71,167.5,0.166,0
2025-10-07T23:21:00,25.22,51.34,195.7,0.192,0
2025-10-07T23:22:00,23.33,46.16,216.2,0.237,0
2025-10-07T23:23:00,26.73,46.52,134.2,0.227,0
2025-10-07T23:24:00,63.28,44.34,296.0,5.495,1
2025-10-07T23:25:00,17.94,46.78,231.8,0.183,0
2025-10-07T23:26:00,24.33,46.47,209.9,0.201,0
2025-10-07T23:27:00,19.64,51.28,209.0,0.199,0
2025-10-07T23:28:00,24.53,48.9,169.0,0.19,0
2025-10-07T23:29:00,24.88,46.48,180.8,0.137,0
2025-10-07T23:30:00,27.29,47.06,184.7,0.187,0
2025-10-07T23:31:00,25.3,45.44,218.5,0.191,0
2025-10-07T23:32:00,23.67,47.19,154.7,0.17,0
2025-10-07T23:33:00,27.91,46.99,173.8,0.132,0
2025-10-07T23:34:00,26.98,48.38,201.8,0.196,0
2025-10-07T23:35:00,29.02,45.28,196.4,0.304,0
2025-10-07T23:36:00,26.06,46.53,149.4,0.262,0
2025-10-07T23:37:00,28.7,45.6,170.3,0.225,0
2025-10-07T23:38:00,22.15,46.22,182.5,0.145,0
2025-10-07T23:39:00,26.24,47.04,126.7,0.283,0
2025-10-07T23:40:00,28.23,47.51,189.7,0.151,0
2025-10-07T23:41:00,22.84,48.79,173.3,0.201,0
2025-10-07T23:42:00,27.75,46.8,161.6,0.28,0
2025-10-07T23:43:00,26.87,44.7,212.1,0.219,0
2025-10-07T23:44:00,30.8,48.22,154.2,0.1,0
2025-10-07T23:45:00,26.37,48.48,153.9,0.153,0
2025-10-07T23:46:00,28.67,51.09,167.0,0.258,0
2025-10-07T23:47:00,29.74,49.49,157.3,0.204,0
2025-10-07T23:48:00,23.48,49.12,188.6,0.208,0
2025-10-07T23:49:00,27.11,48.24,191.1,0.201,0
2025-10-07T23:50:00,25.84,48.09,181.2,0.137,0
2025-10-07T23:51:00,28.99,47.45,184.4,0.141,0
2025-10-07T23:52:00,31.35,47.24,126.5,0.103,0
2025-10-07T23:53:00,25.74,47.53,171.9,0.198,0
2025-10-07T23:54:00,26.84,47.74,179.2,0.236,0
2025-10-07T23:55:00,28.29,44.22,190.5,0.222,0
2025-10-07T23:56:00,24.87,41.81,148.9,0.241,0
2025-10-07T23:57:00,58.63,46.91,180.1,6.573,1
2025-10-07T23:58:00,28.22,47.88,191.3,0.208,0
2025-10-07T23:59:00,21.7,46.31,196.7,0.346,0
